{
  "features": [
    {
      "geometry": {
        "coordinates": [
          [
            [
              31.335730782102992,
              30.083829560345315
            ],
            [
              31.331239205682394,
              30.083829560345315
            ],
            [
              31.331239205682394,
              30.08470327219282
            ],
            [
              31.3330202,
              30.0849553
            ],
            [
              31.3344929,
              30.0864727
            ],
            [
              31.335730782102992,
              30.08589819288575
            ],
            [
              31.335730782102992,
              30.083829560345315
            ]
          ]
        ],
        "type": "Polygon"
      },
      "properties": {
        "centroid": {
          "latitude": 30.084780191197,
          "longitude": 31.333933656263
        },
        "population": 1549.802340719376,
        "zone_id": "NSR-GRID-001"
      },
      "type": "Feature"
    },
    {
      "geometry": {
        "coordinates": [
          [
            [
              31.335730782102992,
              30.083829560345315
            ],
            [
              31.335730782102992,
              30.08589819288575
            ],
            [
              31.3358566,
              30.0858398
            ],
            [
              31.3387371,
              30.084446
            ],
            [
              31.34002192159258,
              30.083829560345315
            ],
            [
              31.335730782102992,
              30.083829560345315
            ]
          ]
        ],
        "type": "Polygon"
      },
      "properties": {
        "centroid": {
          "latitude": 30.084519519872,
          "longitude": 31.337159427188
        },
        "population": 913.453498906105,
        "zone_id": "NSR-GRID-002"
      },
      "type": "Feature"
    },
    {
      "geometry": {
        "coordinates": [
          [
            [
              31.326747629261792,
              30.083829560345315
            ],
            [
              31.322256052841194,
              30.083829560345315
            ],
            [
              31.322256052841194,
              30.08396201811414
            ],
            [
              31.3238021,
              30.0848354
            ],
            [
              31.3243457,
              30.0845761
            ],
            [
              31.3258647,
              30.0840293
            ],
            [
              31.326747629261792,
              30.084110192873712
            ],
            [
              31.326747629261792,
              30.083829560345315
            ]
          ]
        ],
        "type": "Polygon"
      },
      "properties": {
        "centroid": {
          "latitude": 30.084146301323,
          "longitude": 31.324232584769
        },
        "population": 891.953430539686,
        "zone_id": "NSR-GRID-003"
      },
      "type": "Feature"
    },
    {
      "geometry": {
        "coordinates": [
          [
            [
              31.331239205682394,
              30.083829560345315
            ],
            [
              31.326747629261792,
              30.083829560345315
            ],
            [
              31.326747629261792,
              30.084110192873712
            ],
            [
              31.3276198,
              30.0841901
            ],
            [
              31.3299349,
              30.0845187
            ],
            [
              31.331239205682394,
              30.08470327219282
            ],
            [
              31.331239205682394,
              30.083829560345315
            ]
          ]
        ],
        "type": "Polygon"
      },
      "properties": {
        "centroid": {
          "latitude": 30.084137607891,
          "longitude": 31.329404623315
        },
        "population": 469.96674099974,
        "zone_id": "NSR-GRID-004"
      },
      "type": "Feature"
    },
    {
      "geometry": {
        "coordinates": [
          [
            [
              31.322256052841194,
              30.083829560345315
            ],
            [
              31.322021579331782,
              30.083829560345315
            ],
            [
              31.322256052841194,
              30.08396201811414
            ],
            [
              31.322256052841194,
              30.083829560345315
            ]
          ]
        ],
        "type": "Polygon"
      },
      "properties": {
        "centroid": {
          "latitude": 30.083873712935,
          "longitude": 31.322177895005
        },
        "population": 3.099323204445,
        "zone_id": "NSR-GRID-005"
      },
      "type": "Feature"
    },
    {
      "geometry": {
        "coordinates": [
          [
            [
              31.322256052841194,
              30.079942954681194
            ],
            [
              31.322256052841194,
              30.083829560345315
            ],
            [
              31.326747629261792,
              30.083829560345315
            ],
            [
              31.326747629261792,
              30.079942954681194
            ],
            [
              31.322256052841194,
              30.079942954681194
            ]
          ]
        ],
        "type": "Polygon"
      },
      "properties": {
        "centroid": {
          "latitude": 30.081886257513,
          "longitude": 31.324501841051
        },
        "population": 8052.657386958352,
        "zone_id": "NSR-GRID-006"
      },
      "type": "Feature"
    },
    {
      "geometry": {
        "coordinates": [
          [
            [
              31.326747629261792,
              30.079942954681194
            ],
            [
              31.326747629261792,
              30.083829560345315
            ],
            [
              31.331239205682394,
              30.083829560345315
            ],
            [
              31.331239205682394,
              30.079942954681194
            ],
            [
              31.326747629261792,
              30.079942954681194
            ]
          ]
        ],
        "type": "Polygon"
      },
      "properties": {
        "centroid": {
          "latitude": 30.081886257513,
          "longitude": 31.328993417472
        },
        "population": 3695.601445510054,
        "zone_id": "NSR-GRID-007"
      },
      "type": "Feature"
    },
    {
      "geometry": {
        "coordinates": [
          [
            [
              31.331239205682394,
              30.079942954681194
            ],
            [
              31.331239205682394,
              30.083829560345315
            ],
            [
              31.335730782102992,
              30.083829560345315
            ],
            [
              31.335730782102992,
              30.079942954681194
            ],
            [
              31.331239205682394,
              30.079942954681194
            ]
          ]
        ],
        "type": "Polygon"
      },
      "properties": {
        "centroid": {
          "latitude": 30.081886257513,
          "longitude": 31.333484993893
        },
        "population": 4970.409804547978,
        "zone_id": "NSR-GRID-008"
      },
      "type": "Feature"
    },
    {
      "geometry": {
        "coordinates": [
          [
            [
              31.340222358523583,
              30.079942954681194
            ],
            [
              31.335730782102992,
              30.079942954681194
            ],
            [
              31.335730782102992,
              30.083829560345315
            ],
            [
              31.34002192159258,
              30.083829560345315
            ],
            [
              31.340222358523583,
              30.08373339312773
            ],
            [
              31.340222358523583,
              30.079942954681194
            ]
          ]
        ],
        "type": "Polygon"
      },
      "properties": {
        "centroid": {
          "latitude": 30.081885201761,
          "longitude": 31.33797536667
        },
        "population": 5721.713201981502,
        "zone_id": "NSR-GRID-009"
      },
      "type": "Feature"
    },
    {
      "geometry": {
        "coordinates": [
          [
            [
              31.322256052841194,
              30.083829560345315
            ],
            [
              31.322256052841194,
              30.079942954681194
            ],
            [
              31.317764476420596,
              30.079942954681194
            ],
            [
              31.317764476420596,
              30.081209989726094
            ],
            [
              31.3178299,
              30.0812632
            ],
            [
              31.320839,
              30.0831615
            ],
            [
              31.322021579331782,
              30.083829560345315
            ],
            [
              31.322256052841194,
              30.083829560345315
            ]
          ]
        ],
        "type": "Polygon"
      },
      "properties": {
        "centroid": {
          "latitude": 30.081399027674,
          "longitude": 31.320393891914
        },
        "population": 1660.577099896624,
        "zone_id": "NSR-GRID-010"
      },
      "type": "Feature"
    },
    {
      "geometry": {
        "coordinates": [
          [
            [
              31.34471393494418,
              30.079942954681194
            ],
            [
              31.340222358523583,
              30.079942954681194
            ],
            [
              31.340222358523583,
              30.08373339312773
            ],
            [
              31.3416438,
              30.0830514
            ],
            [
              31.3445051,
              30.0817069
            ],
            [
              31.34471393494418,
              30.081688966805682
            ],
            [
              31.34471393494418,
              30.079942954681194
            ]
          ]
        ],
        "type": "Polygon"
      },
      "properties": {
        "centroid": {
          "latitude": 30.081373651774,
          "longitude": 31.34217830795
        },
        "population": 2234.684006260669,
        "zone_id": "NSR-GRID-011"
      },
      "type": "Feature"
    },
    {
      "geometry": {
        "coordinates": [
          [
            [
              31.34920551136478,
              30.079942954681194
            ],
            [
              31.34471393494418,
              30.079942954681194
            ],
            [
              31.34471393494418,
              30.081688966805682
            ],
            [
              31.3447578,
              30.0816852
            ],
            [
              31.3468277,
              30.0813582
            ],
            [
              31.34920551136478,
              30.08113410616731
            ],
            [
              31.34920551136478,
              30.079942954681194
            ]
          ]
        ],
        "type": "Polygon"
      },
      "properties": {
        "centroid": {
          "latitude": 30.080669251779,
          "longitude": 31.346815237186
        },
        "population": 1231.17276289266,
        "zone_id": "NSR-GRID-012"
      },
      "type": "Feature"
    },
    {
      "geometry": {
        "coordinates": [
          [
            [
              31.35369708778538,
              30.079942954681194
            ],
            [
              31.34920551136478,
              30.079942954681194
            ],
            [
              31.34920551136478,
              30.08113410616731
            ],
            [
              31.3516938,
              30.0808996
            ],
            [
              31.3529245,
              30.0807838
            ],
            [
              31.35369708778538,
              30.080707809918284
            ],
            [
              31.35369708778538,
              30.079942954681194
            ]
          ]
        ],
        "type": "Polygon"
      },
      "properties": {
        "centroid": {
          "latitude": 30.080440264739,
          "longitude": 31.351289039409
        },
        "population": 630.651730922333,
        "zone_id": "NSR-GRID-013"
      },
      "type": "Feature"
    },
    {
      "geometry": {
        "coordinates": [
          [
            [
              31.41208758125315,
              30.079942954681194
            ],
            [
              31.407596004832552,
              30.079942954681194
            ],
            [
              31.407596004832552,
              30.080918626043523
            ],
            [
              31.4103742,
              30.0808662
            ],
            [
              31.41208758125315,
              30.080730635579286
            ],
            [
              31.41208758125315,
              30.079942954681194
            ]
          ]
        ],
        "type": "Polygon"
      },
      "properties": {
        "centroid": {
          "latitude": 30.080401294034,
          "longitude": 31.409770976091
        },
        "population": 74.087532664913,
        "zone_id": "NSR-GRID-014"
      },
      "type": "Feature"
    },
    {
      "geometry": {
        "coordinates": [
          [
            [
              31.407596004832552,
              30.079942954681194
            ],
            [
              31.403104428411954,
              30.079942954681194
            ],
            [
              31.403104428411954,
              30.080723258092874
            ],
            [
              31.4067654,
              30.0809343
            ],
            [
              31.407596004832552,
              30.080918626043523
            ],
            [
              31.407596004832552,
              30.079942954681194
            ]
          ]
        ],
        "type": "Polygon"
      },
      "properties": {
        "centroid": {
          "latitude": 30.080397370099,
          "longitude": 31.405444635506
        },
        "population": 97.353871748605,
        "zone_id": "NSR-GRID-015"
      },
      "type": "Feature"
    },
    {
      "geometry": {
        "coordinates": [
          [
            [
              31.317764476420596,
              30.079942954681194
            ],
            [
              31.316206630377078,
              30.079942954681194
            ],
            [
              31.317764476420596,
              30.081209989726094
            ],
            [
              31.317764476420596,
              30.079942954681194
            ]
          ]
        ],
        "type": "Polygon"
      },
      "properties": {
        "centroid": {
          "latitude": 30.080365299696,
          "longitude": 31.317245194406
        },
        "population": 67.782654401248,
        "zone_id": "NSR-GRID-016"
      },
      "type": "Feature"
    },
    {
      "geometry": {
        "coordinates": [
          [
            [
              31.403104428411954,
              30.079942954681194
            ],
            [
              31.398612851991352,
              30.079942954681194
            ],
            [
              31.398612851991352,
              30.080440135059103
            ],
            [
              31.3994916,
              30.080495899999985
            ],
            [
              31.4030774,
              30.0807217
            ],
            [
              31.403104428411954,
              30.080723258092874
            ],
            [
              31.403104428411954,
              30.079942954681194
            ]
          ]
        ],
        "type": "Polygon"
      },
      "properties": {
        "centroid": {
          "latitude": 30.080267672183,
          "longitude": 31.401024444329
        },
        "population": 115.794897663455,
        "zone_id": "NSR-GRID-017"
      },
      "type": "Feature"
    },
    {
      "geometry": {
        "coordinates": [
          [
            [
              31.41657915767375,
              30.079942954681194
            ],
            [
              31.41208758125315,
              30.079942954681194
            ],
            [
              31.41208758125315,
              30.080730635579286
            ],
            [
              31.413314,
              30.0806336
            ],
            [
              31.41657915767375,
              30.080023009105005
            ],
            [
              31.41657915767375,
              30.079942954681194
            ]
          ]
        ],
        "type": "Polygon"
      },
      "properties": {
        "centroid": {
          "latitude": 30.080233365006,
          "longitude": 31.41374990828
        },
        "population": 32.191841271175,
        "zone_id": "NSR-GRID-018"
      },
      "type": "Feature"
    },
    {
      "geometry": {
        "coordinates": [
          [
            [
              31.35818866420598,
              30.079942954681194
            ],
            [
              31.35369708778538,
              30.079942954681194
            ],
            [
              31.35369708778538,
              30.080707809918284
            ],
            [
              31.35818866420598,
              30.080266026914554
            ],
            [
              31.35818866420598,
              30.079942954681194
            ]
          ]
        ],
        "type": "Polygon"
      },
      "properties": {
        "centroid": {
          "latitude": 30.080229886398,
          "longitude": 31.355638887881
        },
        "population": 155.603586701292,
        "zone_id": "NSR-GRID-019"
      },
      "type": "Feature"
    },
    {
      "geometry": {
        "coordinates": [
          [
            [
              31.398612851991352,
              30.079942954681194
            ],
            [
              31.394121275570754,
              30.079942954681194
            ],
            [
              31.394121275570754,
              30.08015336069504
            ],
            [
              31.3947957,
              30.0801979
            ],
            [
              31.398612851991352,
              30.080440135059103
            ],
            [
              31.398612851991352,
              30.079942954681194
            ]
          ]
        ],
        "type": "Polygon"
      },
      "properties": {
        "centroid": {
          "latitude": 30.080129816824,
          "longitude": 31.396668733127
        },
        "population": 36.718349655284,
        "zone_id": "NSR-GRID-020"
      },
      "type": "Feature"
    },
    {
      "geometry": {
        "coordinates": [
          [
            [
              31.35818866420598,
              30.079942954681194
            ],
            [
              31.35818866420598,
              30.080266026914554
            ],
            [
              31.3587105,
              30.0802147
            ],
            [
              31.36066693215323,
              30.079942954681194
            ],
            [
              31.35818866420598,
              30.079942954681194
            ]
          ]
        ],
        "type": "Polygon"
      },
      "properties": {
        "centroid": {
          "latitude": 30.080055097749,
          "longitude": 31.359023303372
        },
        "population": 24.494222687754,
        "zone_id": "NSR-GRID-021"
      },
      "type": "Feature"
    },
    {
      "geometry": {
        "coordinates": [
          [
            [
              31.394121275570754,
              30.079942954681194
            ],
            [
              31.39093526328221,
              30.079942954681194
            ],
            [
              31.394121275570754,
              30.08015336069504
            ],
            [
              31.394121275570754,
              30.079942954681194
            ]
          ]
        ],
        "type": "Polygon"
      },
      "properties": {
        "centroid": {
          "latitude": 30.080013090019,
          "longitude": 31.393059271475
        },
        "population": 50.784668811418,
        "zone_id": "NSR-GRID-022"
      },
      "type": "Feature"
    },
    {
      "geometry": {
        "coordinates": [
          [
            [
              31.41657915767375,
              30.079942954681194
            ],
            [
              31.41657915767375,
              30.080023009105005
            ],
            [
              31.4166145,
              30.0800164
            ],
            [
              31.416923198824446,
              30.079942954681194
            ],
            [
              31.41657915767375,
              30.079942954681194
            ]
          ]
        ],
        "type": "Polygon"
      },
      "properties": {
        "centroid": {
          "latitude": 30.079970123509,
          "longitude": 31.416694070971
        },
        "population": 0.206930048333,
        "zone_id": "NSR-GRID-023"
      },
      "type": "Feature"
    },
    {
      "geometry": {
        "coordinates": [
          [
            [
              31.317764476420596,
              30.07605619630511
            ],
            [
              31.317764476420596,
              30.079942954681194
            ],
            [
              31.322256052841194,
              30.079942954681194
            ],
            [
              31.322256052841194,
              30.07605619630511
            ],
            [
              31.317764476420596,
              30.07605619630511
            ]
          ]
        ],
        "type": "Polygon"
      },
      "properties": {
        "centroid": {
          "latitude": 30.077999575493,
          "longitude": 31.320010264631
        },
        "population": 3700.967970970768,
        "zone_id": "NSR-GRID-024"
      },
      "type": "Feature"
    },
    {
      "geometry": {
        "coordinates": [
          [
            [
              31.322256052841194,
              30.07605619630511
            ],
            [
              31.322256052841194,
              30.079942954681194
            ],
            [
              31.326747629261792,
              30.079942954681194
            ],
            [
              31.326747629261792,
              30.07605619630511
            ],
            [
              31.322256052841194,
              30.07605619630511
            ]
          ]
        ],
        "type": "Polygon"
      },
      "properties": {
        "centroid": {
          "latitude": 30.077999575493,
          "longitude": 31.324501841051
        },
        "population": 2536.607776387676,
        "zone_id": "NSR-GRID-025"
      },
      "type": "Feature"
    },
    {
      "geometry": {
        "coordinates": [
          [
            [
              31.326747629261792,
              30.07605619630511
            ],
            [
              31.326747629261792,
              30.079942954681194
            ],
            [
              31.331239205682394,
              30.079942954681194
            ],
            [
              31.331239205682394,
              30.07605619630511
            ],
            [
              31.326747629261792,
              30.07605619630511
            ]
          ]
        ],
        "type": "Polygon"
      },
      "properties": {
        "centroid": {
          "latitude": 30.077999575493,
          "longitude": 31.328993417472
        },
        "population": 4751.716812794285,
        "zone_id": "NSR-GRID-026"
      },
      "type": "Feature"
    },
    {
      "geometry": {
        "coordinates": [
          [
            [
              31.331239205682394,
              30.07605619630511
            ],
            [
              31.331239205682394,
              30.079942954681194
            ],
            [
              31.335730782102992,
              30.079942954681194
            ],
            [
              31.335730782102992,
              30.07605619630511
            ],
            [
              31.331239205682394,
              30.07605619630511
            ]
          ]
        ],
        "type": "Polygon"
      },
      "properties": {
        "centroid": {
          "latitude": 30.077999575493,
          "longitude": 31.333484993893
        },
        "population": 9057.15520392281,
        "zone_id": "NSR-GRID-027"
      },
      "type": "Feature"
    },
    {
      "geometry": {
        "coordinates": [
          [
            [
              31.335730782102992,
              30.07605619630511
            ],
            [
              31.335730782102992,
              30.079942954681194
            ],
            [
              31.340222358523583,
              30.079942954681194
            ],
            [
              31.340222358523583,
              30.07605619630511
            ],
            [
              31.335730782102992,
              30.07605619630511
            ]
          ]
        ],
        "type": "Polygon"
      },
      "properties": {
        "centroid": {
          "latitude": 30.077999575493,
          "longitude": 31.337976570313
        },
        "population": 4541.437200216334,
        "zone_id": "NSR-GRID-028"
      },
      "type": "Feature"
    },
    {
      "geometry": {
        "coordinates": [
          [
            [
              31.340222358523583,
              30.07605619630511
            ],
            [
              31.340222358523583,
              30.079942954681194
            ],
            [
              31.34471393494418,
              30.079942954681194
            ],
            [
              31.34471393494418,
              30.07605619630511
            ],
            [
              31.340222358523583,
              30.07605619630511
            ]
          ]
        ],
        "type": "Polygon"
      },
      "properties": {
        "centroid": {
          "latitude": 30.077999575493,
          "longitude": 31.342468146734
        },
        "population": 3123.207898029161,
        "zone_id": "NSR-GRID-029"
      },
      "type": "Feature"
    },
    {
      "geometry": {
        "coordinates": [
          [
            [
              31.34471393494418,
              30.07605619630511
            ],
            [
              31.34471393494418,
              30.079942954681194
            ],
            [
              31.34920551136478,
              30.079942954681194
            ],
            [
              31.34920551136478,
              30.07605619630511
            ],
            [
              31.34471393494418,
              30.07605619630511
            ]
          ]
        ],
        "type": "Polygon"
      },
      "properties": {
        "centroid": {
          "latitude": 30.077999575493,
          "longitude": 31.346959723154
        },
        "population": 2137.146799246102,
        "zone_id": "NSR-GRID-030"
      },
      "type": "Feature"
    },
    {
      "geometry": {
        "coordinates": [
          [
            [
              31.34920551136478,
              30.07605619630511
            ],
            [
              31.34920551136478,
              30.079942954681194
            ],
            [
              31.35369708778538,
              30.079942954681194
            ],
            [
              31.35369708778538,
              30.07605619630511
            ],
            [
              31.34920551136478,
              30.07605619630511
            ]
          ]
        ],
        "type": "Polygon"
      },
      "properties": {
        "centroid": {
          "latitude": 30.077999575493,
          "longitude": 31.351451299575
        },
        "population": 1212.514460108893,
        "zone_id": "NSR-GRID-031"
      },
      "type": "Feature"
    },
    {
      "geometry": {
        "coordinates": [
          [
            [
              31.35369708778538,
              30.07605619630511
            ],
            [
              31.35369708778538,
              30.079942954681194
            ],
            [
              31.35818866420598,
              30.079942954681194
            ],
            [
              31.35818866420598,
              30.07605619630511
            ],
            [
              31.35369708778538,
              30.07605619630511
            ]
          ]
        ],
        "type": "Polygon"
      },
      "properties": {
        "centroid": {
          "latitude": 30.077999575493,
          "longitude": 31.355942875996
        },
        "population": 2752.972241729187,
        "zone_id": "NSR-GRID-032"
      },
      "type": "Feature"
    },
    {
      "geometry": {
        "coordinates": [
          [
            [
              31.394121275570754,
              30.07605619630511
            ],
            [
              31.394121275570754,
              30.079942954681194
            ],
            [
              31.398612851991352,
              30.079942954681194
            ],
            [
              31.398612851991352,
              30.07605619630511
            ],
            [
              31.394121275570754,
              30.07605619630511
            ]
          ]
        ],
        "type": "Polygon"
      },
      "properties": {
        "centroid": {
          "latitude": 30.077999575493,
          "longitude": 31.396367063781
        },
        "population": 287.577279900383,
        "zone_id": "NSR-GRID-033"
      },
      "type": "Feature"
    },
    {
      "geometry": {
        "coordinates": [
          [
            [
              31.398612851991352,
              30.07605619630511
            ],
            [
              31.398612851991352,
              30.079942954681194
            ],
            [
              31.403104428411954,
              30.079942954681194
            ],
            [
              31.403104428411954,
              30.07605619630511
            ],
            [
              31.398612851991352,
              30.07605619630511
            ]
          ]
        ],
        "type": "Polygon"
      },
      "properties": {
        "centroid": {
          "latitude": 30.077999575493,
          "longitude": 31.400858640202
        },
        "population": 700.519880746355,
        "zone_id": "NSR-GRID-034"
      },
      "type": "Feature"
    },
    {
      "geometry": {
        "coordinates": [
          [
            [
              31.403104428411954,
              30.07605619630511
            ],
            [
              31.403104428411954,
              30.079942954681194
            ],
            [
              31.407596004832552,
              30.079942954681194
            ],
            [
              31.407596004832552,
              30.07605619630511
            ],
            [
              31.403104428411954,
              30.07605619630511
            ]
          ]
        ],
        "type": "Polygon"
      },
      "properties": {
        "centroid": {
          "latitude": 30.077999575493,
          "longitude": 31.405350216622
        },
        "population": 357.756856539542,
        "zone_id": "NSR-GRID-035"
      },
      "type": "Feature"
    },
    {
      "geometry": {
        "coordinates": [
          [
            [
              31.407596004832552,
              30.07605619630511
            ],
            [
              31.407596004832552,
              30.079942954681194
            ],
            [
              31.41208758125315,
              30.079942954681194
            ],
            [
              31.41208758125315,
              30.07605619630511
            ],
            [
              31.407596004832552,
              30.07605619630511
            ]
          ]
        ],
        "type": "Polygon"
      },
      "properties": {
        "centroid": {
          "latitude": 30.077999575493,
          "longitude": 31.409841793043
        },
        "population": 153.276459729613,
        "zone_id": "NSR-GRID-036"
      },
      "type": "Feature"
    },
    {
      "geometry": {
        "coordinates": [
          [
            [
              31.41208758125315,
              30.07605619630511
            ],
            [
              31.41208758125315,
              30.079942954681194
            ],
            [
              31.41657915767375,
              30.079942954681194
            ],
            [
              31.41657915767375,
              30.07605619630511
            ],
            [
              31.41208758125315,
              30.07605619630511
            ]
          ]
        ],
        "type": "Polygon"
      },
      "properties": {
        "centroid": {
          "latitude": 30.077999575493,
          "longitude": 31.414333369463
        },
        "population": 334.382179425719,
        "zone_id": "NSR-GRID-037"
      },
      "type": "Feature"
    },
    {
      "geometry": {
        "coordinates": [
          [
            [
              31.394121275570754,
              30.079942954681194
            ],
            [
              31.394121275570754,
              30.07605619630511
            ],
            [
              31.389629699150163,
              30.07605619630511
            ],
            [
              31.389629699150163,
              30.079856958668557
            ],
            [
              31.3897912,
              30.0798674
            ],
            [
              31.39093526328221,
              30.079942954681194
            ],
            [
              31.394121275570754,
              30.079942954681194
            ]
          ]
        ],
        "type": "Polygon"
      },
      "properties": {
        "centroid": {
          "latitude": 30.077993384726,
          "longitude": 31.39188134128
        },
        "population": 1506.220136625791,
        "zone_id": "NSR-GRID-038"
      },
      "type": "Feature"
    },
    {
      "geometry": {
        "coordinates": [
          [
            [
              31.362680240626577,
              30.07605619630511
            ],
            [
              31.35818866420598,
              30.07605619630511
            ],
            [
              31.35818866420598,
              30.079942954681194
            ],
            [
              31.36066693215323,
              30.079942954681194
            ],
            [
              31.362680240626577,
              30.07966330855247
            ],
            [
              31.362680240626577,
              30.07605619630511
            ]
          ]
        ],
        "type": "Polygon"
      },
      "properties": {
        "centroid": {
          "latitude": 30.077969252427,
          "longitude": 31.360408644275
        },
        "population": 1534.449141726415,
        "zone_id": "NSR-GRID-039"
      },
      "type": "Feature"
    },
    {
      "geometry": {
        "coordinates": [
          [
            [
              31.389629699150163,
              30.07605619630511
            ],
            [
              31.385138122729565,
              30.07605619630511
            ],
            [
              31.385138122729565,
              30.079566569426436
            ],
            [
              31.389629699150163,
              30.079856958668557
            ],
            [
              31.389629699150163,
              30.07605619630511
            ]
          ]
        ],
        "type": "Polygon"
      },
      "properties": {
        "centroid": {
          "latitude": 30.077884941335,
          "longitude": 31.387413644248
        },
        "population": 3082.789226773896,
        "zone_id": "NSR-GRID-040"
      },
      "type": "Feature"
    },
    {
      "geometry": {
        "coordinates": [
          [
            [
              31.317764476420596,
              30.079942954681194
            ],
            [
              31.317764476420596,
              30.07605619630511
            ],
            [
              31.31455885524337,
              30.07605619630511
            ],
            [
              31.3132729,
              30.0777836
            ],
            [
              31.3136103,
              30.07801520000001
            ],
            [
              31.3158698,
              30.079669
            ],
            [
              31.316206630377078,
              30.079942954681194
            ],
            [
              31.317764476420596,
              30.079942954681194
            ]
          ]
        ],
        "type": "Polygon"
      },
      "properties": {
        "centroid": {
          "latitude": 30.077816056346,
          "longitude": 31.315981321759
        },
        "population": 2528.095143645445,
        "zone_id": "NSR-GRID-041"
      },
      "type": "Feature"
    },
    {
      "geometry": {
        "coordinates": [
          [
            [
              31.42107073409434,
              30.07605619630511
            ],
            [
              31.41657915767375,
              30.07605619630511
            ],
            [
              31.41657915767375,
              30.079942954681194
            ],
            [
              31.416923198824446,
              30.079942954681194
            ],
            [
              31.4207474,
              30.0790331
            ],
            [
              31.42107073409434,
              30.0789648379354
            ],
            [
              31.42107073409434,
              30.07605619630511
            ]
          ]
        ],
        "type": "Polygon"
      },
      "properties": {
        "centroid": {
          "latitude": 30.077785313118,
          "longitude": 31.418710522383
        },
        "population": 68.786906090495,
        "zone_id": "NSR-GRID-042"
      },
      "type": "Feature"
    },
    {
      "geometry": {
        "coordinates": [
          [
            [
              31.36717181704717,
              30.07605619630511
            ],
            [
              31.362680240626577,
              30.07605619630511
            ],
            [
              31.362680240626577,
              30.07966330855247
            ],
            [
              31.3643333,
              30.0794337
            ],
            [
              31.36717181704717,
              30.079145145707987
            ],
            [
              31.36717181704717,
              30.07605619630511
            ]
          ]
        ],
        "type": "Polygon"
      },
      "properties": {
        "centroid": {
          "latitude": 30.077723731848,
          "longitude": 31.364868916197
        },
        "population": 1495.777813583212,
        "zone_id": "NSR-GRID-043"
      },
      "type": "Feature"
    },
    {
      "geometry": {
        "coordinates": [
          [
            [
              31.385138122729565,
              30.07605619630511
            ],
            [
              31.380646546308967,
              30.07605619630511
            ],
            [
              31.380646546308967,
              30.078907291211365
            ],
            [
              31.3839739,
              30.0794913
            ],
            [
              31.385138122729565,
              30.079566569426436
            ],
            [
              31.385138122729565,
              30.07605619630511
            ]
          ]
        ],
        "type": "Polygon"
      },
      "properties": {
        "centroid": {
          "latitude": 30.077676978447,
          "longitude": 31.382974105926
        },
        "population": 7091.92193244054,
        "zone_id": "NSR-GRID-044"
      },
      "type": "Feature"
    },
    {
      "geometry": {
        "coordinates": [
          [
            [
              31.43005388693554,
              30.07605619630511
            ],
            [
              31.43005388693554,
              30.07873847163298
            ],
            [
              31.4345304,
              30.0791284
            ],
            [
              31.43286381287199,
              30.07605619630511
            ],
            [
              31.43005388693554,
              30.07605619630511
            ]
          ]
        ],
        "type": "Polygon"
      },
      "properties": {
        "centroid": {
          "latitude": 30.077600401036,
          "longitude": 31.431937809573
        },
        "population": 87.008868645689,
        "zone_id": "NSR-GRID-045"
      },
      "type": "Feature"
    },
    {
      "geometry": {
        "coordinates": [
          [
            [
              31.371663393467767,
              30.07605619630511
            ],
            [
              31.36717181704717,
              30.07605619630511
            ],
            [
              31.36717181704717,
              30.079145145707987
            ],
            [
              31.3713825,
              30.0787171
            ],
            [
              31.371663393467767,
              30.078690979793414
            ],
            [
              31.371663393467767,
              30.07605619630511
            ]
          ]
        ],
        "type": "Polygon"
      },
      "properties": {
        "centroid": {
          "latitude": 30.077489589724,
          "longitude": 31.369357920799
        },
        "population": 1484.731301632873,
        "zone_id": "NSR-GRID-046"
      },
      "type": "Feature"
    },
    {
      "geometry": {
        "coordinates": [
          [
            [
              31.42556231051494,
              30.07605619630511
            ],
            [
              31.42107073409434,
              30.07605619630511
            ],
            [
              31.42107073409434,
              30.0789648379354
            ],
            [
              31.4231863,
              30.0785182
            ],
            [
              31.42556231051494,
              30.07840567185887
            ],
            [
              31.42556231051494,
              30.07605619630511
            ]
          ]
        ],
        "type": "Polygon"
      },
      "properties": {
        "centroid": {
          "latitude": 30.077330399586,
          "longitude": 31.423235606742
        },
        "population": 7.518912999152,
        "zone_id": "NSR-GRID-047"
      },
      "type": "Feature"
    },
    {
      "geometry": {
        "coordinates": [
          [
            [
              31.380646546308967,
              30.07605619630511
            ],
            [
              31.376154969888365,
              30.07605619630511
            ],
            [
              31.376154969888365,
              30.078273308396266
            ],
            [
              31.3762669,
              30.0782629
            ],
            [
              31.3786582,
              30.0785583
            ],
            [
              31.380646546308967,
              30.078907291211365
            ],
            [
              31.380646546308967,
              30.07605619630511
            ]
          ]
        ],
        "type": "Polygon"
      },
      "properties": {
        "centroid": {
          "latitude": 30.077310053035,
          "longitude": 31.378498304771
        },
        "population": 1196.012541678997,
        "zone_id": "NSR-GRID-048"
      },
      "type": "Feature"
    },
    {
      "geometry": {
        "coordinates": [
          [
            [
              31.43005388693554,
              30.07605619630511
            ],
            [
              31.42556231051494,
              30.07605619630511
            ],
            [
              31.42556231051494,
              30.07840567185887
            ],
            [
              31.4255955,
              30.0784041
            ],
            [
              31.428137,
              30.0785715
            ],
            [
              31.43005388693554,
              30.07873847163298
            ],
            [
              31.43005388693554,
              30.07605619630511
            ]
          ]
        ],
        "type": "Polygon"
      },
      "properties": {
        "centroid": {
          "latitude": 30.077309223063,
          "longitude": 31.427857917091
        },
        "population": 21.480498794789,
        "zone_id": "NSR-GRID-049"
      },
      "type": "Feature"
    },
    {
      "geometry": {
        "coordinates": [
          [
            [
              31.376154969888365,
              30.07605619630511
            ],
            [
              31.371663393467767,
              30.07605619630511
            ],
            [
              31.371663393467767,
              30.078690979793414
            ],
            [
              31.376154969888365,
              30.078273308396266
            ],
            [
              31.376154969888365,
              30.07605619630511
            ]
          ]
        ],
        "type": "Polygon"
      },
      "properties": {
        "centroid": {
          "latitude": 30.077272166441,
          "longitude": 31.373844739408
        },
        "population": 1109.606740877622,
        "zone_id": "NSR-GRID-050"
      },
      "type": "Feature"
    },
    {
      "geometry": {
        "coordinates": [
          [
            [
              31.43005388693554,
              30.07605619630511
            ],
            [
              31.43286381287199,
              30.07605619630511
            ],
            [
              31.4326835,
              30.0757238
            ],
            [
              31.43005388693554,
              30.07286926472964
            ],
            [
              31.43005388693554,
              30.07605619630511
            ]
          ]
        ],
        "type": "Polygon"
      },
      "properties": {
        "centroid": {
          "latitude": 30.074989610992,
          "longitude": 31.431024347097
        },
        "population": 5.896016973063,
        "zone_id": "NSR-GRID-051"
      },
      "type": "Feature"
    },
    {
      "geometry": {
        "coordinates": [
          [
            [
              31.317764476420596,
              30.07605619630511
            ],
            [
              31.317764476420596,
              30.07216928522896
            ],
            [
              31.317448636849306,
              30.07216928522896
            ],
            [
              31.3161261,
              30.0739509
            ],
            [
              31.31455885524337,
              30.07605619630511
            ],
            [
              31.317764476420596,
              30.07605619630511
            ]
          ]
        ],
        "type": "Polygon"
      },
      "properties": {
        "centroid": {
          "latitude": 30.074644691607,
          "longitude": 31.316686863957
        },
        "population": 1186.275176499251,
        "zone_id": "NSR-GRID-052"
      },
      "type": "Feature"
    },
    {
      "geometry": {
        "coordinates": [
          [
            [
              31.42556231051494,
              30.07216928522896
            ],
            [
              31.42556231051494,
              30.07605619630511
            ],
            [
              31.43005388693554,
              30.07605619630511
            ],
            [
              31.43005388693554,
              30.07286926472964
            ],
            [
              31.429409073680993,
              30.07216928522896
            ],
            [
              31.42556231051494,
              30.07216928522896
            ]
          ]
        ],
        "type": "Polygon"
      },
      "properties": {
        "centroid": {
          "latitude": 30.074135136503,
          "longitude": 31.427781502843
        },
        "population": 6.331798068018,
        "zone_id": "NSR-GRID-053"
      },
      "type": "Feature"
    },
    {
      "geometry": {
        "coordinates": [
          [
            [
              31.317764476420596,
              30.07216928522896
            ],
            [
              31.317764476420596,
              30.07605619630511
            ],
            [
              31.322256052841194,
              30.07605619630511
            ],
            [
              31.322256052841194,
              30.07216928522896
            ],
            [
              31.317764476420596,
              30.07216928522896
            ]
          ]
        ],
        "type": "Polygon"
      },
      "properties": {
        "centroid": {
          "latitude": 30.074112740767,
          "longitude": 31.320010264631
        },
        "population": 3592.974675002704,
        "zone_id": "NSR-GRID-054"
      },
      "type": "Feature"
    },
    {
      "geometry": {
        "coordinates": [
          [
            [
              31.322256052841194,
              30.07216928522896
            ],
            [
              31.322256052841194,
              30.07605619630511
            ],
            [
              31.326747629261792,
              30.07605619630511
            ],
            [
              31.326747629261792,
              30.07216928522896
            ],
            [
              31.322256052841194,
              30.07216928522896
            ]
          ]
        ],
        "type": "Polygon"
      },
      "properties": {
        "centroid": {
          "latitude": 30.074112740767,
          "longitude": 31.324501841051
        },
        "population": 2341.272201873673,
        "zone_id": "NSR-GRID-055"
      },
      "type": "Feature"
    },
    {
      "geometry": {
        "coordinates": [
          [
            [
              31.326747629261792,
              30.07216928522896
            ],
            [
              31.326747629261792,
              30.07605619630511
            ],
            [
              31.331239205682394,
              30.07605619630511
            ],
            [
              31.331239205682394,
              30.07216928522896
            ],
            [
              31.326747629261792,
              30.07216928522896
            ]
          ]
        ],
        "type": "Polygon"
      },
      "properties": {
        "centroid": {
          "latitude": 30.074112740767,
          "longitude": 31.328993417472
        },
        "population": 2677.771182990941,
        "zone_id": "NSR-GRID-056"
      },
      "type": "Feature"
    },
    {
      "geometry": {
        "coordinates": [
          [
            [
              31.331239205682394,
              30.07216928522896
            ],
            [
              31.331239205682394,
              30.07605619630511
            ],
            [
              31.335730782102992,
              30.07605619630511
            ],
            [
              31.335730782102992,
              30.07216928522896
            ],
            [
              31.331239205682394,
              30.07216928522896
            ]
          ]
        ],
        "type": "Polygon"
      },
      "properties": {
        "centroid": {
          "latitude": 30.074112740767,
          "longitude": 31.333484993893
        },
        "population": 4205.904796339394,
        "zone_id": "NSR-GRID-057"
      },
      "type": "Feature"
    },
    {
      "geometry": {
        "coordinates": [
          [
            [
              31.335730782102992,
              30.07216928522896
            ],
            [
              31.335730782102992,
              30.07605619630511
            ],
            [
              31.340222358523583,
              30.07605619630511
            ],
            [
              31.340222358523583,
              30.07216928522896
            ],
            [
              31.335730782102992,
              30.07216928522896
            ]
          ]
        ],
        "type": "Polygon"
      },
      "properties": {
        "centroid": {
          "latitude": 30.074112740767,
          "longitude": 31.337976570313
        },
        "population": 3334.252415284068,
        "zone_id": "NSR-GRID-058"
      },
      "type": "Feature"
    },
    {
      "geometry": {
        "coordinates": [
          [
            [
              31.340222358523583,
              30.07216928522896
            ],
            [
              31.340222358523583,
              30.07605619630511
            ],
            [
              31.34471393494418,
              30.07605619630511
            ],
            [
              31.34471393494418,
              30.07216928522896
            ],
            [
              31.340222358523583,
              30.07216928522896
            ]
          ]
        ],
        "type": "Polygon"
      },
      "properties": {
        "centroid": {
          "latitude": 30.074112740767,
          "longitude": 31.342468146734
        },
        "population": 2127.006364585698,
        "zone_id": "NSR-GRID-059"
      },
      "type": "Feature"
    },
    {
      "geometry": {
        "coordinates": [
          [
            [
              31.34471393494418,
              30.07216928522896
            ],
            [
              31.34471393494418,
              30.07605619630511
            ],
            [
              31.34920551136478,
              30.07605619630511
            ],
            [
              31.34920551136478,
              30.07216928522896
            ],
            [
              31.34471393494418,
              30.07216928522896
            ]
          ]
        ],
        "type": "Polygon"
      },
      "properties": {
        "centroid": {
          "latitude": 30.074112740767,
          "longitude": 31.346959723154
        },
        "population": 894.716407607705,
        "zone_id": "NSR-GRID-060"
      },
      "type": "Feature"
    },
    {
      "geometry": {
        "coordinates": [
          [
            [
              31.34920551136478,
              30.07216928522896
            ],
            [
              31.34920551136478,
              30.07605619630511
            ],
            [
              31.35369708778538,
              30.07605619630511
            ],
            [
              31.35369708778538,
              30.07216928522896
            ],
            [
              31.34920551136478,
              30.07216928522896
            ]
          ]
        ],
        "type": "Polygon"
      },
      "properties": {
        "centroid": {
          "latitude": 30.074112740767,
          "longitude": 31.351451299575
        },
        "population": 554.713295825231,
        "zone_id": "NSR-GRID-061"
      },
      "type": "Feature"
    },
    {
      "geometry": {
        "coordinates": [
          [
            [
              31.35369708778538,
              30.07216928522896
            ],
            [
              31.35369708778538,
              30.07605619630511
            ],
            [
              31.35818866420598,
              30.07605619630511
            ],
            [
              31.35818866420598,
              30.07216928522896
            ],
            [
              31.35369708778538,
              30.07216928522896
            ]
          ]
        ],
        "type": "Polygon"
      },
      "properties": {
        "centroid": {
          "latitude": 30.074112740767,
          "longitude": 31.355942875996
        },
        "population": 1091.071893081609,
        "zone_id": "NSR-GRID-062"
      },
      "type": "Feature"
    },
    {
      "geometry": {
        "coordinates": [
          [
            [
              31.35818866420598,
              30.07216928522896
            ],
            [
              31.35818866420598,
              30.07605619630511
            ],
            [
              31.362680240626577,
              30.07605619630511
            ],
            [
              31.362680240626577,
              30.07216928522896
            ],
            [
              31.35818866420598,
              30.07216928522896
            ]
          ]
        ],
        "type": "Polygon"
      },
      "properties": {
        "centroid": {
          "latitude": 30.074112740767,
          "longitude": 31.360434452416
        },
        "population": 598.834618818842,
        "zone_id": "NSR-GRID-063"
      },
      "type": "Feature"
    },
    {
      "geometry": {
        "coordinates": [
          [
            [
              31.362680240626577,
              30.07216928522896
            ],
            [
              31.362680240626577,
              30.07605619630511
            ],
            [
              31.36717181704717,
              30.07605619630511
            ],
            [
              31.36717181704717,
              30.07216928522896
            ],
            [
              31.362680240626577,
              30.07216928522896
            ]
          ]
        ],
        "type": "Polygon"
      },
      "properties": {
        "centroid": {
          "latitude": 30.074112740767,
          "longitude": 31.364926028837
        },
        "population": 1466.437719193545,
        "zone_id": "NSR-GRID-064"
      },
      "type": "Feature"
    },
    {
      "geometry": {
        "coordinates": [
          [
            [
              31.36717181704717,
              30.07216928522896
            ],
            [
              31.36717181704717,
              30.07605619630511
            ],
            [
              31.371663393467767,
              30.07605619630511
            ],
            [
              31.371663393467767,
              30.07216928522896
            ],
            [
              31.36717181704717,
              30.07216928522896
            ]
          ]
        ],
        "type": "Polygon"
      },
      "properties": {
        "centroid": {
          "latitude": 30.074112740767,
          "longitude": 31.369417605257
        },
        "population": 3566.03652466804,
        "zone_id": "NSR-GRID-065"
      },
      "type": "Feature"
    },
    {
      "geometry": {
        "coordinates": [
          [
            [
              31.371663393467767,
              30.07216928522896
            ],
            [
              31.371663393467767,
              30.07605619630511
            ],
            [
              31.376154969888365,
              30.07605619630511
            ],
            [
              31.376154969888365,
              30.07216928522896
            ],
            [
              31.371663393467767,
              30.07216928522896
            ]
          ]
        ],
        "type": "Polygon"
      },
      "properties": {
        "centroid": {
          "latitude": 30.074112740767,
          "longitude": 31.373909181678
        },
        "population": 512.082114661156,
        "zone_id": "NSR-GRID-066"
      },
      "type": "Feature"
    },
    {
      "geometry": {
        "coordinates": [
          [
            [
              31.376154969888365,
              30.07216928522896
            ],
            [
              31.376154969888365,
              30.07605619630511
            ],
            [
              31.380646546308967,
              30.07605619630511
            ],
            [
              31.380646546308967,
              30.07216928522896
            ],
            [
              31.376154969888365,
              30.07216928522896
            ]
          ]
        ],
        "type": "Polygon"
      },
      "properties": {
        "centroid": {
          "latitude": 30.074112740767,
          "longitude": 31.378400758099
        },
        "population": 789.788714812219,
        "zone_id": "NSR-GRID-067"
      },
      "type": "Feature"
    },
    {
      "geometry": {
        "coordinates": [
          [
            [
              31.380646546308967,
              30.07216928522896
            ],
            [
              31.380646546308967,
              30.07605619630511
            ],
            [
              31.385138122729565,
              30.07605619630511
            ],
            [
              31.385138122729565,
              30.07216928522896
            ],
            [
              31.380646546308967,
              30.07216928522896
            ]
          ]
        ],
        "type": "Polygon"
      },
      "properties": {
        "centroid": {
          "latitude": 30.074112740767,
          "longitude": 31.382892334519
        },
        "population": 9814.680863511141,
        "zone_id": "NSR-GRID-068"
      },
      "type": "Feature"
    },
    {
      "geometry": {
        "coordinates": [
          [
            [
              31.385138122729565,
              30.07216928522896
            ],
            [
              31.385138122729565,
              30.07605619630511
            ],
            [
              31.389629699150163,
              30.07605619630511
            ],
            [
              31.389629699150163,
              30.07216928522896
            ],
            [
              31.385138122729565,
              30.07216928522896
            ]
          ]
        ],
        "type": "Polygon"
      },
      "properties": {
        "centroid": {
          "latitude": 30.074112740767,
          "longitude": 31.38738391094
        },
        "population": 4988.976048951307,
        "zone_id": "NSR-GRID-069"
      },
      "type": "Feature"
    },
    {
      "geometry": {
        "coordinates": [
          [
            [
              31.389629699150163,
              30.07216928522896
            ],
            [
              31.389629699150163,
              30.07605619630511
            ],
            [
              31.394121275570754,
              30.07605619630511
            ],
            [
              31.394121275570754,
              30.07216928522896
            ],
            [
              31.389629699150163,
              30.07216928522896
            ]
          ]
        ],
        "type": "Polygon"
      },
      "properties": {
        "centroid": {
          "latitude": 30.074112740767,
          "longitude": 31.39187548736
        },
        "population": 1505.6835491786,
        "zone_id": "NSR-GRID-070"
      },
      "type": "Feature"
    },
    {
      "geometry": {
        "coordinates": [
          [
            [
              31.394121275570754,
              30.07216928522896
            ],
            [
              31.394121275570754,
              30.07605619630511
            ],
            [
              31.398612851991352,
              30.07605619630511
            ],
            [
              31.398612851991352,
              30.07216928522896
            ],
            [
              31.394121275570754,
              30.07216928522896
            ]
          ]
        ],
        "type": "Polygon"
      },
      "properties": {
        "centroid": {
          "latitude": 30.074112740767,
          "longitude": 31.396367063781
        },
        "population": 626.138851473744,
        "zone_id": "NSR-GRID-071"
      },
      "type": "Feature"
    },
    {
      "geometry": {
        "coordinates": [
          [
            [
              31.398612851991352,
              30.07216928522896
            ],
            [
              31.398612851991352,
              30.07605619630511
            ],
            [
              31.403104428411954,
              30.07605619630511
            ],
            [
              31.403104428411954,
              30.07216928522896
            ],
            [
              31.398612851991352,
              30.07216928522896
            ]
          ]
        ],
        "type": "Polygon"
      },
      "properties": {
        "centroid": {
          "latitude": 30.074112740767,
          "longitude": 31.400858640202
        },
        "population": 71.646900346331,
        "zone_id": "NSR-GRID-072"
      },
      "type": "Feature"
    },
    {
      "geometry": {
        "coordinates": [
          [
            [
              31.403104428411954,
              30.07216928522896
            ],
            [
              31.403104428411954,
              30.07605619630511
            ],
            [
              31.407596004832552,
              30.07605619630511
            ],
            [
              31.407596004832552,
              30.07216928522896
            ],
            [
              31.403104428411954,
              30.07216928522896
            ]
          ]
        ],
        "type": "Polygon"
      },
      "properties": {
        "centroid": {
          "latitude": 30.074112740767,
          "longitude": 31.405350216622
        },
        "population": 21.553041210364,
        "zone_id": "NSR-GRID-073"
      },
      "type": "Feature"
    },
    {
      "geometry": {
        "coordinates": [
          [
            [
              31.407596004832552,
              30.07216928522896
            ],
            [
              31.407596004832552,
              30.07605619630511
            ],
            [
              31.41208758125315,
              30.07605619630511
            ],
            [
              31.41208758125315,
              30.07216928522896
            ],
            [
              31.407596004832552,
              30.07216928522896
            ]
          ]
        ],
        "type": "Polygon"
      },
      "properties": {
        "centroid": {
          "latitude": 30.074112740767,
          "longitude": 31.409841793043
        },
        "population": 21.143054500261,
        "zone_id": "NSR-GRID-074"
      },
      "type": "Feature"
    },
    {
      "geometry": {
        "coordinates": [
          [
            [
              31.41208758125315,
              30.07216928522896
            ],
            [
              31.41208758125315,
              30.07605619630511
            ],
            [
              31.41657915767375,
              30.07605619630511
            ],
            [
              31.41657915767375,
              30.07216928522896
            ],
            [
              31.41208758125315,
              30.07216928522896
            ]
          ]
        ],
        "type": "Polygon"
      },
      "properties": {
        "centroid": {
          "latitude": 30.074112740767,
          "longitude": 31.414333369463
        },
        "population": 43.657316510184,
        "zone_id": "NSR-GRID-075"
      },
      "type": "Feature"
    },
    {
      "geometry": {
        "coordinates": [
          [
            [
              31.41657915767375,
              30.07216928522896
            ],
            [
              31.41657915767375,
              30.07605619630511
            ],
            [
              31.42107073409434,
              30.07605619630511
            ],
            [
              31.42107073409434,
              30.07216928522896
            ],
            [
              31.41657915767375,
              30.07216928522896
            ]
          ]
        ],
        "type": "Polygon"
      },
      "properties": {
        "centroid": {
          "latitude": 30.074112740767,
          "longitude": 31.418824945884
        },
        "population": 4.944556516025,
        "zone_id": "NSR-GRID-076"
      },
      "type": "Feature"
    },
    {
      "geometry": {
        "coordinates": [
          [
            [
              31.42107073409434,
              30.07216928522896
            ],
            [
              31.42107073409434,
              30.07605619630511
            ],
            [
              31.42556231051494,
              30.07605619630511
            ],
            [
              31.42556231051494,
              30.07216928522896
            ],
            [
              31.42107073409434,
              30.07216928522896
            ]
          ]
        ],
        "type": "Polygon"
      },
      "properties": {
        "centroid": {
          "latitude": 30.074112740767,
          "longitude": 31.423316522305
        },
        "population": 3.100910488304,
        "zone_id": "NSR-GRID-077"
      },
      "type": "Feature"
    },
    {
      "geometry": {
        "coordinates": [
          [
            [
              31.317764476420596,
              30.07216928522896
            ],
            [
              31.317764476420596,
              30.07173287677406
            ],
            [
              31.3175864,
              30.0719837
            ],
            [
              31.317448636849306,
              30.07216928522896
            ],
            [
              31.317764476420596,
              30.07216928522896
            ]
          ]
        ],
        "type": "Polygon"
      },
      "properties": {
        "centroid": {
          "latitude": 30.072024499047,
          "longitude": 31.31765985222
        },
        "population": 15.252789731434,
        "zone_id": "NSR-GRID-078"
      },
      "type": "Feature"
    },
    {
      "geometry": {
        "coordinates": [
          [
            [
              31.42556231051494,
              30.07216928522896
            ],
            [
              31.429409073680993,
              30.07216928522896
            ],
            [
              31.4275613,
              30.0701634
            ],
            [
              31.42556231051494,
              30.068537432681627
            ],
            [
              31.42556231051494,
              30.07216928522896
            ]
          ]
        ],
        "type": "Polygon"
      },
      "properties": {
        "centroid": {
          "latitude": 30.070913783959,
          "longitude": 31.426889294358
        },
        "population": 12.996222757519,
        "zone_id": "NSR-GRID-079"
      },
      "type": "Feature"
    },
    {
      "geometry": {
        "coordinates": [
          [
            [
              31.317764476420596,
              30.07216928522896
            ],
            [
              31.322256052841194,
              30.07216928522896
            ],
            [
              31.322256052841194,
              30.06828222146463
            ],
            [
              31.319734840459528,
              30.06828222146463
            ],
            [
              31.3192935,
              30.0695138
            ],
            [
              31.3188977,
              30.0701367
            ],
            [
              31.317764476420596,
              30.07173287677406
            ],
            [
              31.317764476420596,
              30.07216928522896
            ]
          ]
        ],
        "type": "Polygon"
      },
      "properties": {
        "centroid": {
          "latitude": 30.070436586932,
          "longitude": 31.32044796861
        },
        "population": 1863.685042362055,
        "zone_id": "NSR-GRID-080"
      },
      "type": "Feature"
    },
    {
      "geometry": {
        "coordinates": [
          [
            [
              31.42107073409434,
              30.06828222146463
            ],
            [
              31.42107073409434,
              30.07216928522896
            ],
            [
              31.42556231051494,
              30.07216928522896
            ],
            [
              31.42556231051494,
              30.068537432681627
            ],
            [
              31.425248552861458,
              30.06828222146463
            ],
            [
              31.42107073409434,
              30.06828222146463
            ]
          ]
        ],
        "type": "Polygon"
      },
      "properties": {
        "centroid": {
          "latitude": 30.070230024983,
          "longitude": 31.423311600794
        },
        "population": 5.78300124124,
        "zone_id": "NSR-GRID-081"
      },
      "type": "Feature"
    },
    {
      "geometry": {
        "coordinates": [
          [
            [
              31.322256052841194,
              30.06828222146463
            ],
            [
              31.322256052841194,
              30.07216928522896
            ],
            [
              31.326747629261792,
              30.07216928522896
            ],
            [
              31.326747629261792,
              30.06828222146463
            ],
            [
              31.322256052841194,
              30.06828222146463
            ]
          ]
        ],
        "type": "Polygon"
      },
      "properties": {
        "centroid": {
          "latitude": 30.070225753347,
          "longitude": 31.324501841051
        },
        "population": 2530.151239798866,
        "zone_id": "NSR-GRID-082"
      },
      "type": "Feature"
    },
    {
      "geometry": {
        "coordinates": [
          [
            [
              31.326747629261792,
              30.06828222146463
            ],
            [
              31.326747629261792,
              30.07216928522896
            ],
            [
              31.331239205682394,
              30.07216928522896
            ],
            [
              31.331239205682394,
              30.06828222146463
            ],
            [
              31.326747629261792,
              30.06828222146463
            ]
          ]
        ],
        "type": "Polygon"
      },
      "properties": {
        "centroid": {
          "latitude": 30.070225753347,
          "longitude": 31.328993417472
        },
        "population": 2987.72300367343,
        "zone_id": "NSR-GRID-083"
      },
      "type": "Feature"
    },
    {
      "geometry": {
        "coordinates": [
          [
            [
              31.331239205682394,
              30.06828222146463
            ],
            [
              31.331239205682394,
              30.07216928522896
            ],
            [
              31.335730782102992,
              30.07216928522896
            ],
            [
              31.335730782102992,
              30.06828222146463
            ],
            [
              31.331239205682394,
              30.06828222146463
            ]
          ]
        ],
        "type": "Polygon"
      },
      "properties": {
        "centroid": {
          "latitude": 30.070225753347,
          "longitude": 31.333484993893
        },
        "population": 2828.527188848394,
        "zone_id": "NSR-GRID-084"
      },
      "type": "Feature"
    },
    {
      "geometry": {
        "coordinates": [
          [
            [
              31.335730782102992,
              30.06828222146463
            ],
            [
              31.335730782102992,
              30.07216928522896
            ],
            [
              31.340222358523583,
              30.07216928522896
            ],
            [
              31.340222358523583,
              30.06828222146463
            ],
            [
              31.335730782102992,
              30.06828222146463
            ]
          ]
        ],
        "type": "Polygon"
      },
      "properties": {
        "centroid": {
          "latitude": 30.070225753347,
          "longitude": 31.337976570313
        },
        "population": 2166.459703750055,
        "zone_id": "NSR-GRID-085"
      },
      "type": "Feature"
    },
    {
      "geometry": {
        "coordinates": [
          [
            [
              31.340222358523583,
              30.06828222146463
            ],
            [
              31.340222358523583,
              30.07216928522896
            ],
            [
              31.34471393494418,
              30.07216928522896
            ],
            [
              31.34471393494418,
              30.06828222146463
            ],
            [
              31.340222358523583,
              30.06828222146463
            ]
          ]
        ],
        "type": "Polygon"
      },
      "properties": {
        "centroid": {
          "latitude": 30.070225753347,
          "longitude": 31.342468146734
        },
        "population": 2438.60839691671,
        "zone_id": "NSR-GRID-086"
      },
      "type": "Feature"
    },
    {
      "geometry": {
        "coordinates": [
          [
            [
              31.34471393494418,
              30.06828222146463
            ],
            [
              31.34471393494418,
              30.07216928522896
            ],
            [
              31.34920551136478,
              30.07216928522896
            ],
            [
              31.34920551136478,
              30.06828222146463
            ],
            [
              31.34471393494418,
              30.06828222146463
            ]
          ]
        ],
        "type": "Polygon"
      },
      "properties": {
        "centroid": {
          "latitude": 30.070225753347,
          "longitude": 31.346959723154
        },
        "population": 2065.474892454144,
        "zone_id": "NSR-GRID-087"
      },
      "type": "Feature"
    },
    {
      "geometry": {
        "coordinates": [
          [
            [
              31.34920551136478,
              30.06828222146463
            ],
            [
              31.34920551136478,
              30.07216928522896
            ],
            [
              31.35369708778538,
              30.07216928522896
            ],
            [
              31.35369708778538,
              30.06828222146463
            ],
            [
              31.34920551136478,
              30.06828222146463
            ]
          ]
        ],
        "type": "Polygon"
      },
      "properties": {
        "centroid": {
          "latitude": 30.070225753347,
          "longitude": 31.351451299575
        },
        "population": 1228.897817604183,
        "zone_id": "NSR-GRID-088"
      },
      "type": "Feature"
    },
    {
      "geometry": {
        "coordinates": [
          [
            [
              31.35369708778538,
              30.06828222146463
            ],
            [
              31.35369708778538,
              30.07216928522896
            ],
            [
              31.35818866420598,
              30.07216928522896
            ],
            [
              31.35818866420598,
              30.06828222146463
            ],
            [
              31.35369708778538,
              30.06828222146463
            ]
          ]
        ],
        "type": "Polygon"
      },
      "properties": {
        "centroid": {
          "latitude": 30.070225753347,
          "longitude": 31.355942875996
        },
        "population": 1702.99898350624,
        "zone_id": "NSR-GRID-089"
      },
      "type": "Feature"
    },
    {
      "geometry": {
        "coordinates": [
          [
            [
              31.35818866420598,
              30.06828222146463
            ],
            [
              31.35818866420598,
              30.07216928522896
            ],
            [
              31.362680240626577,
              30.07216928522896
            ],
            [
              31.362680240626577,
              30.06828222146463
            ],
            [
              31.35818866420598,
              30.06828222146463
            ]
          ]
        ],
        "type": "Polygon"
      },
      "properties": {
        "centroid": {
          "latitude": 30.070225753347,
          "longitude": 31.360434452416
        },
        "population": 1095.396364014666,
        "zone_id": "NSR-GRID-090"
      },
      "type": "Feature"
    },
    {
      "geometry": {
        "coordinates": [
          [
            [
              31.362680240626577,
              30.06828222146463
            ],
            [
              31.362680240626577,
              30.07216928522896
            ],
            [
              31.36717181704717,
              30.07216928522896
            ],
            [
              31.36717181704717,
              30.06828222146463
            ],
            [
              31.362680240626577,
              30.06828222146463
            ]
          ]
        ],
        "type": "Polygon"
      },
      "properties": {
        "centroid": {
          "latitude": 30.070225753347,
          "longitude": 31.364926028837
        },
        "population": 1600.398055735711,
        "zone_id": "NSR-GRID-091"
      },
      "type": "Feature"
    },
    {
      "geometry": {
        "coordinates": [
          [
            [
              31.36717181704717,
              30.06828222146463
            ],
            [
              31.36717181704717,
              30.07216928522896
            ],
            [
              31.371663393467767,
              30.07216928522896
            ],
            [
              31.371663393467767,
              30.06828222146463
            ],
            [
              31.36717181704717,
              30.06828222146463
            ]
          ]
        ],
        "type": "Polygon"
      },
      "properties": {
        "centroid": {
          "latitude": 30.070225753347,
          "longitude": 31.369417605257
        },
        "population": 6389.570605162405,
        "zone_id": "NSR-GRID-092"
      },
      "type": "Feature"
    },
    {
      "geometry": {
        "coordinates": [
          [
            [
              31.371663393467767,
              30.06828222146463
            ],
            [
              31.371663393467767,
              30.07216928522896
            ],
            [
              31.376154969888365,
              30.07216928522896
            ],
            [
              31.376154969888365,
              30.06828222146463
            ],
            [
              31.371663393467767,
              30.06828222146463
            ]
          ]
        ],
        "type": "Polygon"
      },
      "properties": {
        "centroid": {
          "latitude": 30.070225753347,
          "longitude": 31.373909181678
        },
        "population": 5295.859455829613,
        "zone_id": "NSR-GRID-093"
      },
      "type": "Feature"
    },
    {
      "geometry": {
        "coordinates": [
          [
            [
              31.376154969888365,
              30.06828222146463
            ],
            [
              31.376154969888365,
              30.07216928522896
            ],
            [
              31.380646546308967,
              30.07216928522896
            ],
            [
              31.380646546308967,
              30.06828222146463
            ],
            [
              31.376154969888365,
              30.06828222146463
            ]
          ]
        ],
        "type": "Polygon"
      },
      "properties": {
        "centroid": {
          "latitude": 30.070225753347,
          "longitude": 31.378400758099
        },
        "population": 6068.901622009657,
        "zone_id": "NSR-GRID-094"
      },
      "type": "Feature"
    },
    {
      "geometry": {
        "coordinates": [
          [
            [
              31.380646546308967,
              30.06828222146463
            ],
            [
              31.380646546308967,
              30.07216928522896
            ],
            [
              31.385138122729565,
              30.07216928522896
            ],
            [
              31.385138122729565,
              30.06828222146463
            ],
            [
              31.380646546308967,
              30.06828222146463
            ]
          ]
        ],
        "type": "Polygon"
      },
      "properties": {
        "centroid": {
          "latitude": 30.070225753347,
          "longitude": 31.382892334519
        },
        "population": 4855.589018043778,
        "zone_id": "NSR-GRID-095"
      },
      "type": "Feature"
    },
    {
      "geometry": {
        "coordinates": [
          [
            [
              31.385138122729565,
              30.06828222146463
            ],
            [
              31.385138122729565,
              30.07216928522896
            ],
            [
              31.389629699150163,
              30.07216928522896
            ],
            [
              31.389629699150163,
              30.06828222146463
            ],
            [
              31.385138122729565,
              30.06828222146463
            ]
          ]
        ],
        "type": "Polygon"
      },
      "properties": {
        "centroid": {
          "latitude": 30.070225753347,
          "longitude": 31.38738391094
        },
        "population": 6717.311090951212,
        "zone_id": "NSR-GRID-096"
      },
      "type": "Feature"
    },
    {
      "geometry": {
        "coordinates": [
          [
            [
              31.389629699150163,
              30.06828222146463
            ],
            [
              31.389629699150163,
              30.07216928522896
            ],
            [
              31.394121275570754,
              30.07216928522896
            ],
            [
              31.394121275570754,
              30.06828222146463
            ],
            [
              31.389629699150163,
              30.06828222146463
            ]
          ]
        ],
        "type": "Polygon"
      },
      "properties": {
        "centroid": {
          "latitude": 30.070225753347,
          "longitude": 31.39187548736
        },
        "population": 2453.298484779872,
        "zone_id": "NSR-GRID-097"
      },
      "type": "Feature"
    },
    {
      "geometry": {
        "coordinates": [
          [
            [
              31.394121275570754,
              30.06828222146463
            ],
            [
              31.394121275570754,
              30.07216928522896
            ],
            [
              31.398612851991352,
              30.07216928522896
            ],
            [
              31.398612851991352,
              30.06828222146463
            ],
            [
              31.394121275570754,
              30.06828222146463
            ]
          ]
        ],
        "type": "Polygon"
      },
      "properties": {
        "centroid": {
          "latitude": 30.070225753347,
          "longitude": 31.396367063781
        },
        "population": 1948.500835507256,
        "zone_id": "NSR-GRID-098"
      },
      "type": "Feature"
    },
    {
      "geometry": {
        "coordinates": [
          [
            [
              31.398612851991352,
              30.06828222146463
            ],
            [
              31.398612851991352,
              30.07216928522896
            ],
            [
              31.403104428411954,
              30.07216928522896
            ],
            [
              31.403104428411954,
              30.06828222146463
            ],
            [
              31.398612851991352,
              30.06828222146463
            ]
          ]
        ],
        "type": "Polygon"
      },
      "properties": {
        "centroid": {
          "latitude": 30.070225753347,
          "longitude": 31.400858640202
        },
        "population": 1400.730528302854,
        "zone_id": "NSR-GRID-099"
      },
      "type": "Feature"
    },
    {
      "geometry": {
        "coordinates": [
          [
            [
              31.403104428411954,
              30.06828222146463
            ],
            [
              31.403104428411954,
              30.07216928522896
            ],
            [
              31.407596004832552,
              30.07216928522896
            ],
            [
              31.407596004832552,
              30.06828222146463
            ],
            [
              31.403104428411954,
              30.06828222146463
            ]
          ]
        ],
        "type": "Polygon"
      },
      "properties": {
        "centroid": {
          "latitude": 30.070225753347,
          "longitude": 31.405350216622
        },
        "population": 290.100958912673,
        "zone_id": "NSR-GRID-100"
      },
      "type": "Feature"
    },
    {
      "geometry": {
        "coordinates": [
          [
            [
              31.407596004832552,
              30.06828222146463
            ],
            [
              31.407596004832552,
              30.07216928522896
            ],
            [
              31.41208758125315,
              30.07216928522896
            ],
            [
              31.41208758125315,
              30.06828222146463
            ],
            [
              31.407596004832552,
              30.06828222146463
            ]
          ]
        ],
        "type": "Polygon"
      },
      "properties": {
        "centroid": {
          "latitude": 30.070225753347,
          "longitude": 31.409841793043
        },
        "population": 72.258730475393,
        "zone_id": "NSR-GRID-101"
      },
      "type": "Feature"
    },
    {
      "geometry": {
        "coordinates": [
          [
            [
              31.41208758125315,
              30.06828222146463
            ],
            [
              31.41208758125315,
              30.07216928522896
            ],
            [
              31.41657915767375,
              30.07216928522896
            ],
            [
              31.41657915767375,
              30.06828222146463
            ],
            [
              31.41208758125315,
              30.06828222146463
            ]
          ]
        ],
        "type": "Polygon"
      },
      "properties": {
        "centroid": {
          "latitude": 30.070225753347,
          "longitude": 31.414333369463
        },
        "population": 0.425339896041,
        "zone_id": "NSR-GRID-102"
      },
      "type": "Feature"
    },
    {
      "geometry": {
        "coordinates": [
          [
            [
              31.41657915767375,
              30.06828222146463
            ],
            [
              31.41657915767375,
              30.07216928522896
            ],
            [
              31.42107073409434,
              30.07216928522896
            ],
            [
              31.42107073409434,
              30.06828222146463
            ],
            [
              31.41657915767375,
              30.06828222146463
            ]
          ]
        ],
        "type": "Polygon"
      },
      "properties": {
        "centroid": {
          "latitude": 30.070225753347,
          "longitude": 31.418824945884
        },
        "population": 26.537419880369,
        "zone_id": "NSR-GRID-103"
      },
      "type": "Feature"
    },
    {
      "geometry": {
        "coordinates": [
          [
            [
              31.42107073409434,
              30.06828222146463
            ],
            [
              31.425248552861458,
              30.06828222146463
            ],
            [
              31.4251755,
              30.0682228
            ],
            [
              31.4226475,
              30.0664334
            ],
            [
              31.42107073409434,
              30.065352117234557
            ],
            [
              31.42107073409434,
              30.06828222146463
            ]
          ]
        ],
        "type": "Polygon"
      },
      "properties": {
        "centroid": {
          "latitude": 30.067300938783,
          "longitude": 31.422470692055
        },
        "population": 12.002890630073,
        "zone_id": "NSR-GRID-104"
      },
      "type": "Feature"
    },
    {
      "geometry": {
        "coordinates": [
          [
            [
              31.322256052841194,
              30.06828222146463
            ],
            [
              31.322256052841194,
              30.06439500502402
            ],
            [
              31.321508474791283,
              30.06439500502402
            ],
            [
              31.3207722,
              30.065661
            ],
            [
              31.3201768,
              30.0670489
            ],
            [
              31.319734840459528,
              30.06828222146463
            ],
            [
              31.322256052841194,
              30.06828222146463
            ]
          ]
        ],
        "type": "Polygon"
      },
      "properties": {
        "centroid": {
          "latitude": 30.066666424244,
          "longitude": 31.321316984851
        },
        "population": 784.473909179866,
        "zone_id": "NSR-GRID-105"
      },
      "type": "Feature"
    },
    {
      "geometry": {
        "coordinates": [
          [
            [
              31.41657915767375,
              30.06439500502402
            ],
            [
              31.41657915767375,
              30.06828222146463
            ],
            [
              31.42107073409434,
              30.06828222146463
            ],
            [
              31.42107073409434,
              30.065352117234557
            ],
            [
              31.4207935,
              30.065162
            ],
            [
              31.42001294353072,
              30.06439500502402
            ],
            [
              31.41657915767375,
              30.06439500502402
            ]
          ]
        ],
        "type": "Polygon"
      },
      "properties": {
        "centroid": {
          "latitude": 30.066389811536,
          "longitude": 31.418764891896
        },
        "population": 19.067502144689,
        "zone_id": "NSR-GRID-106"
      },
      "type": "Feature"
    },
    {
      "geometry": {
        "coordinates": [
          [
            [
              31.322256052841194,
              30.06439500502402
            ],
            [
              31.322256052841194,
              30.06828222146463
            ],
            [
              31.326747629261792,
              30.06828222146463
            ],
            [
              31.326747629261792,
              30.06439500502402
            ],
            [
              31.322256052841194,
              30.06439500502402
            ]
          ]
        ],
        "type": "Polygon"
      },
      "properties": {
        "centroid": {
          "latitude": 30.066338613244,
          "longitude": 31.324501841051
        },
        "population": 2408.679427373663,
        "zone_id": "NSR-GRID-107"
      },
      "type": "Feature"
    },
    {
      "geometry": {
        "coordinates": [
          [
            [
              31.326747629261792,
              30.06439500502402
            ],
            [
              31.326747629261792,
              30.06828222146463
            ],
            [
              31.331239205682394,
              30.06828222146463
            ],
            [
              31.331239205682394,
              30.06439500502402
            ],
            [
              31.326747629261792,
              30.06439500502402
            ]
          ]
        ],
        "type": "Polygon"
      },
      "properties": {
        "centroid": {
          "latitude": 30.066338613244,
          "longitude": 31.328993417472
        },
        "population": 2392.328515764156,
        "zone_id": "NSR-GRID-108"
      },
      "type": "Feature"
    },
    {
      "geometry": {
        "coordinates": [
          [
            [
              31.331239205682394,
              30.06439500502402
            ],
            [
              31.331239205682394,
              30.06828222146463
            ],
            [
              31.335730782102992,
              30.06828222146463
            ],
            [
              31.335730782102992,
              30.06439500502402
            ],
            [
              31.331239205682394,
              30.06439500502402
            ]
          ]
        ],
        "type": "Polygon"
      },
      "properties": {
        "centroid": {
          "latitude": 30.066338613244,
          "longitude": 31.333484993893
        },
        "population": 4543.409246068039,
        "zone_id": "NSR-GRID-109"
      },
      "type": "Feature"
    },
    {
      "geometry": {
        "coordinates": [
          [
            [
              31.335730782102992,
              30.06439500502402
            ],
            [
              31.335730782102992,
              30.06828222146463
            ],
            [
              31.340222358523583,
              30.06828222146463
            ],
            [
              31.340222358523583,
              30.06439500502402
            ],
            [
              31.335730782102992,
              30.06439500502402
            ]
          ]
        ],
        "type": "Polygon"
      },
      "properties": {
        "centroid": {
          "latitude": 30.066338613244,
          "longitude": 31.337976570313
        },
        "population": 3031.96917272452,
        "zone_id": "NSR-GRID-110"
      },
      "type": "Feature"
    },
    {
      "geometry": {
        "coordinates": [
          [
            [
              31.340222358523583,
              30.06439500502402
            ],
            [
              31.340222358523583,
              30.06828222146463
            ],
            [
              31.34471393494418,
              30.06828222146463
            ],
            [
              31.34471393494418,
              30.06439500502402
            ],
            [
              31.340222358523583,
              30.06439500502402
            ]
          ]
        ],
        "type": "Polygon"
      },
      "properties": {
        "centroid": {
          "latitude": 30.066338613244,
          "longitude": 31.342468146734
        },
        "population": 3427.518744487741,
        "zone_id": "NSR-GRID-111"
      },
      "type": "Feature"
    },
    {
      "geometry": {
        "coordinates": [
          [
            [
              31.34471393494418,
              30.06439500502402
            ],
            [
              31.34471393494418,
              30.06828222146463
            ],
            [
              31.34920551136478,
              30.06828222146463
            ],
            [
              31.34920551136478,
              30.06439500502402
            ],
            [
              31.34471393494418,
              30.06439500502402
            ]
          ]
        ],
        "type": "Polygon"
      },
      "properties": {
        "centroid": {
          "latitude": 30.066338613244,
          "longitude": 31.346959723154
        },
        "population": 2610.698833092861,
        "zone_id": "NSR-GRID-112"
      },
      "type": "Feature"
    },
    {
      "geometry": {
        "coordinates": [
          [
            [
              31.34920551136478,
              30.06439500502402
            ],
            [
              31.34920551136478,
              30.06828222146463
            ],
            [
              31.35369708778538,
              30.06828222146463
            ],
            [
              31.35369708778538,
              30.06439500502402
            ],
            [
              31.34920551136478,
              30.06439500502402
            ]
          ]
        ],
        "type": "Polygon"
      },
      "properties": {
        "centroid": {
          "latitude": 30.066338613244,
          "longitude": 31.351451299575
        },
        "population": 4370.820598512344,
        "zone_id": "NSR-GRID-113"
      },
      "type": "Feature"
    },
    {
      "geometry": {
        "coordinates": [
          [
            [
              31.35369708778538,
              30.06439500502402
            ],
            [
              31.35369708778538,
              30.06828222146463
            ],
            [
              31.35818866420598,
              30.06828222146463
            ],
            [
              31.35818866420598,
              30.06439500502402
            ],
            [
              31.35369708778538,
              30.06439500502402
            ]
          ]
        ],
        "type": "Polygon"
      },
      "properties": {
        "centroid": {
          "latitude": 30.066338613244,
          "longitude": 31.355942875996
        },
        "population": 3735.283020620665,
        "zone_id": "NSR-GRID-114"
      },
      "type": "Feature"
    },
    {
      "geometry": {
        "coordinates": [
          [
            [
              31.35818866420598,
              30.06439500502402
            ],
            [
              31.35818866420598,
              30.06828222146463
            ],
            [
              31.362680240626577,
              30.06828222146463
            ],
            [
              31.362680240626577,
              30.06439500502402
            ],
            [
              31.35818866420598,
              30.06439500502402
            ]
          ]
        ],
        "type": "Polygon"
      },
      "properties": {
        "centroid": {
          "latitude": 30.066338613244,
          "longitude": 31.360434452416
        },
        "population": 2978.200578531702,
        "zone_id": "NSR-GRID-115"
      },
      "type": "Feature"
    },
    {
      "geometry": {
        "coordinates": [
          [
            [
              31.362680240626577,
              30.06439500502402
            ],
            [
              31.362680240626577,
              30.06828222146463
            ],
            [
              31.36717181704717,
              30.06828222146463
            ],
            [
              31.36717181704717,
              30.06439500502402
            ],
            [
              31.362680240626577,
              30.06439500502402
            ]
          ]
        ],
        "type": "Polygon"
      },
      "properties": {
        "centroid": {
          "latitude": 30.066338613244,
          "longitude": 31.364926028837
        },
        "population": 1945.933628539947,
        "zone_id": "NSR-GRID-116"
      },
      "type": "Feature"
    },
    {
      "geometry": {
        "coordinates": [
          [
            [
              31.36717181704717,
              30.06439500502402
            ],
            [
              31.36717181704717,
              30.06828222146463
            ],
            [
              31.371663393467767,
              30.06828222146463
            ],
            [
              31.371663393467767,
              30.06439500502402
            ],
            [
              31.36717181704717,
              30.06439500502402
            ]
          ]
        ],
        "type": "Polygon"
      },
      "properties": {
        "centroid": {
          "latitude": 30.066338613244,
          "longitude": 31.369417605257
        },
        "population": 1061.091722506705,
        "zone_id": "NSR-GRID-117"
      },
      "type": "Feature"
    },
    {
      "geometry": {
        "coordinates": [
          [
            [
              31.371663393467767,
              30.06439500502402
            ],
            [
              31.371663393467767,
              30.06828222146463
            ],
            [
              31.376154969888365,
              30.06828222146463
            ],
            [
              31.376154969888365,
              30.06439500502402
            ],
            [
              31.371663393467767,
              30.06439500502402
            ]
          ]
        ],
        "type": "Polygon"
      },
      "properties": {
        "centroid": {
          "latitude": 30.066338613244,
          "longitude": 31.373909181678
        },
        "population": 2262.496253425723,
        "zone_id": "NSR-GRID-118"
      },
      "type": "Feature"
    },
    {
      "geometry": {
        "coordinates": [
          [
            [
              31.376154969888365,
              30.06439500502402
            ],
            [
              31.376154969888365,
              30.06828222146463
            ],
            [
              31.380646546308967,
              30.06828222146463
            ],
            [
              31.380646546308967,
              30.06439500502402
            ],
            [
              31.376154969888365,
              30.06439500502402
            ]
          ]
        ],
        "type": "Polygon"
      },
      "properties": {
        "centroid": {
          "latitude": 30.066338613244,
          "longitude": 31.378400758099
        },
        "population": 12223.622498181043,
        "zone_id": "NSR-GRID-119"
      },
      "type": "Feature"
    },
    {
      "geometry": {
        "coordinates": [
          [
            [
              31.380646546308967,
              30.06439500502402
            ],
            [
              31.380646546308967,
              30.06828222146463
            ],
            [
              31.385138122729565,
              30.06828222146463
            ],
            [
              31.385138122729565,
              30.06439500502402
            ],
            [
              31.380646546308967,
              30.06439500502402
            ]
          ]
        ],
        "type": "Polygon"
      },
      "properties": {
        "centroid": {
          "latitude": 30.066338613244,
          "longitude": 31.382892334519
        },
        "population": 13554.5683388441,
        "zone_id": "NSR-GRID-120"
      },
      "type": "Feature"
    },
    {
      "geometry": {
        "coordinates": [
          [
            [
              31.385138122729565,
              30.06439500502402
            ],
            [
              31.385138122729565,
              30.06828222146463
            ],
            [
              31.389629699150163,
              30.06828222146463
            ],
            [
              31.389629699150163,
              30.06439500502402
            ],
            [
              31.385138122729565,
              30.06439500502402
            ]
          ]
        ],
        "type": "Polygon"
      },
      "properties": {
        "centroid": {
          "latitude": 30.066338613244,
          "longitude": 31.38738391094
        },
        "population": 8382.21511971599,
        "zone_id": "NSR-GRID-121"
      },
      "type": "Feature"
    },
    {
      "geometry": {
        "coordinates": [
          [
            [
              31.389629699150163,
              30.06439500502402
            ],
            [
              31.389629699150163,
              30.06828222146463
            ],
            [
              31.394121275570754,
              30.06828222146463
            ],
            [
              31.394121275570754,
              30.06439500502402
            ],
            [
              31.389629699150163,
              30.06439500502402
            ]
          ]
        ],
        "type": "Polygon"
      },
      "properties": {
        "centroid": {
          "latitude": 30.066338613244,
          "longitude": 31.39187548736
        },
        "population": 2732.812282202467,
        "zone_id": "NSR-GRID-122"
      },
      "type": "Feature"
    },
    {
      "geometry": {
        "coordinates": [
          [
            [
              31.394121275570754,
              30.06439500502402
            ],
            [
              31.394121275570754,
              30.06828222146463
            ],
            [
              31.398612851991352,
              30.06828222146463
            ],
            [
              31.398612851991352,
              30.06439500502402
            ],
            [
              31.394121275570754,
              30.06439500502402
            ]
          ]
        ],
        "type": "Polygon"
      },
      "properties": {
        "centroid": {
          "latitude": 30.066338613244,
          "longitude": 31.396367063781
        },
        "population": 2550.309455009369,
        "zone_id": "NSR-GRID-123"
      },
      "type": "Feature"
    },
    {
      "geometry": {
        "coordinates": [
          [
            [
              31.398612851991352,
              30.06439500502402
            ],
            [
              31.398612851991352,
              30.06828222146463
            ],
            [
              31.403104428411954,
              30.06828222146463
            ],
            [
              31.403104428411954,
              30.06439500502402
            ],
            [
              31.398612851991352,
              30.06439500502402
            ]
          ]
        ],
        "type": "Polygon"
      },
      "properties": {
        "centroid": {
          "latitude": 30.066338613244,
          "longitude": 31.400858640202
        },
        "population": 1952.380440747454,
        "zone_id": "NSR-GRID-124"
      },
      "type": "Feature"
    },
    {
      "geometry": {
        "coordinates": [
          [
            [
              31.403104428411954,
              30.06439500502402
            ],
            [
              31.403104428411954,
              30.06828222146463
            ],
            [
              31.407596004832552,
              30.06828222146463
            ],
            [
              31.407596004832552,
              30.06439500502402
            ],
            [
              31.403104428411954,
              30.06439500502402
            ]
          ]
        ],
        "type": "Polygon"
      },
      "properties": {
        "centroid": {
          "latitude": 30.066338613244,
          "longitude": 31.405350216622
        },
        "population": 506.478099112159,
        "zone_id": "NSR-GRID-125"
      },
      "type": "Feature"
    },
    {
      "geometry": {
        "coordinates": [
          [
            [
              31.407596004832552,
              30.06439500502402
            ],
            [
              31.407596004832552,
              30.06828222146463
            ],
            [
              31.41208758125315,
              30.06828222146463
            ],
            [
              31.41208758125315,
              30.06439500502402
            ],
            [
              31.407596004832552,
              30.06439500502402
            ]
          ]
        ],
        "type": "Polygon"
      },
      "properties": {
        "centroid": {
          "latitude": 30.066338613244,
          "longitude": 31.409841793043
        },
        "population": 117.938573981827,
        "zone_id": "NSR-GRID-126"
      },
      "type": "Feature"
    },
    {
      "geometry": {
        "coordinates": [
          [
            [
              31.41208758125315,
              30.06439500502402
            ],
            [
              31.41208758125315,
              30.06828222146463
            ],
            [
              31.41657915767375,
              30.06828222146463
            ],
            [
              31.41657915767375,
              30.06439500502402
            ],
            [
              31.41208758125315,
              30.06439500502402
            ]
          ]
        ],
        "type": "Polygon"
      },
      "properties": {
        "centroid": {
          "latitude": 30.066338613244,
          "longitude": 31.414333369463
        },
        "population": 2.827092253066,
        "zone_id": "NSR-GRID-127"
      },
      "type": "Feature"
    },
    {
      "geometry": {
        "coordinates": [
          [
            [
              31.322256052841194,
              30.06439500502402
            ],
            [
              31.322256052841194,
              30.0631095579809
            ],
            [
              31.321508474791283,
              30.06439500502402
            ],
            [
              31.322256052841194,
              30.06439500502402
            ]
          ]
        ],
        "type": "Polygon"
      },
      "properties": {
        "centroid": {
          "latitude": 30.063966522676,
          "longitude": 31.322006860158
        },
        "population": 69.86812090745,
        "zone_id": "NSR-GRID-128"
      },
      "type": "Feature"
    },
    {
      "geometry": {
        "coordinates": [
          [
            [
              31.41657915767375,
              30.06439500502402
            ],
            [
              31.42001294353072,
              30.06439500502402
            ],
            [
              31.4181906,
              30.0626043
            ],
            [
              31.41657915767375,
              30.060679953031
            ],
            [
              31.41657915767375,
              30.06439500502402
            ]
          ]
        ],
        "type": "Polygon"
      },
      "properties": {
        "centroid": {
          "latitude": 30.06318720915,
          "longitude": 31.417696256928
        },
        "population": 23.938904462272,
        "zone_id": "NSR-GRID-129"
      },
      "type": "Feature"
    },
    {
      "geometry": {
        "coordinates": [
          [
            [
              31.322256052841194,
              30.06439500502402
            ],
            [
              31.326747629261792,
              30.06439500502402
            ],
            [
              31.326747629261792,
              30.06050763591903
            ],
            [
              31.323759049574754,
              30.06050763591903
            ],
            [
              31.322397,
              30.0628672
            ],
            [
              31.322256052841194,
              30.0631095579809
            ],
            [
              31.322256052841194,
              30.06439500502402
            ]
          ]
        ],
        "type": "Polygon"
      },
      "properties": {
        "centroid": {
          "latitude": 30.062587095969,
          "longitude": 31.324722028671
        },
        "population": 2662.19518940109,
        "zone_id": "NSR-GRID-130"
      },
      "type": "Feature"
    },
    {
      "geometry": {
        "coordinates": [
          [
            [
              31.41208758125315,
              30.06050763591903
            ],
            [
              31.41208758125315,
              30.06439500502402
            ],
            [
              31.41657915767375,
              30.06439500502402
            ],
            [
              31.41657915767375,
              30.060679953031
            ],
            [
              31.416434861373908,
              30.06050763591903
            ],
            [
              31.41208758125315,
              30.06050763591903
            ]
          ]
        ],
        "type": "Polygon"
      },
      "properties": {
        "centroid": {
          "latitude": 30.062452664494,
          "longitude": 31.414331803525
        },
        "population": 66.444976360325,
        "zone_id": "NSR-GRID-131"
      },
      "type": "Feature"
    },
    {
      "geometry": {
        "coordinates": [
          [
            [
              31.326747629261792,
              30.06050763591903
            ],
            [
              31.326747629261792,
              30.06439500502402
            ],
            [
              31.331239205682394,
              30.06439500502402
            ],
            [
              31.331239205682394,
              30.06050763591903
            ],
            [
              31.326747629261792,
              30.06050763591903
            ]
          ]
        ],
        "type": "Polygon"
      },
      "properties": {
        "centroid": {
          "latitude": 30.062451320472,
          "longitude": 31.328993417472
        },
        "population": 5279.691120939321,
        "zone_id": "NSR-GRID-132"
      },
      "type": "Feature"
    },
    {
      "geometry": {
        "coordinates": [
          [
            [
              31.331239205682394,
              30.06050763591903
            ],
            [
              31.331239205682394,
              30.06439500502402
            ],
            [
              31.335730782102992,
              30.06439500502402
            ],
            [
              31.335730782102992,
              30.06050763591903
            ],
            [
              31.331239205682394,
              30.06050763591903
            ]
          ]
        ],
        "type": "Polygon"
      },
      "properties": {
        "centroid": {
          "latitude": 30.062451320472,
          "longitude": 31.333484993893
        },
        "population": 4522.212109674299,
        "zone_id": "NSR-GRID-133"
      },
      "type": "Feature"
    },
    {
      "geometry": {
        "coordinates": [
          [
            [
              31.335730782102992,
              30.06050763591903
            ],
            [
              31.335730782102992,
              30.06439500502402
            ],
            [
              31.340222358523583,
              30.06439500502402
            ],
            [
              31.340222358523583,
              30.06050763591903
            ],
            [
              31.335730782102992,
              30.06050763591903
            ]
          ]
        ],
        "type": "Polygon"
      },
      "properties": {
        "centroid": {
          "latitude": 30.062451320472,
          "longitude": 31.337976570313
        },
        "population": 4023.420593239745,
        "zone_id": "NSR-GRID-134"
      },
      "type": "Feature"
    },
    {
      "geometry": {
        "coordinates": [
          [
            [
              31.340222358523583,
              30.06050763591903
            ],
            [
              31.340222358523583,
              30.06439500502402
            ],
            [
              31.34471393494418,
              30.06439500502402
            ],
            [
              31.34471393494418,
              30.06050763591903
            ],
            [
              31.340222358523583,
              30.06050763591903
            ]
          ]
        ],
        "type": "Polygon"
      },
      "properties": {
        "centroid": {
          "latitude": 30.062451320472,
          "longitude": 31.342468146734
        },
        "population": 3700.71091952205,
        "zone_id": "NSR-GRID-135"
      },
      "type": "Feature"
    },
    {
      "geometry": {
        "coordinates": [
          [
            [
              31.34471393494418,
              30.06050763591903
            ],
            [
              31.34471393494418,
              30.06439500502402
            ],
            [
              31.34920551136478,
              30.06439500502402
            ],
            [
              31.34920551136478,
              30.06050763591903
            ],
            [
              31.34471393494418,
              30.06050763591903
            ]
          ]
        ],
        "type": "Polygon"
      },
      "properties": {
        "centroid": {
          "latitude": 30.062451320472,
          "longitude": 31.346959723154
        },
        "population": 1506.805383044294,
        "zone_id": "NSR-GRID-136"
      },
      "type": "Feature"
    },
    {
      "geometry": {
        "coordinates": [
          [
            [
              31.34920551136478,
              30.06050763591903
            ],
            [
              31.34920551136478,
              30.06439500502402
            ],
            [
              31.35369708778538,
              30.06439500502402
            ],
            [
              31.35369708778538,
              30.06050763591903
            ],
            [
              31.34920551136478,
              30.06050763591903
            ]
          ]
        ],
        "type": "Polygon"
      },
      "properties": {
        "centroid": {
          "latitude": 30.062451320472,
          "longitude": 31.351451299575
        },
        "population": 3301.846213348687,
        "zone_id": "NSR-GRID-137"
      },
      "type": "Feature"
    },
    {
      "geometry": {
        "coordinates": [
          [
            [
              31.35369708778538,
              30.06050763591903
            ],
            [
              31.35369708778538,
              30.06439500502402
            ],
            [
              31.35818866420598,
              30.06439500502402
            ],
            [
              31.35818866420598,
              30.06050763591903
            ],
            [
              31.35369708778538,
              30.06050763591903
            ]
          ]
        ],
        "type": "Polygon"
      },
      "properties": {
        "centroid": {
          "latitude": 30.062451320472,
          "longitude": 31.355942875996
        },
        "population": 3308.213938287523,
        "zone_id": "NSR-GRID-138"
      },
      "type": "Feature"
    },
    {
      "geometry": {
        "coordinates": [
          [
            [
              31.35818866420598,
              30.06050763591903
            ],
            [
              31.35818866420598,
              30.06439500502402
            ],
            [
              31.362680240626577,
              30.06439500502402
            ],
            [
              31.362680240626577,
              30.06050763591903
            ],
            [
              31.35818866420598,
              30.06050763591903
            ]
          ]
        ],
        "type": "Polygon"
      },
      "properties": {
        "centroid": {
          "latitude": 30.062451320472,
          "longitude": 31.360434452416
        },
        "population": 2823.155401027284,
        "zone_id": "NSR-GRID-139"
      },
      "type": "Feature"
    },
    {
      "geometry": {
        "coordinates": [
          [
            [
              31.362680240626577,
              30.06050763591903
            ],
            [
              31.362680240626577,
              30.06439500502402
            ],
            [
              31.36717181704717,
              30.06439500502402
            ],
            [
              31.36717181704717,
              30.06050763591903
            ],
            [
              31.362680240626577,
              30.06050763591903
            ]
          ]
        ],
        "type": "Polygon"
      },
      "properties": {
        "centroid": {
          "latitude": 30.062451320472,
          "longitude": 31.364926028837
        },
        "population": 323.891822749636,
        "zone_id": "NSR-GRID-140"
      },
      "type": "Feature"
    },
    {
      "geometry": {
        "coordinates": [
          [
            [
              31.36717181704717,
              30.06050763591903
            ],
            [
              31.36717181704717,
              30.06439500502402
            ],
            [
              31.371663393467767,
              30.06439500502402
            ],
            [
              31.371663393467767,
              30.06050763591903
            ],
            [
              31.36717181704717,
              30.06050763591903
            ]
          ]
        ],
        "type": "Polygon"
      },
      "properties": {
        "centroid": {
          "latitude": 30.062451320472,
          "longitude": 31.369417605257
        },
        "population": 90.286343501632,
        "zone_id": "NSR-GRID-141"
      },
      "type": "Feature"
    },
    {
      "geometry": {
        "coordinates": [
          [
            [
              31.371663393467767,
              30.06050763591903
            ],
            [
              31.371663393467767,
              30.06439500502402
            ],
            [
              31.376154969888365,
              30.06439500502402
            ],
            [
              31.376154969888365,
              30.06050763591903
            ],
            [
              31.371663393467767,
              30.06050763591903
            ]
          ]
        ],
        "type": "Polygon"
      },
      "properties": {
        "centroid": {
          "latitude": 30.062451320472,
          "longitude": 31.373909181678
        },
        "population": 1199.887420012952,
        "zone_id": "NSR-GRID-142"
      },
      "type": "Feature"
    },
    {
      "geometry": {
        "coordinates": [
          [
            [
              31.376154969888365,
              30.06050763591903
            ],
            [
              31.376154969888365,
              30.06439500502402
            ],
            [
              31.380646546308967,
              30.06439500502402
            ],
            [
              31.380646546308967,
              30.06050763591903
            ],
            [
              31.376154969888365,
              30.06050763591903
            ]
          ]
        ],
        "type": "Polygon"
      },
      "properties": {
        "centroid": {
          "latitude": 30.062451320472,
          "longitude": 31.378400758099
        },
        "population": 5344.482161218427,
        "zone_id": "NSR-GRID-143"
      },
      "type": "Feature"
    },
    {
      "geometry": {
        "coordinates": [
          [
            [
              31.380646546308967,
              30.06050763591903
            ],
            [
              31.380646546308967,
              30.06439500502402
            ],
            [
              31.385138122729565,
              30.06439500502402
            ],
            [
              31.385138122729565,
              30.06050763591903
            ],
            [
              31.380646546308967,
              30.06050763591903
            ]
          ]
        ],
        "type": "Polygon"
      },
      "properties": {
        "centroid": {
          "latitude": 30.062451320472,
          "longitude": 31.382892334519
        },
        "population": 13703.213823622702,
        "zone_id": "NSR-GRID-144"
      },
      "type": "Feature"
    },
    {
      "geometry": {
        "coordinates": [
          [
            [
              31.385138122729565,
              30.06050763591903
            ],
            [
              31.385138122729565,
              30.06439500502402
            ],
            [
              31.389629699150163,
              30.06439500502402
            ],
            [
              31.389629699150163,
              30.06050763591903
            ],
            [
              31.385138122729565,
              30.06050763591903
            ]
          ]
        ],
        "type": "Polygon"
      },
      "properties": {
        "centroid": {
          "latitude": 30.062451320472,
          "longitude": 31.38738391094
        },
        "population": 8588.085016212368,
        "zone_id": "NSR-GRID-145"
      },
      "type": "Feature"
    },
    {
      "geometry": {
        "coordinates": [
          [
            [
              31.389629699150163,
              30.06050763591903
            ],
            [
              31.389629699150163,
              30.06439500502402
            ],
            [
              31.394121275570754,
              30.06439500502402
            ],
            [
              31.394121275570754,
              30.06050763591903
            ],
            [
              31.389629699150163,
              30.06050763591903
            ]
          ]
        ],
        "type": "Polygon"
      },
      "properties": {
        "centroid": {
          "latitude": 30.062451320472,
          "longitude": 31.39187548736
        },
        "population": 2381.89201656959,
        "zone_id": "NSR-GRID-146"
      },
      "type": "Feature"
    },
    {
      "geometry": {
        "coordinates": [
          [
            [
              31.394121275570754,
              30.06050763591903
            ],
            [
              31.394121275570754,
              30.06439500502402
            ],
            [
              31.398612851991352,
              30.06439500502402
            ],
            [
              31.398612851991352,
              30.06050763591903
            ],
            [
              31.394121275570754,
              30.06050763591903
            ]
          ]
        ],
        "type": "Polygon"
      },
      "properties": {
        "centroid": {
          "latitude": 30.062451320472,
          "longitude": 31.396367063781
        },
        "population": 2392.689406592124,
        "zone_id": "NSR-GRID-147"
      },
      "type": "Feature"
    },
    {
      "geometry": {
        "coordinates": [
          [
            [
              31.398612851991352,
              30.06050763591903
            ],
            [
              31.398612851991352,
              30.06439500502402
            ],
            [
              31.403104428411954,
              30.06439500502402
            ],
            [
              31.403104428411954,
              30.06050763591903
            ],
            [
              31.398612851991352,
              30.06050763591903
            ]
          ]
        ],
        "type": "Polygon"
      },
      "properties": {
        "centroid": {
          "latitude": 30.062451320472,
          "longitude": 31.400858640202
        },
        "population": 1544.788954889521,
        "zone_id": "NSR-GRID-148"
      },
      "type": "Feature"
    },
    {
      "geometry": {
        "coordinates": [
          [
            [
              31.403104428411954,
              30.06050763591903
            ],
            [
              31.403104428411954,
              30.06439500502402
            ],
            [
              31.407596004832552,
              30.06439500502402
            ],
            [
              31.407596004832552,
              30.06050763591903
            ],
            [
              31.403104428411954,
              30.06050763591903
            ]
          ]
        ],
        "type": "Polygon"
      },
      "properties": {
        "centroid": {
          "latitude": 30.062451320472,
          "longitude": 31.405350216622
        },
        "population": 2226.708640226539,
        "zone_id": "NSR-GRID-149"
      },
      "type": "Feature"
    },
    {
      "geometry": {
        "coordinates": [
          [
            [
              31.407596004832552,
              30.06050763591903
            ],
            [
              31.407596004832552,
              30.06439500502402
            ],
            [
              31.41208758125315,
              30.06439500502402
            ],
            [
              31.41208758125315,
              30.06050763591903
            ],
            [
              31.407596004832552,
              30.06050763591903
            ]
          ]
        ],
        "type": "Polygon"
      },
      "properties": {
        "centroid": {
          "latitude": 30.062451320472,
          "longitude": 31.409841793043
        },
        "population": 869.138067455646,
        "zone_id": "NSR-GRID-150"
      },
      "type": "Feature"
    },
    {
      "geometry": {
        "coordinates": [
          [
            [
              31.41208758125315,
              30.056620114161532
            ],
            [
              31.41208758125315,
              30.06050763591903
            ],
            [
              31.416434861373908,
              30.06050763591903
            ],
            [
              31.415953,
              30.0599322
            ],
            [
              31.4138224,
              30.0574153
            ],
            [
              31.41316101529121,
              30.056620114161532
            ],
            [
              31.41208758125315,
              30.056620114161532
            ]
          ]
        ],
        "type": "Polygon"
      },
      "properties": {
        "centroid": {
          "latitude": 30.058956577268,
          "longitude": 31.413607336282
        },
        "population": 64.331454790586,
        "zone_id": "NSR-GRID-151"
      },
      "type": "Feature"
    },
    {
      "geometry": {
        "coordinates": [
          [
            [
              31.326747629261792,
              30.06050763591903
            ],
            [
              31.326747629261792,
              30.056620114161532
            ],
            [
              31.32452552710983,
              30.056620114161532
            ],
            [
              31.3241382,
              30.0590633
            ],
            [
              31.3238344,
              30.0603771
            ],
            [
              31.323759049574754,
              30.06050763591903
            ],
            [
              31.326747629261792,
              30.06050763591903
            ]
          ]
        ],
        "type": "Polygon"
      },
      "properties": {
        "centroid": {
          "latitude": 30.058653905348,
          "longitude": 31.325464080087
        },
        "population": 1174.191343375884,
        "zone_id": "NSR-GRID-152"
      },
      "type": "Feature"
    },
    {
      "geometry": {
        "coordinates": [
          [
            [
              31.326747629261792,
              30.056620114161532
            ],
            [
              31.326747629261792,
              30.06050763591903
            ],
            [
              31.331239205682394,
              30.06050763591903
            ],
            [
              31.331239205682394,
              30.056620114161532
            ],
            [
              31.326747629261792,
              30.056620114161532
            ]
          ]
        ],
        "type": "Polygon"
      },
      "properties": {
        "centroid": {
          "latitude": 30.05856387504,
          "longitude": 31.328993417472
        },
        "population": 3817.303492928479,
        "zone_id": "NSR-GRID-153"
      },
      "type": "Feature"
    },
    {
      "geometry": {
        "coordinates": [
          [
            [
              31.331239205682394,
              30.056620114161532
            ],
            [
              31.331239205682394,
              30.06050763591903
            ],
            [
              31.335730782102992,
              30.06050763591903
            ],
            [
              31.335730782102992,
              30.056620114161532
            ],
            [
              31.331239205682394,
              30.056620114161532
            ]
          ]
        ],
        "type": "Polygon"
      },
      "properties": {
        "centroid": {
          "latitude": 30.05856387504,
          "longitude": 31.333484993893
        },
        "population": 3589.331016232115,
        "zone_id": "NSR-GRID-154"
      },
      "type": "Feature"
    },
    {
      "geometry": {
        "coordinates": [
          [
            [
              31.335730782102992,
              30.056620114161532
            ],
            [
              31.335730782102992,
              30.06050763591903
            ],
            [
              31.340222358523583,
              30.06050763591903
            ],
            [
              31.340222358523583,
              30.056620114161532
            ],
            [
              31.335730782102992,
              30.056620114161532
            ]
          ]
        ],
        "type": "Polygon"
      },
      "properties": {
        "centroid": {
          "latitude": 30.05856387504,
          "longitude": 31.337976570313
        },
        "population": 4358.869743986117,
        "zone_id": "NSR-GRID-155"
      },
      "type": "Feature"
    },
    {
      "geometry": {
        "coordinates": [
          [
            [
              31.340222358523583,
              30.056620114161532
            ],
            [
              31.340222358523583,
              30.06050763591903
            ],
            [
              31.34471393494418,
              30.06050763591903
            ],
            [
              31.34471393494418,
              30.056620114161532
            ],
            [
              31.340222358523583,
              30.056620114161532
            ]
          ]
        ],
        "type": "Polygon"
      },
      "properties": {
        "centroid": {
          "latitude": 30.05856387504,
          "longitude": 31.342468146734
        },
        "population": 4390.453809793788,
        "zone_id": "NSR-GRID-156"
      },
      "type": "Feature"
    },
    {
      "geometry": {
        "coordinates": [
          [
            [
              31.34471393494418,
              30.056620114161532
            ],
            [
              31.34471393494418,
              30.06050763591903
            ],
            [
              31.34920551136478,
              30.06050763591903
            ],
            [
              31.34920551136478,
              30.056620114161532
            ],
            [
              31.34471393494418,
              30.056620114161532
            ]
          ]
        ],
        "type": "Polygon"
      },
      "properties": {
        "centroid": {
          "latitude": 30.05856387504,
          "longitude": 31.346959723154
        },
        "population": 2919.398799492435,
        "zone_id": "NSR-GRID-157"
      },
      "type": "Feature"
    },
    {
      "geometry": {
        "coordinates": [
          [
            [
              31.34920551136478,
              30.056620114161532
            ],
            [
              31.34920551136478,
              30.06050763591903
            ],
            [
              31.35369708778538,
              30.06050763591903
            ],
            [
              31.35369708778538,
              30.056620114161532
            ],
            [
              31.34920551136478,
              30.056620114161532
            ]
          ]
        ],
        "type": "Polygon"
      },
      "properties": {
        "centroid": {
          "latitude": 30.05856387504,
          "longitude": 31.351451299575
        },
        "population": 3930.687563454313,
        "zone_id": "NSR-GRID-158"
      },
      "type": "Feature"
    },
    {
      "geometry": {
        "coordinates": [
          [
            [
              31.35369708778538,
              30.056620114161532
            ],
            [
              31.35369708778538,
              30.06050763591903
            ],
            [
              31.35818866420598,
              30.06050763591903
            ],
            [
              31.35818866420598,
              30.056620114161532
            ],
            [
              31.35369708778538,
              30.056620114161532
            ]
          ]
        ],
        "type": "Polygon"
      },
      "properties": {
        "centroid": {
          "latitude": 30.05856387504,
          "longitude": 31.355942875996
        },
        "population": 2882.431746576731,
        "zone_id": "NSR-GRID-159"
      },
      "type": "Feature"
    },
    {
      "geometry": {
        "coordinates": [
          [
            [
              31.35818866420598,
              30.056620114161532
            ],
            [
              31.35818866420598,
              30.06050763591903
            ],
            [
              31.362680240626577,
              30.06050763591903
            ],
            [
              31.362680240626577,
              30.056620114161532
            ],
            [
              31.35818866420598,
              30.056620114161532
            ]
          ]
        ],
        "type": "Polygon"
      },
      "properties": {
        "centroid": {
          "latitude": 30.05856387504,
          "longitude": 31.360434452416
        },
        "population": 4584.78402677426,
        "zone_id": "NSR-GRID-160"
      },
      "type": "Feature"
    },
    {
      "geometry": {
        "coordinates": [
          [
            [
              31.362680240626577,
              30.056620114161532
            ],
            [
              31.362680240626577,
              30.06050763591903
            ],
            [
              31.36717181704717,
              30.06050763591903
            ],
            [
              31.36717181704717,
              30.056620114161532
            ],
            [
              31.362680240626577,
              30.056620114161532
            ]
          ]
        ],
        "type": "Polygon"
      },
      "properties": {
        "centroid": {
          "latitude": 30.05856387504,
          "longitude": 31.364926028837
        },
        "population": 2661.976094571873,
        "zone_id": "NSR-GRID-161"
      },
      "type": "Feature"
    },
    {
      "geometry": {
        "coordinates": [
          [
            [
              31.36717181704717,
              30.056620114161532
            ],
            [
              31.36717181704717,
              30.06050763591903
            ],
            [
              31.371663393467767,
              30.06050763591903
            ],
            [
              31.371663393467767,
              30.056620114161532
            ],
            [
              31.36717181704717,
              30.056620114161532
            ]
          ]
        ],
        "type": "Polygon"
      },
      "properties": {
        "centroid": {
          "latitude": 30.05856387504,
          "longitude": 31.369417605257
        },
        "population": 1582.507300554046,
        "zone_id": "NSR-GRID-162"
      },
      "type": "Feature"
    },
    {
      "geometry": {
        "coordinates": [
          [
            [
              31.371663393467767,
              30.056620114161532
            ],
            [
              31.371663393467767,
              30.06050763591903
            ],
            [
              31.376154969888365,
              30.06050763591903
            ],
            [
              31.376154969888365,
              30.056620114161532
            ],
            [
              31.371663393467767,
              30.056620114161532
            ]
          ]
        ],
        "type": "Polygon"
      },
      "properties": {
        "centroid": {
          "latitude": 30.05856387504,
          "longitude": 31.373909181678
        },
        "population": 2032.079007300854,
        "zone_id": "NSR-GRID-163"
      },
      "type": "Feature"
    },
    {
      "geometry": {
        "coordinates": [
          [
            [
              31.376154969888365,
              30.056620114161532
            ],
            [
              31.376154969888365,
              30.06050763591903
            ],
            [
              31.380646546308967,
              30.06050763591903
            ],
            [
              31.380646546308967,
              30.056620114161532
            ],
            [
              31.376154969888365,
              30.056620114161532
            ]
          ]
        ],
        "type": "Polygon"
      },
      "properties": {
        "centroid": {
          "latitude": 30.05856387504,
          "longitude": 31.378400758099
        },
        "population": 2533.014512674193,
        "zone_id": "NSR-GRID-164"
      },
      "type": "Feature"
    },
    {
      "geometry": {
        "coordinates": [
          [
            [
              31.380646546308967,
              30.056620114161532
            ],
            [
              31.380646546308967,
              30.06050763591903
            ],
            [
              31.385138122729565,
              30.06050763591903
            ],
            [
              31.385138122729565,
              30.056620114161532
            ],
            [
              31.380646546308967,
              30.056620114161532
            ]
          ]
        ],
        "type": "Polygon"
      },
      "properties": {
        "centroid": {
          "latitude": 30.05856387504,
          "longitude": 31.382892334519
        },
        "population": 13207.547006583778,
        "zone_id": "NSR-GRID-165"
      },
      "type": "Feature"
    },
    {
      "geometry": {
        "coordinates": [
          [
            [
              31.385138122729565,
              30.056620114161532
            ],
            [
              31.385138122729565,
              30.06050763591903
            ],
            [
              31.389629699150163,
              30.06050763591903
            ],
            [
              31.389629699150163,
              30.056620114161532
            ],
            [
              31.385138122729565,
              30.056620114161532
            ]
          ]
        ],
        "type": "Polygon"
      },
      "properties": {
        "centroid": {
          "latitude": 30.05856387504,
          "longitude": 31.38738391094
        },
        "population": 10131.658150107736,
        "zone_id": "NSR-GRID-166"
      },
      "type": "Feature"
    },
    {
      "geometry": {
        "coordinates": [
          [
            [
              31.389629699150163,
              30.056620114161532
            ],
            [
              31.389629699150163,
              30.06050763591903
            ],
            [
              31.394121275570754,
              30.06050763591903
            ],
            [
              31.394121275570754,
              30.056620114161532
            ],
            [
              31.389629699150163,
              30.056620114161532
            ]
          ]
        ],
        "type": "Polygon"
      },
      "properties": {
        "centroid": {
          "latitude": 30.05856387504,
          "longitude": 31.39187548736
        },
        "population": 2506.966565908648,
        "zone_id": "NSR-GRID-167"
      },
      "type": "Feature"
    },
    {
      "geometry": {
        "coordinates": [
          [
            [
              31.394121275570754,
              30.056620114161532
            ],
            [
              31.394121275570754,
              30.06050763591903
            ],
            [
              31.398612851991352,
              30.06050763591903
            ],
            [
              31.398612851991352,
              30.056620114161532
            ],
            [
              31.394121275570754,
              30.056620114161532
            ]
          ]
        ],
        "type": "Polygon"
      },
      "properties": {
        "centroid": {
          "latitude": 30.05856387504,
          "longitude": 31.396367063781
        },
        "population": 2633.213126707029,
        "zone_id": "NSR-GRID-168"
      },
      "type": "Feature"
    },
    {
      "geometry": {
        "coordinates": [
          [
            [
              31.398612851991352,
              30.056620114161532
            ],
            [
              31.398612851991352,
              30.06050763591903
            ],
            [
              31.403104428411954,
              30.06050763591903
            ],
            [
              31.403104428411954,
              30.056620114161532
            ],
            [
              31.398612851991352,
              30.056620114161532
            ]
          ]
        ],
        "type": "Polygon"
      },
      "properties": {
        "centroid": {
          "latitude": 30.05856387504,
          "longitude": 31.400858640202
        },
        "population": 2338.023641928049,
        "zone_id": "NSR-GRID-169"
      },
      "type": "Feature"
    },
    {
      "geometry": {
        "coordinates": [
          [
            [
              31.403104428411954,
              30.056620114161532
            ],
            [
              31.403104428411954,
              30.06050763591903
            ],
            [
              31.407596004832552,
              30.06050763591903
            ],
            [
              31.407596004832552,
              30.056620114161532
            ],
            [
              31.403104428411954,
              30.056620114161532
            ]
          ]
        ],
        "type": "Polygon"
      },
      "properties": {
        "centroid": {
          "latitude": 30.05856387504,
          "longitude": 31.405350216622
        },
        "population": 1128.411289983362,
        "zone_id": "NSR-GRID-170"
      },
      "type": "Feature"
    },
    {
      "geometry": {
        "coordinates": [
          [
            [
              31.407596004832552,
              30.056620114161532
            ],
            [
              31.407596004832552,
              30.06050763591903
            ],
            [
              31.41208758125315,
              30.06050763591903
            ],
            [
              31.41208758125315,
              30.056620114161532
            ],
            [
              31.407596004832552,
              30.056620114161532
            ]
          ]
        ],
        "type": "Polygon"
      },
      "properties": {
        "centroid": {
          "latitude": 30.05856387504,
          "longitude": 31.409841793043
        },
        "population": 175.705673312066,
        "zone_id": "NSR-GRID-171"
      },
      "type": "Feature"
    },
    {
      "geometry": {
        "coordinates": [
          [
            [
              31.41208758125315,
              30.056620114161532
            ],
            [
              31.41316101529121,
              30.056620114161532
            ],
            [
              31.41208758125315,
              30.055329505949825
            ],
            [
              31.41208758125315,
              30.056620114161532
            ]
          ]
        ],
        "type": "Polygon"
      },
      "properties": {
        "centroid": {
          "latitude": 30.056189911424,
          "longitude": 31.412445392599
        },
        "population": 0.774107246971,
        "zone_id": "NSR-GRID-172"
      },
      "type": "Feature"
    },
    {
      "geometry": {
        "coordinates": [
          [
            [
              31.407596004832552,
              30.052732439763453
            ],
            [
              31.407596004832552,
              30.056620114161532
            ],
            [
              31.41208758125315,
              30.056620114161532
            ],
            [
              31.41208758125315,
              30.055329505949825
            ],
            [
              31.4115601,
              30.0546953
            ],
            [
              31.409898090104864,
              30.052732439763453
            ],
            [
              31.407596004832552,
              30.052732439763453
            ]
          ]
        ],
        "type": "Polygon"
      },
      "properties": {
        "centroid": {
          "latitude": 30.054885557275,
          "longitude": 31.409548004443
        },
        "population": 15.451981845411,
        "zone_id": "NSR-GRID-173"
      },
      "type": "Feature"
    },
    {
      "geometry": {
        "coordinates": [
          [
            [
              31.326747629261792,
              30.056620114161532
            ],
            [
              31.326747629261792,
              30.052732439763453
            ],
            [
              31.325241426426246,
              30.052732439763453
            ],
            [
              31.3251262,
              30.0528298
            ],
            [
              31.3250972,
              30.053014
            ],
            [
              31.32452552710983,
              30.056620114161532
            ],
            [
              31.326747629261792,
              30.056620114161532
            ]
          ]
        ],
        "type": "Polygon"
      },
      "properties": {
        "centroid": {
          "latitude": 30.054781905992,
          "longitude": 31.325782783093
        },
        "population": 683.047310708843,
        "zone_id": "NSR-GRID-174"
      },
      "type": "Feature"
    },
    {
      "geometry": {
        "coordinates": [
          [
            [
              31.326747629261792,
              30.052732439763453
            ],
            [
              31.326747629261792,
              30.056620114161532
            ],
            [
              31.331239205682394,
              30.056620114161532
            ],
            [
              31.331239205682394,
              30.052732439763453
            ],
            [
              31.327302176329447,
              30.052732439763453
            ],
            [
              31.3272972,
              30.0527847
            ],
            [
              31.32696779310856,
              30.052732439763453
            ],
            [
              31.326747629261792,
              30.052732439763453
            ]
          ]
        ],
        "type": "Polygon"
      },
      "properties": {
        "centroid": {
          "latitude": 30.05467724138,
          "longitude": 31.328994320784
        },
        "population": 4098.418322213429,
        "zone_id": "NSR-GRID-175"
      },
      "type": "Feature"
    },
    {
      "geometry": {
        "coordinates": [
          [
            [
              31.331239205682394,
              30.052732439763453
            ],
            [
              31.331239205682394,
              30.056620114161532
            ],
            [
              31.335730782102992,
              30.056620114161532
            ],
            [
              31.335730782102992,
              30.052732439763453
            ],
            [
              31.331239205682394,
              30.052732439763453
            ]
          ]
        ],
        "type": "Polygon"
      },
      "properties": {
        "centroid": {
          "latitude": 30.054676276962,
          "longitude": 31.333484993893
        },
        "population": 3048.574380871784,
        "zone_id": "NSR-GRID-176"
      },
      "type": "Feature"
    },
    {
      "geometry": {
        "coordinates": [
          [
            [
              31.335730782102992,
              30.052732439763453
            ],
            [
              31.335730782102992,
              30.056620114161532
            ],
            [
              31.340222358523583,
              30.056620114161532
            ],
            [
              31.340222358523583,
              30.052732439763453
            ],
            [
              31.335730782102992,
              30.052732439763453
            ]
          ]
        ],
        "type": "Polygon"
      },
      "properties": {
        "centroid": {
          "latitude": 30.054676276962,
          "longitude": 31.337976570313
        },
        "population": 3133.06684107033,
        "zone_id": "NSR-GRID-177"
      },
      "type": "Feature"
    },
    {
      "geometry": {
        "coordinates": [
          [
            [
              31.340222358523583,
              30.052732439763453
            ],
            [
              31.340222358523583,
              30.056620114161532
            ],
            [
              31.34471393494418,
              30.056620114161532
            ],
            [
              31.34471393494418,
              30.052732439763453
            ],
            [
              31.340222358523583,
              30.052732439763453
            ]
          ]
        ],
        "type": "Polygon"
      },
      "properties": {
        "centroid": {
          "latitude": 30.054676276962,
          "longitude": 31.342468146734
        },
        "population": 3714.106339288368,
        "zone_id": "NSR-GRID-178"
      },
      "type": "Feature"
    },
    {
      "geometry": {
        "coordinates": [
          [
            [
              31.34471393494418,
              30.052732439763453
            ],
            [
              31.34471393494418,
              30.056620114161532
            ],
            [
              31.34920551136478,
              30.056620114161532
            ],
            [
              31.34920551136478,
              30.052732439763453
            ],
            [
              31.34471393494418,
              30.052732439763453
            ]
          ]
        ],
        "type": "Polygon"
      },
      "properties": {
        "centroid": {
          "latitude": 30.054676276962,
          "longitude": 31.346959723154
        },
        "population": 3713.551487805289,
        "zone_id": "NSR-GRID-179"
      },
      "type": "Feature"
    },
    {
      "geometry": {
        "coordinates": [
          [
            [
              31.34920551136478,
              30.052732439763453
            ],
            [
              31.34920551136478,
              30.056620114161532
            ],
            [
              31.35369708778538,
              30.056620114161532
            ],
            [
              31.35369708778538,
              30.052732439763453
            ],
            [
              31.34920551136478,
              30.052732439763453
            ]
          ]
        ],
        "type": "Polygon"
      },
      "properties": {
        "centroid": {
          "latitude": 30.054676276962,
          "longitude": 31.351451299575
        },
        "population": 4180.472782496727,
        "zone_id": "NSR-GRID-180"
      },
      "type": "Feature"
    },
    {
      "geometry": {
        "coordinates": [
          [
            [
              31.35369708778538,
              30.052732439763453
            ],
            [
              31.35369708778538,
              30.056620114161532
            ],
            [
              31.35818866420598,
              30.056620114161532
            ],
            [
              31.35818866420598,
              30.052732439763453
            ],
            [
              31.35369708778538,
              30.052732439763453
            ]
          ]
        ],
        "type": "Polygon"
      },
      "properties": {
        "centroid": {
          "latitude": 30.054676276962,
          "longitude": 31.355942875996
        },
        "population": 3243.05165168458,
        "zone_id": "NSR-GRID-181"
      },
      "type": "Feature"
    },
    {
      "geometry": {
        "coordinates": [
          [
            [
              31.35818866420598,
              30.052732439763453
            ],
            [
              31.35818866420598,
              30.056620114161532
            ],
            [
              31.362680240626577,
              30.056620114161532
            ],
            [
              31.362680240626577,
              30.052732439763453
            ],
            [
              31.35818866420598,
              30.052732439763453
            ]
          ]
        ],
        "type": "Polygon"
      },
      "properties": {
        "centroid": {
          "latitude": 30.054676276962,
          "longitude": 31.360434452416
        },
        "population": 3574.942165850205,
        "zone_id": "NSR-GRID-182"
      },
      "type": "Feature"
    },
    {
      "geometry": {
        "coordinates": [
          [
            [
              31.362680240626577,
              30.052732439763453
            ],
            [
              31.362680240626577,
              30.056620114161532
            ],
            [
              31.36717181704717,
              30.056620114161532
            ],
            [
              31.36717181704717,
              30.052732439763453
            ],
            [
              31.362680240626577,
              30.052732439763453
            ]
          ]
        ],
        "type": "Polygon"
      },
      "properties": {
        "centroid": {
          "latitude": 30.054676276962,
          "longitude": 31.364926028837
        },
        "population": 2781.030481098332,
        "zone_id": "NSR-GRID-183"
      },
      "type": "Feature"
    },
    {
      "geometry": {
        "coordinates": [
          [
            [
              31.36717181704717,
              30.052732439763453
            ],
            [
              31.36717181704717,
              30.056620114161532
            ],
            [
              31.371663393467767,
              30.056620114161532
            ],
            [
              31.371663393467767,
              30.052732439763453
            ],
            [
              31.36717181704717,
              30.052732439763453
            ]
          ]
        ],
        "type": "Polygon"
      },
      "properties": {
        "centroid": {
          "latitude": 30.054676276962,
          "longitude": 31.369417605257
        },
        "population": 2279.036366462905,
        "zone_id": "NSR-GRID-184"
      },
      "type": "Feature"
    },
    {
      "geometry": {
        "coordinates": [
          [
            [
              31.371663393467767,
              30.052732439763453
            ],
            [
              31.371663393467767,
              30.056620114161532
            ],
            [
              31.376154969888365,
              30.056620114161532
            ],
            [
              31.376154969888365,
              30.052732439763453
            ],
            [
              31.371663393467767,
              30.052732439763453
            ]
          ]
        ],
        "type": "Polygon"
      },
      "properties": {
        "centroid": {
          "latitude": 30.054676276962,
          "longitude": 31.373909181678
        },
        "population": 1934.211088097212,
        "zone_id": "NSR-GRID-185"
      },
      "type": "Feature"
    },
    {
      "geometry": {
        "coordinates": [
          [
            [
              31.376154969888365,
              30.052732439763453
            ],
            [
              31.376154969888365,
              30.056620114161532
            ],
            [
              31.380646546308967,
              30.056620114161532
            ],
            [
              31.380646546308967,
              30.052732439763453
            ],
            [
              31.376154969888365,
              30.052732439763453
            ]
          ]
        ],
        "type": "Polygon"
      },
      "properties": {
        "centroid": {
          "latitude": 30.054676276962,
          "longitude": 31.378400758099
        },
        "population": 2896.797429402381,
        "zone_id": "NSR-GRID-186"
      },
      "type": "Feature"
    },
    {
      "geometry": {
        "coordinates": [
          [
            [
              31.380646546308967,
              30.052732439763453
            ],
            [
              31.380646546308967,
              30.056620114161532
            ],
            [
              31.385138122729565,
              30.056620114161532
            ],
            [
              31.385138122729565,
              30.052732439763453
            ],
            [
              31.380646546308967,
              30.052732439763453
            ]
          ]
        ],
        "type": "Polygon"
      },
      "properties": {
        "centroid": {
          "latitude": 30.054676276962,
          "longitude": 31.382892334519
        },
        "population": 5342.326643288116,
        "zone_id": "NSR-GRID-187"
      },
      "type": "Feature"
    },
    {
      "geometry": {
        "coordinates": [
          [
            [
              31.385138122729565,
              30.052732439763453
            ],
            [
              31.385138122729565,
              30.056620114161532
            ],
            [
              31.389629699150163,
              30.056620114161532
            ],
            [
              31.389629699150163,
              30.052732439763453
            ],
            [
              31.385138122729565,
              30.052732439763453
            ]
          ]
        ],
        "type": "Polygon"
      },
      "properties": {
        "centroid": {
          "latitude": 30.054676276962,
          "longitude": 31.38738391094
        },
        "population": 4981.630655856756,
        "zone_id": "NSR-GRID-188"
      },
      "type": "Feature"
    },
    {
      "geometry": {
        "coordinates": [
          [
            [
              31.389629699150163,
              30.052732439763453
            ],
            [
              31.389629699150163,
              30.056620114161532
            ],
            [
              31.394121275570754,
              30.056620114161532
            ],
            [
              31.394121275570754,
              30.052732439763453
            ],
            [
              31.389629699150163,
              30.052732439763453
            ]
          ]
        ],
        "type": "Polygon"
      },
      "properties": {
        "centroid": {
          "latitude": 30.054676276962,
          "longitude": 31.39187548736
        },
        "population": 8372.49357809379,
        "zone_id": "NSR-GRID-189"
      },
      "type": "Feature"
    },
    {
      "geometry": {
        "coordinates": [
          [
            [
              31.394121275570754,
              30.052732439763453
            ],
            [
              31.394121275570754,
              30.056620114161532
            ],
            [
              31.398612851991352,
              30.056620114161532
            ],
            [
              31.398612851991352,
              30.052732439763453
            ],
            [
              31.394121275570754,
              30.052732439763453
            ]
          ]
        ],
        "type": "Polygon"
      },
      "properties": {
        "centroid": {
          "latitude": 30.054676276962,
          "longitude": 31.396367063781
        },
        "population": 4329.33085060048,
        "zone_id": "NSR-GRID-190"
      },
      "type": "Feature"
    },
    {
      "geometry": {
        "coordinates": [
          [
            [
              31.398612851991352,
              30.052732439763453
            ],
            [
              31.398612851991352,
              30.056620114161532
            ],
            [
              31.403104428411954,
              30.056620114161532
            ],
            [
              31.403104428411954,
              30.052732439763453
            ],
            [
              31.398612851991352,
              30.052732439763453
            ]
          ]
        ],
        "type": "Polygon"
      },
      "properties": {
        "centroid": {
          "latitude": 30.054676276962,
          "longitude": 31.400858640202
        },
        "population": 2159.533823484437,
        "zone_id": "NSR-GRID-191"
      },
      "type": "Feature"
    },
    {
      "geometry": {
        "coordinates": [
          [
            [
              31.403104428411954,
              30.052732439763453
            ],
            [
              31.403104428411954,
              30.056620114161532
            ],
            [
              31.407596004832552,
              30.056620114161532
            ],
            [
              31.407596004832552,
              30.052732439763453
            ],
            [
              31.403104428411954,
              30.052732439763453
            ]
          ]
        ],
        "type": "Polygon"
      },
      "properties": {
        "centroid": {
          "latitude": 30.054676276962,
          "longitude": 31.405350216622
        },
        "population": 41.744725675918,
        "zone_id": "NSR-GRID-192"
      },
      "type": "Feature"
    },
    {
      "geometry": {
        "coordinates": [
          [
            [
              31.326747629261792,
              30.052732439763453
            ],
            [
              31.326747629261792,
              30.052697510865265
            ],
            [
              31.3266278,
              30.0526785
            ],
            [
              31.3258836,
              30.0526042
            ],
            [
              31.3254132,
              30.0525873
            ],
            [
              31.325241426426246,
              30.052732439763453
            ],
            [
              31.326747629261792,
              30.052732439763453
            ]
          ]
        ],
        "type": "Polygon"
      },
      "properties": {
        "centroid": {
          "latitude": 30.052676514912,
          "longitude": 31.325910566149
        },
        "population": 12.604232093973,
        "zone_id": "NSR-GRID-193"
      },
      "type": "Feature"
    },
    {
      "geometry": {
        "coordinates": [
          [
            [
              31.407596004832552,
              30.052732439763453
            ],
            [
              31.409898090104864,
              30.052732439763453
            ],
            [
              31.407596004832552,
              30.05001357601365
            ],
            [
              31.407596004832552,
              30.052732439763453
            ]
          ]
        ],
        "type": "Polygon"
      },
      "properties": {
        "centroid": {
          "latitude": 30.051826151847,
          "longitude": 31.40836336659
        },
        "population": 30.792279771652,
        "zone_id": "NSR-GRID-194"
      },
      "type": "Feature"
    },
    {
      "geometry": {
        "coordinates": [
          [
            [
              [
                31.331239205682394,
                30.052732439763453
              ],
              [
                31.331239205682394,
                30.0488446127367
              ],
              [
                31.328113132449186,
                30.0488446127367
              ],
              [
                31.3279076,
                30.0497348
              ],
              [
                31.3276101,
                30.0510161
              ],
              [
                31.327353,
                30.0521987
              ],
              [
                31.327302176329447,
                30.052732439763453
              ],
              [
                31.331239205682394,
                30.052732439763453
              ]
            ]
          ],
          [
            [
              [
                31.326747629261792,
                30.052732439763453
              ],
              [
                31.32696779310856,
                30.052732439763453
              ],
              [
                31.326747629261792,
                30.052697510865265
              ],
              [
                31.326747629261792,
                30.052732439763453
              ]
            ]
          ]
        ],
        "type": "MultiPolygon"
      },
      "properties": {
        "centroid": {
          "latitude": 30.050866614761,
          "longitude": 31.329446770242
        },
        "population": 2559.608310976482,
        "zone_id": "NSR-GRID-195"
      },
      "type": "Feature"
    },
    {
      "geometry": {
        "coordinates": [
          [
            [
              31.403104428411954,
              30.0488446127367
            ],
            [
              31.403104428411954,
              30.052732439763453
            ],
            [
              31.407596004832552,
              30.052732439763453
            ],
            [
              31.407596004832552,
              30.05001357601365
            ],
            [
              31.4074487,
              30.0498396
            ],
            [
              31.40675892469781,
              30.0488446127367
            ],
            [
              31.403104428411954,
              30.0488446127367
            ]
          ]
        ],
        "type": "Polygon"
      },
      "properties": {
        "centroid": {
          "latitude": 30.050834320711,
          "longitude": 31.405291978053
        },
        "population": 286.85217708243,
        "zone_id": "NSR-GRID-196"
      },
      "type": "Feature"
    },
    {
      "geometry": {
        "coordinates": [
          [
            [
              31.331239205682394,
              30.0488446127367
            ],
            [
              31.331239205682394,
              30.052732439763453
            ],
            [
              31.335730782102992,
              30.052732439763453
            ],
            [
              31.335730782102992,
              30.0488446127367
            ],
            [
              31.331239205682394,
              30.0488446127367
            ]
          ]
        ],
        "type": "Polygon"
      },
      "properties": {
        "centroid": {
          "latitude": 30.05078852625,
          "longitude": 31.333484993893
        },
        "population": 3857.162110681202,
        "zone_id": "NSR-GRID-197"
      },
      "type": "Feature"
    },
    {
      "geometry": {
        "coordinates": [
          [
            [
              31.335730782102992,
              30.0488446127367
            ],
            [
              31.335730782102992,
              30.052732439763453
            ],
            [
              31.340222358523583,
              30.052732439763453
            ],
            [
              31.340222358523583,
              30.0488446127367
            ],
            [
              31.335730782102992,
              30.0488446127367
            ]
          ]
        ],
        "type": "Polygon"
      },
      "properties": {
        "centroid": {
          "latitude": 30.05078852625,
          "longitude": 31.337976570313
        },
        "population": 1754.764758374444,
        "zone_id": "NSR-GRID-198"
      },
      "type": "Feature"
    },
    {
      "geometry": {
        "coordinates": [
          [
            [
              31.340222358523583,
              30.0488446127367
            ],
            [
              31.340222358523583,
              30.052732439763453
            ],
            [
              31.34471393494418,
              30.052732439763453
            ],
            [
              31.34471393494418,
              30.0488446127367
            ],
            [
              31.340222358523583,
              30.0488446127367
            ]
          ]
        ],
        "type": "Polygon"
      },
      "properties": {
        "centroid": {
          "latitude": 30.05078852625,
          "longitude": 31.342468146734
        },
        "population": 4921.706391288114,
        "zone_id": "NSR-GRID-199"
      },
      "type": "Feature"
    },
    {
      "geometry": {
        "coordinates": [
          [
            [
              31.34471393494418,
              30.0488446127367
            ],
            [
              31.34471393494418,
              30.052732439763453
            ],
            [
              31.34920551136478,
              30.052732439763453
            ],
            [
              31.34920551136478,
              30.0488446127367
            ],
            [
              31.34471393494418,
              30.0488446127367
            ]
          ]
        ],
        "type": "Polygon"
      },
      "properties": {
        "centroid": {
          "latitude": 30.05078852625,
          "longitude": 31.346959723154
        },
        "population": 3838.574374164471,
        "zone_id": "NSR-GRID-200"
      },
      "type": "Feature"
    },
    {
      "geometry": {
        "coordinates": [
          [
            [
              31.34920551136478,
              30.0488446127367
            ],
            [
              31.34920551136478,
              30.052732439763453
            ],
            [
              31.35369708778538,
              30.052732439763453
            ],
            [
              31.35369708778538,
              30.0488446127367
            ],
            [
              31.34920551136478,
              30.0488446127367
            ]
          ]
        ],
        "type": "Polygon"
      },
      "properties": {
        "centroid": {
          "latitude": 30.05078852625,
          "longitude": 31.351451299575
        },
        "population": 3309.495212785395,
        "zone_id": "NSR-GRID-201"
      },
      "type": "Feature"
    },
    {
      "geometry": {
        "coordinates": [
          [
            [
              31.35369708778538,
              30.0488446127367
            ],
            [
              31.35369708778538,
              30.052732439763453
            ],
            [
              31.35818866420598,
              30.052732439763453
            ],
            [
              31.35818866420598,
              30.0488446127367
            ],
            [
              31.35369708778538,
              30.0488446127367
            ]
          ]
        ],
        "type": "Polygon"
      },
      "properties": {
        "centroid": {
          "latitude": 30.05078852625,
          "longitude": 31.355942875996
        },
        "population": 2817.183229858466,
        "zone_id": "NSR-GRID-202"
      },
      "type": "Feature"
    },
    {
      "geometry": {
        "coordinates": [
          [
            [
              31.35818866420598,
              30.0488446127367
            ],
            [
              31.35818866420598,
              30.052732439763453
            ],
            [
              31.362680240626577,
              30.052732439763453
            ],
            [
              31.362680240626577,
              30.0488446127367
            ],
            [
              31.35818866420598,
              30.0488446127367
            ]
          ]
        ],
        "type": "Polygon"
      },
      "properties": {
        "centroid": {
          "latitude": 30.05078852625,
          "longitude": 31.360434452416
        },
        "population": 1910.753244643887,
        "zone_id": "NSR-GRID-203"
      },
      "type": "Feature"
    },
    {
      "geometry": {
        "coordinates": [
          [
            [
              31.362680240626577,
              30.0488446127367
            ],
            [
              31.362680240626577,
              30.052732439763453
            ],
            [
              31.36717181704717,
              30.052732439763453
            ],
            [
              31.36717181704717,
              30.0488446127367
            ],
            [
              31.362680240626577,
              30.0488446127367
            ]
          ]
        ],
        "type": "Polygon"
      },
      "properties": {
        "centroid": {
          "latitude": 30.05078852625,
          "longitude": 31.364926028837
        },
        "population": 3158.755822460342,
        "zone_id": "NSR-GRID-204"
      },
      "type": "Feature"
    },
    {
      "geometry": {
        "coordinates": [
          [
            [
              31.36717181704717,
              30.0488446127367
            ],
            [
              31.36717181704717,
              30.052732439763453
            ],
            [
              31.371663393467767,
              30.052732439763453
            ],
            [
              31.371663393467767,
              30.0488446127367
            ],
            [
              31.36717181704717,
              30.0488446127367
            ]
          ]
        ],
        "type": "Polygon"
      },
      "properties": {
        "centroid": {
          "latitude": 30.05078852625,
          "longitude": 31.369417605257
        },
        "population": 2600.242776994462,
        "zone_id": "NSR-GRID-205"
      },
      "type": "Feature"
    },
    {
      "geometry": {
        "coordinates": [
          [
            [
              31.371663393467767,
              30.0488446127367
            ],
            [
              31.371663393467767,
              30.052732439763453
            ],
            [
              31.376154969888365,
              30.052732439763453
            ],
            [
              31.376154969888365,
              30.0488446127367
            ],
            [
              31.371663393467767,
              30.0488446127367
            ]
          ]
        ],
        "type": "Polygon"
      },
      "properties": {
        "centroid": {
          "latitude": 30.05078852625,
          "longitude": 31.373909181678
        },
        "population": 4011.848211621733,
        "zone_id": "NSR-GRID-206"
      },
      "type": "Feature"
    },
    {
      "geometry": {
        "coordinates": [
          [
            [
              31.376154969888365,
              30.0488446127367
            ],
            [
              31.376154969888365,
              30.052732439763453
            ],
            [
              31.380646546308967,
              30.052732439763453
            ],
            [
              31.380646546308967,
              30.0488446127367
            ],
            [
              31.376154969888365,
              30.0488446127367
            ]
          ]
        ],
        "type": "Polygon"
      },
      "properties": {
        "centroid": {
          "latitude": 30.05078852625,
          "longitude": 31.378400758099
        },
        "population": 3668.520417044451,
        "zone_id": "NSR-GRID-207"
      },
      "type": "Feature"
    },
    {
      "geometry": {
        "coordinates": [
          [
            [
              31.380646546308967,
              30.0488446127367
            ],
            [
              31.380646546308967,
              30.052732439763453
            ],
            [
              31.385138122729565,
              30.052732439763453
            ],
            [
              31.385138122729565,
              30.0488446127367
            ],
            [
              31.380646546308967,
              30.0488446127367
            ]
          ]
        ],
        "type": "Polygon"
      },
      "properties": {
        "centroid": {
          "latitude": 30.05078852625,
          "longitude": 31.382892334519
        },
        "population": 4751.647885550721,
        "zone_id": "NSR-GRID-208"
      },
      "type": "Feature"
    },
    {
      "geometry": {
        "coordinates": [
          [
            [
              31.385138122729565,
              30.0488446127367
            ],
            [
              31.385138122729565,
              30.052732439763453
            ],
            [
              31.389629699150163,
              30.052732439763453
            ],
            [
              31.389629699150163,
              30.0488446127367
            ],
            [
              31.385138122729565,
              30.0488446127367
            ]
          ]
        ],
        "type": "Polygon"
      },
      "properties": {
        "centroid": {
          "latitude": 30.05078852625,
          "longitude": 31.38738391094
        },
        "population": 4105.692294894051,
        "zone_id": "NSR-GRID-209"
      },
      "type": "Feature"
    },
    {
      "geometry": {
        "coordinates": [
          [
            [
              31.389629699150163,
              30.0488446127367
            ],
            [
              31.389629699150163,
              30.052732439763453
            ],
            [
              31.394121275570754,
              30.052732439763453
            ],
            [
              31.394121275570754,
              30.0488446127367
            ],
            [
              31.389629699150163,
              30.0488446127367
            ]
          ]
        ],
        "type": "Polygon"
      },
      "properties": {
        "centroid": {
          "latitude": 30.05078852625,
          "longitude": 31.39187548736
        },
        "population": 3842.485525967768,
        "zone_id": "NSR-GRID-210"
      },
      "type": "Feature"
    },
    {
      "geometry": {
        "coordinates": [
          [
            [
              31.394121275570754,
              30.0488446127367
            ],
            [
              31.394121275570754,
              30.052732439763453
            ],
            [
              31.398612851991352,
              30.052732439763453
            ],
            [
              31.398612851991352,
              30.0488446127367
            ],
            [
              31.394121275570754,
              30.0488446127367
            ]
          ]
        ],
        "type": "Polygon"
      },
      "properties": {
        "centroid": {
          "latitude": 30.05078852625,
          "longitude": 31.396367063781
        },
        "population": 4216.01051789492,
        "zone_id": "NSR-GRID-211"
      },
      "type": "Feature"
    },
    {
      "geometry": {
        "coordinates": [
          [
            [
              31.398612851991352,
              30.0488446127367
            ],
            [
              31.398612851991352,
              30.052732439763453
            ],
            [
              31.403104428411954,
              30.052732439763453
            ],
            [
              31.403104428411954,
              30.0488446127367
            ],
            [
              31.398612851991352,
              30.0488446127367
            ]
          ]
        ],
        "type": "Polygon"
      },
      "properties": {
        "centroid": {
          "latitude": 30.05078852625,
          "longitude": 31.400858640202
        },
        "population": 2495.905714985817,
        "zone_id": "NSR-GRID-212"
      },
      "type": "Feature"
    },
    {
      "geometry": {
        "coordinates": [
          [
            [
              31.403104428411954,
              30.044956633093168
            ],
            [
              31.403104428411954,
              30.0488446127367
            ],
            [
              31.40675892469781,
              30.0488446127367
            ],
            [
              31.4059316,
              30.0476512
            ],
            [
              31.404817173280087,
              30.044956633093168
            ],
            [
              31.403104428411954,
              30.044956633093168
            ]
          ]
        ],
        "type": "Polygon"
      },
      "properties": {
        "centroid": {
          "latitude": 30.047134344196,
          "longitude": 31.404444829778
        },
        "population": 466.439294743021,
        "zone_id": "NSR-GRID-213"
      },
      "type": "Feature"
    },
    {
      "geometry": {
        "coordinates": [
          [
            [
              31.331239205682394,
              30.0488446127367
            ],
            [
              31.331239205682394,
              30.044956633093168
            ],
            [
              31.329008436839352,
              30.044956633093168
            ],
            [
              31.3288656,
              30.04558629999999
            ],
            [
              31.3284128,
              30.0475467
            ],
            [
              31.328113132449186,
              30.0488446127367
            ],
            [
              31.331239205682394,
              30.0488446127367
            ]
          ]
        ],
        "type": "Polygon"
      },
      "properties": {
        "centroid": {
          "latitude": 30.047009148277,
          "longitude": 31.329888004225
        },
        "population": 2881.459537871943,
        "zone_id": "NSR-GRID-214"
      },
      "type": "Feature"
    },
    {
      "geometry": {
        "coordinates": [
          [
            [
              31.331239205682394,
              30.044956633093168
            ],
            [
              31.331239205682394,
              30.0488446127367
            ],
            [
              31.335730782102992,
              30.0488446127367
            ],
            [
              31.335730782102992,
              30.044956633093168
            ],
            [
              31.331239205682394,
              30.044956633093168
            ]
          ]
        ],
        "type": "Polygon"
      },
      "properties": {
        "centroid": {
          "latitude": 30.046900622915,
          "longitude": 31.333484993893
        },
        "population": 4163.960861524754,
        "zone_id": "NSR-GRID-215"
      },
      "type": "Feature"
    },
    {
      "geometry": {
        "coordinates": [
          [
            [
              31.335730782102992,
              30.044956633093168
            ],
            [
              31.335730782102992,
              30.0488446127367
            ],
            [
              31.340222358523583,
              30.0488446127367
            ],
            [
              31.340222358523583,
              30.044956633093168
            ],
            [
              31.335730782102992,
              30.044956633093168
            ]
          ]
        ],
        "type": "Polygon"
      },
      "properties": {
        "centroid": {
          "latitude": 30.046900622915,
          "longitude": 31.337976570313
        },
        "population": 2692.414245738139,
        "zone_id": "NSR-GRID-216"
      },
      "type": "Feature"
    },
    {
      "geometry": {
        "coordinates": [
          [
            [
              31.340222358523583,
              30.044956633093168
            ],
            [
              31.340222358523583,
              30.0488446127367
            ],
            [
              31.34471393494418,
              30.0488446127367
            ],
            [
              31.34471393494418,
              30.044956633093168
            ],
            [
              31.340222358523583,
              30.044956633093168
            ]
          ]
        ],
        "type": "Polygon"
      },
      "properties": {
        "centroid": {
          "latitude": 30.046900622915,
          "longitude": 31.342468146734
        },
        "population": 4513.669088776729,
        "zone_id": "NSR-GRID-217"
      },
      "type": "Feature"
    },
    {
      "geometry": {
        "coordinates": [
          [
            [
              31.34471393494418,
              30.044956633093168
            ],
            [
              31.34471393494418,
              30.0488446127367
            ],
            [
              31.34920551136478,
              30.0488446127367
            ],
            [
              31.34920551136478,
              30.044956633093168
            ],
            [
              31.34471393494418,
              30.044956633093168
            ]
          ]
        ],
        "type": "Polygon"
      },
      "properties": {
        "centroid": {
          "latitude": 30.046900622915,
          "longitude": 31.346959723154
        },
        "population": 4547.993229476095,
        "zone_id": "NSR-GRID-218"
      },
      "type": "Feature"
    },
    {
      "geometry": {
        "coordinates": [
          [
            [
              31.34920551136478,
              30.044956633093168
            ],
            [
              31.34920551136478,
              30.0488446127367
            ],
            [
              31.35369708778538,
              30.0488446127367
            ],
            [
              31.35369708778538,
              30.044956633093168
            ],
            [
              31.34920551136478,
              30.044956633093168
            ]
          ]
        ],
        "type": "Polygon"
      },
      "properties": {
        "centroid": {
          "latitude": 30.046900622915,
          "longitude": 31.351451299575
        },
        "population": 3122.635406484907,
        "zone_id": "NSR-GRID-219"
      },
      "type": "Feature"
    },
    {
      "geometry": {
        "coordinates": [
          [
            [
              31.35369708778538,
              30.044956633093168
            ],
            [
              31.35369708778538,
              30.0488446127367
            ],
            [
              31.35818866420598,
              30.0488446127367
            ],
            [
              31.35818866420598,
              30.044956633093168
            ],
            [
              31.35369708778538,
              30.044956633093168
            ]
          ]
        ],
        "type": "Polygon"
      },
      "properties": {
        "centroid": {
          "latitude": 30.046900622915,
          "longitude": 31.355942875996
        },
        "population": 1749.931613976818,
        "zone_id": "NSR-GRID-220"
      },
      "type": "Feature"
    },
    {
      "geometry": {
        "coordinates": [
          [
            [
              31.35818866420598,
              30.044956633093168
            ],
            [
              31.35818866420598,
              30.0488446127367
            ],
            [
              31.362680240626577,
              30.0488446127367
            ],
            [
              31.362680240626577,
              30.044956633093168
            ],
            [
              31.35818866420598,
              30.044956633093168
            ]
          ]
        ],
        "type": "Polygon"
      },
      "properties": {
        "centroid": {
          "latitude": 30.046900622915,
          "longitude": 31.360434452416
        },
        "population": 2193.730129311572,
        "zone_id": "NSR-GRID-221"
      },
      "type": "Feature"
    },
    {
      "geometry": {
        "coordinates": [
          [
            [
              31.362680240626577,
              30.044956633093168
            ],
            [
              31.362680240626577,
              30.0488446127367
            ],
            [
              31.36717181704717,
              30.0488446127367
            ],
            [
              31.36717181704717,
              30.044956633093168
            ],
            [
              31.362680240626577,
              30.044956633093168
            ]
          ]
        ],
        "type": "Polygon"
      },
      "properties": {
        "centroid": {
          "latitude": 30.046900622915,
          "longitude": 31.364926028837
        },
        "population": 2230.241189528009,
        "zone_id": "NSR-GRID-222"
      },
      "type": "Feature"
    },
    {
      "geometry": {
        "coordinates": [
          [
            [
              31.36717181704717,
              30.044956633093168
            ],
            [
              31.36717181704717,
              30.0488446127367
            ],
            [
              31.371663393467767,
              30.0488446127367
            ],
            [
              31.371663393467767,
              30.044956633093168
            ],
            [
              31.36717181704717,
              30.044956633093168
            ]
          ]
        ],
        "type": "Polygon"
      },
      "properties": {
        "centroid": {
          "latitude": 30.046900622915,
          "longitude": 31.369417605257
        },
        "population": 3030.281381651954,
        "zone_id": "NSR-GRID-223"
      },
      "type": "Feature"
    },
    {
      "geometry": {
        "coordinates": [
          [
            [
              31.371663393467767,
              30.044956633093168
            ],
            [
              31.371663393467767,
              30.0488446127367
            ],
            [
              31.376154969888365,
              30.0488446127367
            ],
            [
              31.376154969888365,
              30.044956633093168
            ],
            [
              31.371663393467767,
              30.044956633093168
            ]
          ]
        ],
        "type": "Polygon"
      },
      "properties": {
        "centroid": {
          "latitude": 30.046900622915,
          "longitude": 31.373909181678
        },
        "population": 6517.266237816469,
        "zone_id": "NSR-GRID-224"
      },
      "type": "Feature"
    },
    {
      "geometry": {
        "coordinates": [
          [
            [
              31.376154969888365,
              30.044956633093168
            ],
            [
              31.376154969888365,
              30.0488446127367
            ],
            [
              31.380646546308967,
              30.0488446127367
            ],
            [
              31.380646546308967,
              30.044956633093168
            ],
            [
              31.376154969888365,
              30.044956633093168
            ]
          ]
        ],
        "type": "Polygon"
      },
      "properties": {
        "centroid": {
          "latitude": 30.046900622915,
          "longitude": 31.378400758099
        },
        "population": 4367.903256852705,
        "zone_id": "NSR-GRID-225"
      },
      "type": "Feature"
    },
    {
      "geometry": {
        "coordinates": [
          [
            [
              31.380646546308967,
              30.044956633093168
            ],
            [
              31.380646546308967,
              30.0488446127367
            ],
            [
              31.385138122729565,
              30.0488446127367
            ],
            [
              31.385138122729565,
              30.044956633093168
            ],
            [
              31.380646546308967,
              30.044956633093168
            ]
          ]
        ],
        "type": "Polygon"
      },
      "properties": {
        "centroid": {
          "latitude": 30.046900622915,
          "longitude": 31.382892334519
        },
        "population": 2773.404743625529,
        "zone_id": "NSR-GRID-226"
      },
      "type": "Feature"
    },
    {
      "geometry": {
        "coordinates": [
          [
            [
              31.385138122729565,
              30.044956633093168
            ],
            [
              31.385138122729565,
              30.0488446127367
            ],
            [
              31.389629699150163,
              30.0488446127367
            ],
            [
              31.389629699150163,
              30.044956633093168
            ],
            [
              31.385138122729565,
              30.044956633093168
            ]
          ]
        ],
        "type": "Polygon"
      },
      "properties": {
        "centroid": {
          "latitude": 30.046900622915,
          "longitude": 31.38738391094
        },
        "population": 4029.238525818333,
        "zone_id": "NSR-GRID-227"
      },
      "type": "Feature"
    },
    {
      "geometry": {
        "coordinates": [
          [
            [
              31.389629699150163,
              30.044956633093168
            ],
            [
              31.389629699150163,
              30.0488446127367
            ],
            [
              31.394121275570754,
              30.0488446127367
            ],
            [
              31.394121275570754,
              30.044956633093168
            ],
            [
              31.389629699150163,
              30.044956633093168
            ]
          ]
        ],
        "type": "Polygon"
      },
      "properties": {
        "centroid": {
          "latitude": 30.046900622915,
          "longitude": 31.39187548736
        },
        "population": 4072.96673183252,
        "zone_id": "NSR-GRID-228"
      },
      "type": "Feature"
    },
    {
      "geometry": {
        "coordinates": [
          [
            [
              31.394121275570754,
              30.044956633093168
            ],
            [
              31.394121275570754,
              30.0488446127367
            ],
            [
              31.398612851991352,
              30.0488446127367
            ],
            [
              31.398612851991352,
              30.044956633093168
            ],
            [
              31.394121275570754,
              30.044956633093168
            ]
          ]
        ],
        "type": "Polygon"
      },
      "properties": {
        "centroid": {
          "latitude": 30.046900622915,
          "longitude": 31.396367063781
        },
        "population": 4936.467318816467,
        "zone_id": "NSR-GRID-229"
      },
      "type": "Feature"
    },
    {
      "geometry": {
        "coordinates": [
          [
            [
              31.398612851991352,
              30.044956633093168
            ],
            [
              31.398612851991352,
              30.0488446127367
            ],
            [
              31.403104428411954,
              30.0488446127367
            ],
            [
              31.403104428411954,
              30.044956633093168
            ],
            [
              31.398612851991352,
              30.044956633093168
            ]
          ]
        ],
        "type": "Polygon"
      },
      "properties": {
        "centroid": {
          "latitude": 30.046900622915,
          "longitude": 31.400858640202
        },
        "population": 3103.838200243532,
        "zone_id": "NSR-GRID-230"
      },
      "type": "Feature"
    },
    {
      "geometry": {
        "coordinates": [
          [
            [
              31.403104428411954,
              30.04106850084479
            ],
            [
              31.403104428411954,
              30.044956633093168
            ],
            [
              31.404817173280087,
              30.044956633093168
            ],
            [
              31.4045107,
              30.0442156
            ],
            [
              31.4043218,
              30.0430629
            ],
            [
              31.404016132317846,
              30.04106850084479
            ],
            [
              31.403104428411954,
              30.04106850084479
            ]
          ]
        ],
        "type": "Polygon"
      },
      "properties": {
        "centroid": {
          "latitude": 30.043198764626,
          "longitude": 31.403738003426
        },
        "population": 99.441599991104,
        "zone_id": "NSR-GRID-231"
      },
      "type": "Feature"
    },
    {
      "geometry": {
        "coordinates": [
          [
            [
              31.331239205682394,
              30.044956633093168
            ],
            [
              31.331239205682394,
              30.04106850084479
            ],
            [
              31.329916534990666,
              30.04106850084479
            ],
            [
              31.3297171,
              30.041904599999985
            ],
            [
              31.3294571,
              30.042982
            ],
            [
              31.3291928,
              30.0441439
            ],
            [
              31.329008436839352,
              30.044956633093168
            ],
            [
              31.331239205682394,
              30.044956633093168
            ]
          ]
        ],
        "type": "Polygon"
      },
      "properties": {
        "centroid": {
          "latitude": 30.043177807297,
          "longitude": 31.330328515147
        },
        "population": 1702.669490725077,
        "zone_id": "NSR-GRID-232"
      },
      "type": "Feature"
    },
    {
      "geometry": {
        "coordinates": [
          [
            [
              31.331239205682394,
              30.04106850084479
            ],
            [
              31.331239205682394,
              30.044956633093168
            ],
            [
              31.335730782102992,
              30.044956633093168
            ],
            [
              31.335730782102992,
              30.04106850084479
            ],
            [
              31.331239205682394,
              30.04106850084479
            ]
          ]
        ],
        "type": "Polygon"
      },
      "properties": {
        "centroid": {
          "latitude": 30.043012566969,
          "longitude": 31.333484993893
        },
        "population": 6886.745171899226,
        "zone_id": "NSR-GRID-233"
      },
      "type": "Feature"
    },
    {
      "geometry": {
        "coordinates": [
          [
            [
              31.335730782102992,
              30.04106850084479
            ],
            [
              31.335730782102992,
              30.044956633093168
            ],
            [
              31.340222358523583,
              30.044956633093168
            ],
            [
              31.340222358523583,
              30.04106850084479
            ],
            [
              31.335730782102992,
              30.04106850084479
            ]
          ]
        ],
        "type": "Polygon"
      },
      "properties": {
        "centroid": {
          "latitude": 30.043012566969,
          "longitude": 31.337976570313
        },
        "population": 6574.691133984875,
        "zone_id": "NSR-GRID-234"
      },
      "type": "Feature"
    },
    {
      "geometry": {
        "coordinates": [
          [
            [
              31.340222358523583,
              30.04106850084479
            ],
            [
              31.340222358523583,
              30.044956633093168
            ],
            [
              31.34471393494418,
              30.044956633093168
            ],
            [
              31.34471393494418,
              30.04106850084479
            ],
            [
              31.340222358523583,
              30.04106850084479
            ]
          ]
        ],
        "type": "Polygon"
      },
      "properties": {
        "centroid": {
          "latitude": 30.043012566969,
          "longitude": 31.342468146734
        },
        "population": 1472.430303889156,
        "zone_id": "NSR-GRID-235"
      },
      "type": "Feature"
    },
    {
      "geometry": {
        "coordinates": [
          [
            [
              31.34471393494418,
              30.04106850084479
            ],
            [
              31.34471393494418,
              30.044956633093168
            ],
            [
              31.34920551136478,
              30.044956633093168
            ],
            [
              31.34920551136478,
              30.04106850084479
            ],
            [
              31.34471393494418,
              30.04106850084479
            ]
          ]
        ],
        "type": "Polygon"
      },
      "properties": {
        "centroid": {
          "latitude": 30.043012566969,
          "longitude": 31.346959723154
        },
        "population": 1272.322430320555,
        "zone_id": "NSR-GRID-236"
      },
      "type": "Feature"
    },
    {
      "geometry": {
        "coordinates": [
          [
            [
              31.34920551136478,
              30.04106850084479
            ],
            [
              31.34920551136478,
              30.044956633093168
            ],
            [
              31.35369708778538,
              30.044956633093168
            ],
            [
              31.35369708778538,
              30.04106850084479
            ],
            [
              31.34920551136478,
              30.04106850084479
            ]
          ]
        ],
        "type": "Polygon"
      },
      "properties": {
        "centroid": {
          "latitude": 30.043012566969,
          "longitude": 31.351451299575
        },
        "population": 143.845226184547,
        "zone_id": "NSR-GRID-237"
      },
      "type": "Feature"
    },
    {
      "geometry": {
        "coordinates": [
          [
            [
              31.35369708778538,
              30.04106850084479
            ],
            [
              31.35369708778538,
              30.044956633093168
            ],
            [
              31.35818866420598,
              30.044956633093168
            ],
            [
              31.35818866420598,
              30.04106850084479
            ],
            [
              31.35369708778538,
              30.04106850084479
            ]
          ]
        ],
        "type": "Polygon"
      },
      "properties": {
        "centroid": {
          "latitude": 30.043012566969,
          "longitude": 31.355942875996
        },
        "population": 1023.633059628136,
        "zone_id": "NSR-GRID-238"
      },
      "type": "Feature"
    },
    {
      "geometry": {
        "coordinates": [
          [
            [
              31.35818866420598,
              30.04106850084479
            ],
            [
              31.35818866420598,
              30.044956633093168
            ],
            [
              31.362680240626577,
              30.044956633093168
            ],
            [
              31.362680240626577,
              30.04106850084479
            ],
            [
              31.35818866420598,
              30.04106850084479
            ]
          ]
        ],
        "type": "Polygon"
      },
      "properties": {
        "centroid": {
          "latitude": 30.043012566969,
          "longitude": 31.360434452416
        },
        "population": 1750.032030260597,
        "zone_id": "NSR-GRID-239"
      },
      "type": "Feature"
    },
    {
      "geometry": {
        "coordinates": [
          [
            [
              31.362680240626577,
              30.04106850084479
            ],
            [
              31.362680240626577,
              30.044956633093168
            ],
            [
              31.36717181704717,
              30.044956633093168
            ],
            [
              31.36717181704717,
              30.04106850084479
            ],
            [
              31.362680240626577,
              30.04106850084479
            ]
          ]
        ],
        "type": "Polygon"
      },
      "properties": {
        "centroid": {
          "latitude": 30.043012566969,
          "longitude": 31.364926028837
        },
        "population": 1911.507144572272,
        "zone_id": "NSR-GRID-240"
      },
      "type": "Feature"
    },
    {
      "geometry": {
        "coordinates": [
          [
            [
              31.36717181704717,
              30.04106850084479
            ],
            [
              31.36717181704717,
              30.044956633093168
            ],
            [
              31.371663393467767,
              30.044956633093168
            ],
            [
              31.371663393467767,
              30.04106850084479
            ],
            [
              31.36717181704717,
              30.04106850084479
            ]
          ]
        ],
        "type": "Polygon"
      },
      "properties": {
        "centroid": {
          "latitude": 30.043012566969,
          "longitude": 31.369417605257
        },
        "population": 3175.784431869711,
        "zone_id": "NSR-GRID-241"
      },
      "type": "Feature"
    },
    {
      "geometry": {
        "coordinates": [
          [
            [
              31.371663393467767,
              30.04106850084479
            ],
            [
              31.371663393467767,
              30.044956633093168
            ],
            [
              31.376154969888365,
              30.044956633093168
            ],
            [
              31.376154969888365,
              30.04106850084479
            ],
            [
              31.371663393467767,
              30.04106850084479
            ]
          ]
        ],
        "type": "Polygon"
      },
      "properties": {
        "centroid": {
          "latitude": 30.043012566969,
          "longitude": 31.373909181678
        },
        "population": 4155.737009083221,
        "zone_id": "NSR-GRID-242"
      },
      "type": "Feature"
    },
    {
      "geometry": {
        "coordinates": [
          [
            [
              31.376154969888365,
              30.04106850084479
            ],
            [
              31.376154969888365,
              30.044956633093168
            ],
            [
              31.380646546308967,
              30.044956633093168
            ],
            [
              31.380646546308967,
              30.04106850084479
            ],
            [
              31.376154969888365,
              30.04106850084479
            ]
          ]
        ],
        "type": "Polygon"
      },
      "properties": {
        "centroid": {
          "latitude": 30.043012566969,
          "longitude": 31.378400758099
        },
        "population": 2219.10882032277,
        "zone_id": "NSR-GRID-243"
      },
      "type": "Feature"
    },
    {
      "geometry": {
        "coordinates": [
          [
            [
              31.380646546308967,
              30.04106850084479
            ],
            [
              31.380646546308967,
              30.044956633093168
            ],
            [
              31.385138122729565,
              30.044956633093168
            ],
            [
              31.385138122729565,
              30.04106850084479
            ],
            [
              31.380646546308967,
              30.04106850084479
            ]
          ]
        ],
        "type": "Polygon"
      },
      "properties": {
        "centroid": {
          "latitude": 30.043012566969,
          "longitude": 31.382892334519
        },
        "population": 201.902308022922,
        "zone_id": "NSR-GRID-244"
      },
      "type": "Feature"
    },
    {
      "geometry": {
        "coordinates": [
          [
            [
              31.385138122729565,
              30.04106850084479
            ],
            [
              31.385138122729565,
              30.044956633093168
            ],
            [
              31.389629699150163,
              30.044956633093168
            ],
            [
              31.389629699150163,
              30.04106850084479
            ],
            [
              31.385138122729565,
              30.04106850084479
            ]
          ]
        ],
        "type": "Polygon"
      },
      "properties": {
        "centroid": {
          "latitude": 30.043012566969,
          "longitude": 31.38738391094
        },
        "population": 1046.093812575747,
        "zone_id": "NSR-GRID-245"
      },
      "type": "Feature"
    },
    {
      "geometry": {
        "coordinates": [
          [
            [
              31.389629699150163,
              30.04106850084479
            ],
            [
              31.389629699150163,
              30.044956633093168
            ],
            [
              31.394121275570754,
              30.044956633093168
            ],
            [
              31.394121275570754,
              30.04106850084479
            ],
            [
              31.389629699150163,
              30.04106850084479
            ]
          ]
        ],
        "type": "Polygon"
      },
      "properties": {
        "centroid": {
          "latitude": 30.043012566969,
          "longitude": 31.39187548736
        },
        "population": 2176.47960328317,
        "zone_id": "NSR-GRID-246"
      },
      "type": "Feature"
    },
    {
      "geometry": {
        "coordinates": [
          [
            [
              31.394121275570754,
              30.04106850084479
            ],
            [
              31.394121275570754,
              30.044956633093168
            ],
            [
              31.398612851991352,
              30.044956633093168
            ],
            [
              31.398612851991352,
              30.04106850084479
            ],
            [
              31.394121275570754,
              30.04106850084479
            ]
          ]
        ],
        "type": "Polygon"
      },
      "properties": {
        "centroid": {
          "latitude": 30.043012566969,
          "longitude": 31.396367063781
        },
        "population": 2624.924932816006,
        "zone_id": "NSR-GRID-247"
      },
      "type": "Feature"
    },
    {
      "geometry": {
        "coordinates": [
          [
            [
              31.398612851991352,
              30.04106850084479
            ],
            [
              31.398612851991352,
              30.044956633093168
            ],
            [
              31.403104428411954,
              30.044956633093168
            ],
            [
              31.403104428411954,
              30.04106850084479
            ],
            [
              31.398612851991352,
              30.04106850084479
            ]
          ]
        ],
        "type": "Polygon"
      },
      "properties": {
        "centroid": {
          "latitude": 30.043012566969,
          "longitude": 31.400858640202
        },
        "population": 1995.486064798253,
        "zone_id": "NSR-GRID-248"
      },
      "type": "Feature"
    },
    {
      "geometry": {
        "coordinates": [
          [
            [
              [
                31.331239205682394,
                30.037180216003467
              ],
              [
                31.3310566706397,
                30.037180216003467
              ],
              [
                31.331239205682394,
                30.03732916147727
              ],
              [
                31.331239205682394,
                30.037180216003467
              ]
            ]
          ],
          [
            [
              [
                31.331239205682394,
                30.04106850084479
              ],
              [
                31.331239205682394,
                30.03901108600472
              ],
              [
                31.3300623,
                30.0404574
              ],
              [
                31.329916534990666,
                30.04106850084479
              ],
              [
                31.331239205682394,
                30.04106850084479
              ]
            ]
          ]
        ],
        "type": "MultiPolygon"
      },
      "properties": {
        "centroid": {
          "latitude": 30.040324579473,
          "longitude": 31.330740250793
        },
        "population": 357.530982017636,
        "zone_id": "NSR-GRID-249"
      },
      "type": "Feature"
    },
    {
      "geometry": {
        "coordinates": [
          [
            [
              31.403104428411954,
              30.037180216003467
            ],
            [
              31.403104428411954,
              30.04106850084479
            ],
            [
              31.404016132317846,
              30.04106850084479
            ],
            [
              31.4038534,
              30.0400067
            ],
            [
              31.40348484192259,
              30.037180216003467
            ],
            [
              31.403104428411954,
              30.037180216003467
            ]
          ]
        ],
        "type": "Polygon"
      },
      "properties": {
        "centroid": {
          "latitude": 30.039390438441,
          "longitude": 31.403440965999
        },
        "population": 36.647305732696,
        "zone_id": "NSR-GRID-250"
      },
      "type": "Feature"
    },
    {
      "geometry": {
        "coordinates": [
          [
            [
              31.331239205682394,
              30.04106850084479
            ],
            [
              31.335730782102992,
              30.04106850084479
            ],
            [
              31.335730782102992,
              30.037180216003467
            ],
            [
              31.331239205682394,
              30.037180216003467
            ],
            [
              31.331239205682394,
              30.03732916147727
            ],
            [
              31.3320617,
              30.0380003
            ],
            [
              31.331239205682394,
              30.03901108600472
            ],
            [
              31.331239205682394,
              30.04106850084479
            ]
          ]
        ],
        "type": "Polygon"
      },
      "properties": {
        "centroid": {
          "latitude": 30.039166044047,
          "longitude": 31.333566300668
        },
        "population": 5765.75543751694,
        "zone_id": "NSR-GRID-251"
      },
      "type": "Feature"
    },
    {
      "geometry": {
        "coordinates": [
          [
            [
              31.335730782102992,
              30.037180216003467
            ],
            [
              31.335730782102992,
              30.04106850084479
            ],
            [
              31.340222358523583,
              30.04106850084479
            ],
            [
              31.340222358523583,
              30.037180216003467
            ],
            [
              31.335730782102992,
              30.037180216003467
            ]
          ]
        ],
        "type": "Polygon"
      },
      "properties": {
        "centroid": {
          "latitude": 30.039124358424,
          "longitude": 31.337976570313
        },
        "population": 6419.148193458203,
        "zone_id": "NSR-GRID-252"
      },
      "type": "Feature"
    },
    {
      "geometry": {
        "coordinates": [
          [
            [
              31.340222358523583,
              30.037180216003467
            ],
            [
              31.340222358523583,
              30.04106850084479
            ],
            [
              31.34471393494418,
              30.04106850084479
            ],
            [
              31.34471393494418,
              30.037180216003467
            ],
            [
              31.340222358523583,
              30.037180216003467
            ]
          ]
        ],
        "type": "Polygon"
      },
      "properties": {
        "centroid": {
          "latitude": 30.039124358424,
          "longitude": 31.342468146734
        },
        "population": 2685.726367573856,
        "zone_id": "NSR-GRID-253"
      },
      "type": "Feature"
    },
    {
      "geometry": {
        "coordinates": [
          [
            [
              31.34471393494418,
              30.037180216003467
            ],
            [
              31.34471393494418,
              30.04106850084479
            ],
            [
              31.34920551136478,
              30.04106850084479
            ],
            [
              31.34920551136478,
              30.037180216003467
            ],
            [
              31.34471393494418,
              30.037180216003467
            ]
          ]
        ],
        "type": "Polygon"
      },
      "properties": {
        "centroid": {
          "latitude": 30.039124358424,
          "longitude": 31.346959723154
        },
        "population": 1209.912361544915,
        "zone_id": "NSR-GRID-254"
      },
      "type": "Feature"
    },
    {
      "geometry": {
        "coordinates": [
          [
            [
              31.34920551136478,
              30.037180216003467
            ],
            [
              31.34920551136478,
              30.04106850084479
            ],
            [
              31.35369708778538,
              30.04106850084479
            ],
            [
              31.35369708778538,
              30.037180216003467
            ],
            [
              31.34920551136478,
              30.037180216003467
            ]
          ]
        ],
        "type": "Polygon"
      },
      "properties": {
        "centroid": {
          "latitude": 30.039124358424,
          "longitude": 31.351451299575
        },
        "population": 1508.304905924156,
        "zone_id": "NSR-GRID-255"
      },
      "type": "Feature"
    },
    {
      "geometry": {
        "coordinates": [
          [
            [
              31.35369708778538,
              30.037180216003467
            ],
            [
              31.35369708778538,
              30.04106850084479
            ],
            [
              31.35818866420598,
              30.04106850084479
            ],
            [
              31.35818866420598,
              30.037180216003467
            ],
            [
              31.35369708778538,
              30.037180216003467
            ]
          ]
        ],
        "type": "Polygon"
      },
      "properties": {
        "centroid": {
          "latitude": 30.039124358424,
          "longitude": 31.355942875996
        },
        "population": 840.242960507114,
        "zone_id": "NSR-GRID-256"
      },
      "type": "Feature"
    },
    {
      "geometry": {
        "coordinates": [
          [
            [
              31.35818866420598,
              30.037180216003467
            ],
            [
              31.35818866420598,
              30.04106850084479
            ],
            [
              31.362680240626577,
              30.04106850084479
            ],
            [
              31.362680240626577,
              30.037180216003467
            ],
            [
              31.35818866420598,
              30.037180216003467
            ]
          ]
        ],
        "type": "Polygon"
      },
      "properties": {
        "centroid": {
          "latitude": 30.039124358424,
          "longitude": 31.360434452416
        },
        "population": 883.740088012087,
        "zone_id": "NSR-GRID-257"
      },
      "type": "Feature"
    },
    {
      "geometry": {
        "coordinates": [
          [
            [
              31.362680240626577,
              30.037180216003467
            ],
            [
              31.362680240626577,
              30.04106850084479
            ],
            [
              31.36717181704717,
              30.04106850084479
            ],
            [
              31.36717181704717,
              30.037180216003467
            ],
            [
              31.362680240626577,
              30.037180216003467
            ]
          ]
        ],
        "type": "Polygon"
      },
      "properties": {
        "centroid": {
          "latitude": 30.039124358424,
          "longitude": 31.364926028837
        },
        "population": 964.186907243714,
        "zone_id": "NSR-GRID-258"
      },
      "type": "Feature"
    },
    {
      "geometry": {
        "coordinates": [
          [
            [
              31.36717181704717,
              30.037180216003467
            ],
            [
              31.36717181704717,
              30.04106850084479
            ],
            [
              31.371663393467767,
              30.04106850084479
            ],
            [
              31.371663393467767,
              30.037180216003467
            ],
            [
              31.36717181704717,
              30.037180216003467
            ]
          ]
        ],
        "type": "Polygon"
      },
      "properties": {
        "centroid": {
          "latitude": 30.039124358424,
          "longitude": 31.369417605257
        },
        "population": 2054.877381332098,
        "zone_id": "NSR-GRID-259"
      },
      "type": "Feature"
    },
    {
      "geometry": {
        "coordinates": [
          [
            [
              31.371663393467767,
              30.037180216003467
            ],
            [
              31.371663393467767,
              30.04106850084479
            ],
            [
              31.376154969888365,
              30.04106850084479
            ],
            [
              31.376154969888365,
              30.037180216003467
            ],
            [
              31.371663393467767,
              30.037180216003467
            ]
          ]
        ],
        "type": "Polygon"
      },
      "properties": {
        "centroid": {
          "latitude": 30.039124358424,
          "longitude": 31.373909181678
        },
        "population": 2401.477858928272,
        "zone_id": "NSR-GRID-260"
      },
      "type": "Feature"
    },
    {
      "geometry": {
        "coordinates": [
          [
            [
              31.376154969888365,
              30.037180216003467
            ],
            [
              31.376154969888365,
              30.04106850084479
            ],
            [
              31.380646546308967,
              30.04106850084479
            ],
            [
              31.380646546308967,
              30.037180216003467
            ],
            [
              31.376154969888365,
              30.037180216003467
            ]
          ]
        ],
        "type": "Polygon"
      },
      "properties": {
        "centroid": {
          "latitude": 30.039124358424,
          "longitude": 31.378400758099
        },
        "population": 1311.283940031309,
        "zone_id": "NSR-GRID-261"
      },
      "type": "Feature"
    },
    {
      "geometry": {
        "coordinates": [
          [
            [
              31.380646546308967,
              30.037180216003467
            ],
            [
              31.380646546308967,
              30.04106850084479
            ],
            [
              31.385138122729565,
              30.04106850084479
            ],
            [
              31.385138122729565,
              30.037180216003467
            ],
            [
              31.380646546308967,
              30.037180216003467
            ]
          ]
        ],
        "type": "Polygon"
      },
      "properties": {
        "centroid": {
          "latitude": 30.039124358424,
          "longitude": 31.382892334519
        },
        "population": 40.329221521742,
        "zone_id": "NSR-GRID-262"
      },
      "type": "Feature"
    },
    {
      "geometry": {
        "coordinates": [
          [
            [
              31.385138122729565,
              30.037180216003467
            ],
            [
              31.385138122729565,
              30.04106850084479
            ],
            [
              31.389629699150163,
              30.04106850084479
            ],
            [
              31.389629699150163,
              30.037180216003467
            ],
            [
              31.385138122729565,
              30.037180216003467
            ]
          ]
        ],
        "type": "Polygon"
      },
      "properties": {
        "centroid": {
          "latitude": 30.039124358424,
          "longitude": 31.38738391094
        },
        "population": 103.334761057711,
        "zone_id": "NSR-GRID-263"
      },
      "type": "Feature"
    },
    {
      "geometry": {
        "coordinates": [
          [
            [
              31.389629699150163,
              30.037180216003467
            ],
            [
              31.389629699150163,
              30.04106850084479
            ],
            [
              31.394121275570754,
              30.04106850084479
            ],
            [
              31.394121275570754,
              30.037180216003467
            ],
            [
              31.389629699150163,
              30.037180216003467
            ]
          ]
        ],
        "type": "Polygon"
      },
      "properties": {
        "centroid": {
          "latitude": 30.039124358424,
          "longitude": 31.39187548736
        },
        "population": 774.666898267589,
        "zone_id": "NSR-GRID-264"
      },
      "type": "Feature"
    },
    {
      "geometry": {
        "coordinates": [
          [
            [
              31.394121275570754,
              30.037180216003467
            ],
            [
              31.394121275570754,
              30.04106850084479
            ],
            [
              31.398612851991352,
              30.04106850084479
            ],
            [
              31.398612851991352,
              30.037180216003467
            ],
            [
              31.394121275570754,
              30.037180216003467
            ]
          ]
        ],
        "type": "Polygon"
      },
      "properties": {
        "centroid": {
          "latitude": 30.039124358424,
          "longitude": 31.396367063781
        },
        "population": 3989.7351003338,
        "zone_id": "NSR-GRID-265"
      },
      "type": "Feature"
    },
    {
      "geometry": {
        "coordinates": [
          [
            [
              31.398612851991352,
              30.037180216003467
            ],
            [
              31.398612851991352,
              30.04106850084479
            ],
            [
              31.403104428411954,
              30.04106850084479
            ],
            [
              31.403104428411954,
              30.037180216003467
            ],
            [
              31.398612851991352,
              30.037180216003467
            ]
          ]
        ],
        "type": "Polygon"
      },
      "properties": {
        "centroid": {
          "latitude": 30.039124358424,
          "longitude": 31.400858640202
        },
        "population": 2960.388851251862,
        "zone_id": "NSR-GRID-266"
      },
      "type": "Feature"
    },
    {
      "geometry": {
        "coordinates": [
          [
            [
              31.331239205682394,
              30.037180216003467
            ],
            [
              31.331239205682394,
              30.035188000907038
            ],
            [
              31.3310691,
              30.0354103
            ],
            [
              31.3303933,
              30.0363238
            ],
            [
              31.3302385,
              30.0365126
            ],
            [
              31.3310566706397,
              30.037180216003467
            ],
            [
              31.331239205682394,
              30.037180216003467
            ]
          ]
        ],
        "type": "Polygon"
      },
      "properties": {
        "centroid": {
          "latitude": 30.036332643354,
          "longitude": 31.33090426044
        },
        "population": 94.940717900688,
        "zone_id": "NSR-GRID-267"
      },
      "type": "Feature"
    },
    {
      "geometry": {
        "coordinates": [
          [
            [
              31.403104428411954,
              30.037180216003467
            ],
            [
              31.40348484192259,
              30.037180216003467
            ],
            [
              31.4033025,
              30.0357818
            ],
            [
              31.403104428411954,
              30.03438262220066
            ],
            [
              31.403104428411954,
              30.037180216003467
            ]
          ]
        ],
        "type": "Polygon"
      },
      "properties": {
        "centroid": {
          "latitude": 30.03623830372,
          "longitude": 31.403232561642
        },
        "population": 14.40371693464,
        "zone_id": "NSR-GRID-268"
      },
      "type": "Feature"
    },
    {
      "geometry": {
        "coordinates": [
          [
            [
              31.331239205682394,
              30.037180216003467
            ],
            [
              31.335730782102992,
              30.037180216003467
            ],
            [
              31.335730782102992,
              30.03329177858111
            ],
            [
              31.33288732898272,
              30.03329177858111
            ],
            [
              31.3325084,
              30.03361
            ],
            [
              31.3317861,
              30.0344733
            ],
            [
              31.331239205682394,
              30.035188000907038
            ],
            [
              31.331239205682394,
              30.037180216003467
            ]
          ]
        ],
        "type": "Polygon"
      },
      "properties": {
        "centroid": {
          "latitude": 30.035355549395,
          "longitude": 31.333640476846
        },
        "population": 780.540341859901,
        "zone_id": "NSR-GRID-269"
      },
      "type": "Feature"
    },
    {
      "geometry": {
        "coordinates": [
          [
            [
              31.398612851991352,
              30.03329177858111
            ],
            [
              31.398612851991352,
              30.037180216003467
            ],
            [
              31.403104428411954,
              30.037180216003467
            ],
            [
              31.403104428411954,
              30.03438262220066
            ],
            [
              31.402950007427197,
              30.03329177858111
            ],
            [
              31.398612851991352,
              30.03329177858111
            ]
          ]
        ],
        "type": "Polygon"
      },
      "properties": {
        "centroid": {
          "latitude": 30.035243656564,
          "longitude": 31.400848007021
        },
        "population": 903.936638353286,
        "zone_id": "NSR-GRID-270"
      },
      "type": "Feature"
    },
    {
      "geometry": {
        "coordinates": [
          [
            [
              31.335730782102992,
              30.03329177858111
            ],
            [
              31.335730782102992,
              30.037180216003467
            ],
            [
              31.340222358523583,
              30.037180216003467
            ],
            [
              31.340222358523583,
              30.03329177858111
            ],
            [
              31.335730782102992,
              30.03329177858111
            ]
          ]
        ],
        "type": "Polygon"
      },
      "properties": {
        "centroid": {
          "latitude": 30.035235997292,
          "longitude": 31.337976570313
        },
        "population": 2060.016053685938,
        "zone_id": "NSR-GRID-271"
      },
      "type": "Feature"
    },
    {
      "geometry": {
        "coordinates": [
          [
            [
              31.340222358523583,
              30.03329177858111
            ],
            [
              31.340222358523583,
              30.037180216003467
            ],
            [
              31.34471393494418,
              30.037180216003467
            ],
            [
              31.34471393494418,
              30.03329177858111
            ],
            [
              31.340222358523583,
              30.03329177858111
            ]
          ]
        ],
        "type": "Polygon"
      },
      "properties": {
        "centroid": {
          "latitude": 30.035235997292,
          "longitude": 31.342468146734
        },
        "population": 2540.102684540097,
        "zone_id": "NSR-GRID-272"
      },
      "type": "Feature"
    },
    {
      "geometry": {
        "coordinates": [
          [
            [
              31.34471393494418,
              30.03329177858111
            ],
            [
              31.34471393494418,
              30.037180216003467
            ],
            [
              31.34920551136478,
              30.037180216003467
            ],
            [
              31.34920551136478,
              30.03329177858111
            ],
            [
              31.34471393494418,
              30.03329177858111
            ]
          ]
        ],
        "type": "Polygon"
      },
      "properties": {
        "centroid": {
          "latitude": 30.035235997292,
          "longitude": 31.346959723154
        },
        "population": 1333.431300002527,
        "zone_id": "NSR-GRID-273"
      },
      "type": "Feature"
    },
    {
      "geometry": {
        "coordinates": [
          [
            [
              31.34920551136478,
              30.03329177858111
            ],
            [
              31.34920551136478,
              30.037180216003467
            ],
            [
              31.35369708778538,
              30.037180216003467
            ],
            [
              31.35369708778538,
              30.03329177858111
            ],
            [
              31.34920551136478,
              30.03329177858111
            ]
          ]
        ],
        "type": "Polygon"
      },
      "properties": {
        "centroid": {
          "latitude": 30.035235997292,
          "longitude": 31.351451299575
        },
        "population": 1198.513910512288,
        "zone_id": "NSR-GRID-274"
      },
      "type": "Feature"
    },
    {
      "geometry": {
        "coordinates": [
          [
            [
              31.35369708778538,
              30.03329177858111
            ],
            [
              31.35369708778538,
              30.037180216003467
            ],
            [
              31.35818866420598,
              30.037180216003467
            ],
            [
              31.35818866420598,
              30.03329177858111
            ],
            [
              31.35369708778538,
              30.03329177858111
            ]
          ]
        ],
        "type": "Polygon"
      },
      "properties": {
        "centroid": {
          "latitude": 30.035235997292,
          "longitude": 31.355942875996
        },
        "population": 1875.30869175681,
        "zone_id": "NSR-GRID-275"
      },
      "type": "Feature"
    },
    {
      "geometry": {
        "coordinates": [
          [
            [
              31.35818866420598,
              30.03329177858111
            ],
            [
              31.35818866420598,
              30.037180216003467
            ],
            [
              31.362680240626577,
              30.037180216003467
            ],
            [
              31.362680240626577,
              30.03329177858111
            ],
            [
              31.35818866420598,
              30.03329177858111
            ]
          ]
        ],
        "type": "Polygon"
      },
      "properties": {
        "centroid": {
          "latitude": 30.035235997292,
          "longitude": 31.360434452416
        },
        "population": 872.497472686994,
        "zone_id": "NSR-GRID-276"
      },
      "type": "Feature"
    },
    {
      "geometry": {
        "coordinates": [
          [
            [
              31.362680240626577,
              30.03329177858111
            ],
            [
              31.362680240626577,
              30.037180216003467
            ],
            [
              31.36717181704717,
              30.037180216003467
            ],
            [
              31.36717181704717,
              30.03329177858111
            ],
            [
              31.362680240626577,
              30.03329177858111
            ]
          ]
        ],
        "type": "Polygon"
      },
      "properties": {
        "centroid": {
          "latitude": 30.035235997292,
          "longitude": 31.364926028837
        },
        "population": 148.582203985475,
        "zone_id": "NSR-GRID-277"
      },
      "type": "Feature"
    },
    {
      "geometry": {
        "coordinates": [
          [
            [
              31.36717181704717,
              30.03329177858111
            ],
            [
              31.36717181704717,
              30.037180216003467
            ],
            [
              31.371663393467767,
              30.037180216003467
            ],
            [
              31.371663393467767,
              30.03329177858111
            ],
            [
              31.36717181704717,
              30.03329177858111
            ]
          ]
        ],
        "type": "Polygon"
      },
      "properties": {
        "centroid": {
          "latitude": 30.035235997292,
          "longitude": 31.369417605257
        },
        "population": 823.717741755621,
        "zone_id": "NSR-GRID-278"
      },
      "type": "Feature"
    },
    {
      "geometry": {
        "coordinates": [
          [
            [
              31.371663393467767,
              30.03329177858111
            ],
            [
              31.371663393467767,
              30.037180216003467
            ],
            [
              31.376154969888365,
              30.037180216003467
            ],
            [
              31.376154969888365,
              30.03329177858111
            ],
            [
              31.371663393467767,
              30.03329177858111
            ]
          ]
        ],
        "type": "Polygon"
      },
      "properties": {
        "centroid": {
          "latitude": 30.035235997292,
          "longitude": 31.373909181678
        },
        "population": 729.158289774876,
        "zone_id": "NSR-GRID-279"
      },
      "type": "Feature"
    },
    {
      "geometry": {
        "coordinates": [
          [
            [
              31.376154969888365,
              30.03329177858111
            ],
            [
              31.376154969888365,
              30.037180216003467
            ],
            [
              31.380646546308967,
              30.037180216003467
            ],
            [
              31.380646546308967,
              30.03329177858111
            ],
            [
              31.376154969888365,
              30.03329177858111
            ]
          ]
        ],
        "type": "Polygon"
      },
      "properties": {
        "centroid": {
          "latitude": 30.035235997292,
          "longitude": 31.378400758099
        },
        "population": 250.04597568299,
        "zone_id": "NSR-GRID-280"
      },
      "type": "Feature"
    },
    {
      "geometry": {
        "coordinates": [
          [
            [
              31.380646546308967,
              30.03329177858111
            ],
            [
              31.380646546308967,
              30.037180216003467
            ],
            [
              31.385138122729565,
              30.037180216003467
            ],
            [
              31.385138122729565,
              30.03329177858111
            ],
            [
              31.380646546308967,
              30.03329177858111
            ]
          ]
        ],
        "type": "Polygon"
      },
      "properties": {
        "centroid": {
          "latitude": 30.035235997292,
          "longitude": 31.382892334519
        },
        "population": 0.510980173134,
        "zone_id": "NSR-GRID-281"
      },
      "type": "Feature"
    },
    {
      "geometry": {
        "coordinates": [
          [
            [
              31.385138122729565,
              30.03329177858111
            ],
            [
              31.385138122729565,
              30.037180216003467
            ],
            [
              31.389629699150163,
              30.037180216003467
            ],
            [
              31.389629699150163,
              30.03329177858111
            ],
            [
              31.385138122729565,
              30.03329177858111
            ]
          ]
        ],
        "type": "Polygon"
      },
      "properties": {
        "centroid": {
          "latitude": 30.035235997292,
          "longitude": 31.38738391094
        },
        "population": 101.975837095618,
        "zone_id": "NSR-GRID-282"
      },
      "type": "Feature"
    },
    {
      "geometry": {
        "coordinates": [
          [
            [
              31.389629699150163,
              30.03329177858111
            ],
            [
              31.389629699150163,
              30.037180216003467
            ],
            [
              31.394121275570754,
              30.037180216003467
            ],
            [
              31.394121275570754,
              30.03329177858111
            ],
            [
              31.389629699150163,
              30.03329177858111
            ]
          ]
        ],
        "type": "Polygon"
      },
      "properties": {
        "centroid": {
          "latitude": 30.035235997292,
          "longitude": 31.39187548736
        },
        "population": 258.195156034821,
        "zone_id": "NSR-GRID-283"
      },
      "type": "Feature"
    },
    {
      "geometry": {
        "coordinates": [
          [
            [
              31.394121275570754,
              30.03329177858111
            ],
            [
              31.394121275570754,
              30.037180216003467
            ],
            [
              31.398612851991352,
              30.037180216003467
            ],
            [
              31.398612851991352,
              30.03329177858111
            ],
            [
              31.394121275570754,
              30.03329177858111
            ]
          ]
        ],
        "type": "Polygon"
      },
      "properties": {
        "centroid": {
          "latitude": 30.035235997292,
          "longitude": 31.396367063781
        },
        "population": 689.431821182109,
        "zone_id": "NSR-GRID-284"
      },
      "type": "Feature"
    },
    {
      "geometry": {
        "coordinates": [
          [
            [
              [
                31.335730782102992,
                30.02940318858966
              ],
              [
                31.335581772292223,
                30.02940318858966
              ],
              [
                31.3353268,
                30.03050550000001
              ],
              [
                31.3352921,
                30.0307101
              ],
              [
                31.3353421,
                30.030868699999985
              ],
              [
                31.3354841,
                30.030996
              ],
              [
                31.335706,
                30.0310882
              ],
              [
                31.335730782102992,
                30.031084275071336
              ],
              [
                31.335730782102992,
                30.02940318858966
              ]
            ]
          ],
          [
            [
              [
                31.335730782102992,
                30.03329177858111
              ],
              [
                31.335730782102992,
                30.031777576921158
              ],
              [
                31.3351376,
                30.0319719
              ],
              [
                31.3342732,
                30.032339
              ],
              [
                31.3334784,
                30.0327954
              ],
              [
                31.33288732898272,
                30.03329177858111
              ],
              [
                31.335730782102992,
                30.03329177858111
              ]
            ]
          ]
        ],
        "type": "MultiPolygon"
      },
      "properties": {
        "centroid": {
          "latitude": 30.032339225288,
          "longitude": 31.334841739102
        },
        "population": 167.905048331295,
        "zone_id": "NSR-GRID-285"
      },
      "type": "Feature"
    },
    {
      "geometry": {
        "coordinates": [
          [
            [
              31.398612851991352,
              30.02940318858966
            ],
            [
              31.398612851991352,
              30.03329177858111
            ],
            [
              31.402950007427197,
              30.03329177858111
            ],
            [
              31.4026521,
              30.0311873
            ],
            [
              31.402407520234178,
              30.02940318858966
            ],
            [
              31.398612851991352,
              30.02940318858966
            ]
          ]
        ],
        "type": "Polygon"
      },
      "properties": {
        "centroid": {
          "latitude": 30.031390770606,
          "longitude": 31.400647750253
        },
        "population": 114.029826606664,
        "zone_id": "NSR-GRID-286"
      },
      "type": "Feature"
    },
    {
      "geometry": {
        "coordinates": [
          [
            [
              31.340222358523583,
              30.02940318858966
            ],
            [
              31.340222358523583,
              30.03329177858111
            ],
            [
              31.34471393494418,
              30.03329177858111
            ],
            [
              31.34471393494418,
              30.02940318858966
            ],
            [
              31.340222358523583,
              30.02940318858966
            ]
          ]
        ],
        "type": "Polygon"
      },
      "properties": {
        "centroid": {
          "latitude": 30.031347483585,
          "longitude": 31.342468146734
        },
        "population": 503.252154364645,
        "zone_id": "NSR-GRID-287"
      },
      "type": "Feature"
    },
    {
      "geometry": {
        "coordinates": [
          [
            [
              31.34471393494418,
              30.02940318858966
            ],
            [
              31.34471393494418,
              30.03329177858111
            ],
            [
              31.34920551136478,
              30.03329177858111
            ],
            [
              31.34920551136478,
              30.02940318858966
            ],
            [
              31.34471393494418,
              30.02940318858966
            ]
          ]
        ],
        "type": "Polygon"
      },
      "properties": {
        "centroid": {
          "latitude": 30.031347483585,
          "longitude": 31.346959723154
        },
        "population": 350.778538071237,
        "zone_id": "NSR-GRID-288"
      },
      "type": "Feature"
    },
    {
      "geometry": {
        "coordinates": [
          [
            [
              31.34920551136478,
              30.02940318858966
            ],
            [
              31.34920551136478,
              30.03329177858111
            ],
            [
              31.35369708778538,
              30.03329177858111
            ],
            [
              31.35369708778538,
              30.02940318858966
            ],
            [
              31.34920551136478,
              30.02940318858966
            ]
          ]
        ],
        "type": "Polygon"
      },
      "properties": {
        "centroid": {
          "latitude": 30.031347483585,
          "longitude": 31.351451299575
        },
        "population": 4207.689428389288,
        "zone_id": "NSR-GRID-289"
      },
      "type": "Feature"
    },
    {
      "geometry": {
        "coordinates": [
          [
            [
              31.35369708778538,
              30.02940318858966
            ],
            [
              31.35369708778538,
              30.03329177858111
            ],
            [
              31.35818866420598,
              30.03329177858111
            ],
            [
              31.35818866420598,
              30.02940318858966
            ],
            [
              31.35369708778538,
              30.02940318858966
            ]
          ]
        ],
        "type": "Polygon"
      },
      "properties": {
        "centroid": {
          "latitude": 30.031347483585,
          "longitude": 31.355942875996
        },
        "population": 2073.974926440674,
        "zone_id": "NSR-GRID-290"
      },
      "type": "Feature"
    },
    {
      "geometry": {
        "coordinates": [
          [
            [
              31.35818866420598,
              30.02940318858966
            ],
            [
              31.35818866420598,
              30.03329177858111
            ],
            [
              31.362680240626577,
              30.03329177858111
            ],
            [
              31.362680240626577,
              30.02940318858966
            ],
            [
              31.35818866420598,
              30.02940318858966
            ]
          ]
        ],
        "type": "Polygon"
      },
      "properties": {
        "centroid": {
          "latitude": 30.031347483585,
          "longitude": 31.360434452416
        },
        "population": 329.627536443121,
        "zone_id": "NSR-GRID-291"
      },
      "type": "Feature"
    },
    {
      "geometry": {
        "coordinates": [
          [
            [
              31.362680240626577,
              30.02940318858966
            ],
            [
              31.362680240626577,
              30.03329177858111
            ],
            [
              31.36717181704717,
              30.03329177858111
            ],
            [
              31.36717181704717,
              30.02940318858966
            ],
            [
              31.362680240626577,
              30.02940318858966
            ]
          ]
        ],
        "type": "Polygon"
      },
      "properties": {
        "centroid": {
          "latitude": 30.031347483585,
          "longitude": 31.364926028837
        },
        "population": 342.269759076053,
        "zone_id": "NSR-GRID-292"
      },
      "type": "Feature"
    },
    {
      "geometry": {
        "coordinates": [
          [
            [
              31.36717181704717,
              30.02940318858966
            ],
            [
              31.36717181704717,
              30.03329177858111
            ],
            [
              31.371663393467767,
              30.03329177858111
            ],
            [
              31.371663393467767,
              30.02940318858966
            ],
            [
              31.36717181704717,
              30.02940318858966
            ]
          ]
        ],
        "type": "Polygon"
      },
      "properties": {
        "centroid": {
          "latitude": 30.031347483585,
          "longitude": 31.369417605257
        },
        "population": 1105.427258073639,
        "zone_id": "NSR-GRID-293"
      },
      "type": "Feature"
    },
    {
      "geometry": {
        "coordinates": [
          [
            [
              31.371663393467767,
              30.02940318858966
            ],
            [
              31.371663393467767,
              30.03329177858111
            ],
            [
              31.376154969888365,
              30.03329177858111
            ],
            [
              31.376154969888365,
              30.02940318858966
            ],
            [
              31.371663393467767,
              30.02940318858966
            ]
          ]
        ],
        "type": "Polygon"
      },
      "properties": {
        "centroid": {
          "latitude": 30.031347483585,
          "longitude": 31.373909181678
        },
        "population": 506.268296446212,
        "zone_id": "NSR-GRID-294"
      },
      "type": "Feature"
    },
    {
      "geometry": {
        "coordinates": [
          [
            [
              31.376154969888365,
              30.02940318858966
            ],
            [
              31.376154969888365,
              30.03329177858111
            ],
            [
              31.380646546308967,
              30.03329177858111
            ],
            [
              31.380646546308967,
              30.02940318858966
            ],
            [
              31.376154969888365,
              30.02940318858966
            ]
          ]
        ],
        "type": "Polygon"
      },
      "properties": {
        "centroid": {
          "latitude": 30.031347483585,
          "longitude": 31.378400758099
        },
        "population": 8.983387808637,
        "zone_id": "NSR-GRID-295"
      },
      "type": "Feature"
    },
    {
      "geometry": {
        "coordinates": [
          [
            [
              31.380646546308967,
              30.02940318858966
            ],
            [
              31.380646546308967,
              30.03329177858111
            ],
            [
              31.385138122729565,
              30.03329177858111
            ],
            [
              31.385138122729565,
              30.02940318858966
            ],
            [
              31.380646546308967,
              30.02940318858966
            ]
          ]
        ],
        "type": "Polygon"
      },
      "properties": {
        "centroid": {
          "latitude": 30.031347483585,
          "longitude": 31.382892334519
        },
        "population": 0.011216006075,
        "zone_id": "NSR-GRID-296"
      },
      "type": "Feature"
    },
    {
      "geometry": {
        "coordinates": [
          [
            [
              31.385138122729565,
              30.02940318858966
            ],
            [
              31.385138122729565,
              30.03329177858111
            ],
            [
              31.389629699150163,
              30.03329177858111
            ],
            [
              31.389629699150163,
              30.02940318858966
            ],
            [
              31.385138122729565,
              30.02940318858966
            ]
          ]
        ],
        "type": "Polygon"
      },
      "properties": {
        "centroid": {
          "latitude": 30.031347483585,
          "longitude": 31.38738391094
        },
        "population": 0.024270660478,
        "zone_id": "NSR-GRID-297"
      },
      "type": "Feature"
    },
    {
      "geometry": {
        "coordinates": [
          [
            [
              31.389629699150163,
              30.02940318858966
            ],
            [
              31.389629699150163,
              30.03329177858111
            ],
            [
              31.394121275570754,
              30.03329177858111
            ],
            [
              31.394121275570754,
              30.02940318858966
            ],
            [
              31.389629699150163,
              30.02940318858966
            ]
          ]
        ],
        "type": "Polygon"
      },
      "properties": {
        "centroid": {
          "latitude": 30.031347483585,
          "longitude": 31.39187548736
        },
        "population": 4.208076795798,
        "zone_id": "NSR-GRID-298"
      },
      "type": "Feature"
    },
    {
      "geometry": {
        "coordinates": [
          [
            [
              31.394121275570754,
              30.02940318858966
            ],
            [
              31.394121275570754,
              30.03329177858111
            ],
            [
              31.398612851991352,
              30.03329177858111
            ],
            [
              31.398612851991352,
              30.02940318858966
            ],
            [
              31.394121275570754,
              30.02940318858966
            ]
          ]
        ],
        "type": "Polygon"
      },
      "properties": {
        "centroid": {
          "latitude": 30.031347483585,
          "longitude": 31.396367063781
        },
        "population": 13.003505749789,
        "zone_id": "NSR-GRID-299"
      },
      "type": "Feature"
    },
    {
      "geometry": {
        "coordinates": [
          [
            [
              31.335730782102992,
              30.03329177858111
            ],
            [
              31.340222358523583,
              30.03329177858111
            ],
            [
              31.340222358523583,
              30.02940318858966
            ],
            [
              31.335730782102992,
              30.02940318858966
            ],
            [
              31.335730782102992,
              30.031084275071336
            ],
            [
              31.3361202,
              30.0310226
            ],
            [
              31.3363632,
              30.0315704
            ],
            [
              31.335730782102992,
              30.031777576921158
            ],
            [
              31.335730782102992,
              30.03329177858111
            ]
          ]
        ],
        "type": "Polygon"
      },
      "properties": {
        "centroid": {
          "latitude": 30.031346632012,
          "longitude": 31.33801530433
        },
        "population": 652.159753291833,
        "zone_id": "NSR-GRID-300"
      },
      "type": "Feature"
    },
    {
      "geometry": {
        "coordinates": [
          [
            [
              31.335730782102992,
              30.02940318858966
            ],
            [
              31.335730782102992,
              30.02875897481906
            ],
            [
              31.335581772292223,
              30.02940318858966
            ],
            [
              31.335730782102992,
              30.02940318858966
            ]
          ]
        ],
        "type": "Polygon"
      },
      "properties": {
        "centroid": {
          "latitude": 30.029188450666,
          "longitude": 31.335681112166
        },
        "population": 2.887523816042,
        "zone_id": "NSR-GRID-301"
      },
      "type": "Feature"
    },
    {
      "geometry": {
        "coordinates": [
          [
            [
              31.335730782102992,
              30.02940318858966
            ],
            [
              31.340222358523583,
              30.02940318858966
            ],
            [
              31.340222358523583,
              30.02551444604104
            ],
            [
              31.336591199332673,
              30.02551444604104
            ],
            [
              31.3358576,
              30.0282107
            ],
            [
              31.335730782102992,
              30.02875897481906
            ],
            [
              31.335730782102992,
              30.02940318858966
            ]
          ]
        ],
        "type": "Polygon"
      },
      "properties": {
        "centroid": {
          "latitude": 30.027533687971,
          "longitude": 31.338142811003
        },
        "population": 658.269634296422,
        "zone_id": "NSR-GRID-302"
      },
      "type": "Feature"
    },
    {
      "geometry": {
        "coordinates": [
          [
            [
              31.398612851991352,
              30.02551444604104
            ],
            [
              31.398612851991352,
              30.02940318858966
            ],
            [
              31.402407520234178,
              30.02940318858966
            ],
            [
              31.4020118,
              30.0265165
            ],
            [
              31.401841090769885,
              30.02551444604104
            ],
            [
              31.398612851991352,
              30.02551444604104
            ]
          ]
        ],
        "type": "Polygon"
      },
      "properties": {
        "centroid": {
          "latitude": 30.02750980473,
          "longitude": 31.400378406852
        },
        "population": 62.314030419459,
        "zone_id": "NSR-GRID-303"
      },
      "type": "Feature"
    },
    {
      "geometry": {
        "coordinates": [
          [
            [
              31.340222358523583,
              30.02551444604104
            ],
            [
              31.340222358523583,
              30.02940318858966
            ],
            [
              31.34471393494418,
              30.02940318858966
            ],
            [
              31.34471393494418,
              30.02551444604104
            ],
            [
              31.340222358523583,
              30.02551444604104
            ]
          ]
        ],
        "type": "Polygon"
      },
      "properties": {
        "centroid": {
          "latitude": 30.027458817315,
          "longitude": 31.342468146734
        },
        "population": 256.47744616702,
        "zone_id": "NSR-GRID-304"
      },
      "type": "Feature"
    },
    {
      "geometry": {
        "coordinates": [
          [
            [
              31.34471393494418,
              30.02551444604104
            ],
            [
              31.34471393494418,
              30.02940318858966
            ],
            [
              31.34920551136478,
              30.02940318858966
            ],
            [
              31.34920551136478,
              30.02551444604104
            ],
            [
              31.34471393494418,
              30.02551444604104
            ]
          ]
        ],
        "type": "Polygon"
      },
      "properties": {
        "centroid": {
          "latitude": 30.027458817315,
          "longitude": 31.346959723154
        },
        "population": 1742.985886108322,
        "zone_id": "NSR-GRID-305"
      },
      "type": "Feature"
    },
    {
      "geometry": {
        "coordinates": [
          [
            [
              31.34920551136478,
              30.02551444604104
            ],
            [
              31.34920551136478,
              30.02940318858966
            ],
            [
              31.35369708778538,
              30.02940318858966
            ],
            [
              31.35369708778538,
              30.02551444604104
            ],
            [
              31.34920551136478,
              30.02551444604104
            ]
          ]
        ],
        "type": "Polygon"
      },
      "properties": {
        "centroid": {
          "latitude": 30.027458817315,
          "longitude": 31.351451299575
        },
        "population": 8475.72356457575,
        "zone_id": "NSR-GRID-306"
      },
      "type": "Feature"
    },
    {
      "geometry": {
        "coordinates": [
          [
            [
              31.35369708778538,
              30.02551444604104
            ],
            [
              31.35369708778538,
              30.02940318858966
            ],
            [
              31.35818866420598,
              30.02940318858966
            ],
            [
              31.35818866420598,
              30.02551444604104
            ],
            [
              31.35369708778538,
              30.02551444604104
            ]
          ]
        ],
        "type": "Polygon"
      },
      "properties": {
        "centroid": {
          "latitude": 30.027458817315,
          "longitude": 31.355942875996
        },
        "population": 1265.040989064141,
        "zone_id": "NSR-GRID-307"
      },
      "type": "Feature"
    },
    {
      "geometry": {
        "coordinates": [
          [
            [
              31.35818866420598,
              30.02551444604104
            ],
            [
              31.35818866420598,
              30.02940318858966
            ],
            [
              31.362680240626577,
              30.02940318858966
            ],
            [
              31.362680240626577,
              30.02551444604104
            ],
            [
              31.35818866420598,
              30.02551444604104
            ]
          ]
        ],
        "type": "Polygon"
      },
      "properties": {
        "centroid": {
          "latitude": 30.027458817315,
          "longitude": 31.360434452416
        },
        "population": 357.165484163491,
        "zone_id": "NSR-GRID-308"
      },
      "type": "Feature"
    },
    {
      "geometry": {
        "coordinates": [
          [
            [
              31.362680240626577,
              30.02551444604104
            ],
            [
              31.362680240626577,
              30.02940318858966
            ],
            [
              31.36717181704717,
              30.02940318858966
            ],
            [
              31.36717181704717,
              30.02551444604104
            ],
            [
              31.362680240626577,
              30.02551444604104
            ]
          ]
        ],
        "type": "Polygon"
      },
      "properties": {
        "centroid": {
          "latitude": 30.027458817315,
          "longitude": 31.364926028837
        },
        "population": 53.184947631924,
        "zone_id": "NSR-GRID-309"
      },
      "type": "Feature"
    },
    {
      "geometry": {
        "coordinates": [
          [
            [
              31.36717181704717,
              30.02551444604104
            ],
            [
              31.36717181704717,
              30.02940318858966
            ],
            [
              31.371663393467767,
              30.02940318858966
            ],
            [
              31.371663393467767,
              30.02551444604104
            ],
            [
              31.36717181704717,
              30.02551444604104
            ]
          ]
        ],
        "type": "Polygon"
      },
      "properties": {
        "centroid": {
          "latitude": 30.027458817315,
          "longitude": 31.369417605257
        },
        "population": 30.641421879073,
        "zone_id": "NSR-GRID-310"
      },
      "type": "Feature"
    },
    {
      "geometry": {
        "coordinates": [
          [
            [
              31.371663393467767,
              30.02551444604104
            ],
            [
              31.371663393467767,
              30.02940318858966
            ],
            [
              31.376154969888365,
              30.02940318858966
            ],
            [
              31.376154969888365,
              30.02551444604104
            ],
            [
              31.371663393467767,
              30.02551444604104
            ]
          ]
        ],
        "type": "Polygon"
      },
      "properties": {
        "centroid": {
          "latitude": 30.027458817315,
          "longitude": 31.373909181678
        },
        "population": 27.937146341213,
        "zone_id": "NSR-GRID-311"
      },
      "type": "Feature"
    },
    {
      "geometry": {
        "coordinates": [
          [
            [
              31.376154969888365,
              30.02551444604104
            ],
            [
              31.376154969888365,
              30.02940318858966
            ],
            [
              31.380646546308967,
              30.02940318858966
            ],
            [
              31.380646546308967,
              30.02551444604104
            ],
            [
              31.376154969888365,
              30.02551444604104
            ]
          ]
        ],
        "type": "Polygon"
      },
      "properties": {
        "centroid": {
          "latitude": 30.027458817315,
          "longitude": 31.378400758099
        },
        "population": 50.55450073651,
        "zone_id": "NSR-GRID-312"
      },
      "type": "Feature"
    },
    {
      "geometry": {
        "coordinates": [
          [
            [
              31.380646546308967,
              30.02551444604104
            ],
            [
              31.380646546308967,
              30.02940318858966
            ],
            [
              31.385138122729565,
              30.02940318858966
            ],
            [
              31.385138122729565,
              30.02551444604104
            ],
            [
              31.380646546308967,
              30.02551444604104
            ]
          ]
        ],
        "type": "Polygon"
      },
      "properties": {
        "centroid": {
          "latitude": 30.027458817315,
          "longitude": 31.382892334519
        },
        "population": 33.66299976912,
        "zone_id": "NSR-GRID-313"
      },
      "type": "Feature"
    },
    {
      "geometry": {
        "coordinates": [
          [
            [
              31.385138122729565,
              30.02551444604104
            ],
            [
              31.385138122729565,
              30.02940318858966
            ],
            [
              31.389629699150163,
              30.02940318858966
            ],
            [
              31.389629699150163,
              30.02551444604104
            ],
            [
              31.385138122729565,
              30.02551444604104
            ]
          ]
        ],
        "type": "Polygon"
      },
      "properties": {
        "centroid": {
          "latitude": 30.027458817315,
          "longitude": 31.38738391094
        },
        "population": 0.001971925276,
        "zone_id": "NSR-GRID-314"
      },
      "type": "Feature"
    },
    {
      "geometry": {
        "coordinates": [
          [
            [
              31.389629699150163,
              30.02551444604104
            ],
            [
              31.389629699150163,
              30.02940318858966
            ],
            [
              31.394121275570754,
              30.02940318858966
            ],
            [
              31.394121275570754,
              30.02551444604104
            ],
            [
              31.389629699150163,
              30.02551444604104
            ]
          ]
        ],
        "type": "Polygon"
      },
      "properties": {
        "centroid": {
          "latitude": 30.027458817315,
          "longitude": 31.39187548736
        },
        "population": 4.5901599e-05,
        "zone_id": "NSR-GRID-315"
      },
      "type": "Feature"
    },
    {
      "geometry": {
        "coordinates": [
          [
            [
              31.394121275570754,
              30.02551444604104
            ],
            [
              31.394121275570754,
              30.02940318858966
            ],
            [
              31.398612851991352,
              30.02940318858966
            ],
            [
              31.398612851991352,
              30.02551444604104
            ],
            [
              31.394121275570754,
              30.02551444604104
            ]
          ]
        ],
        "type": "Polygon"
      },
      "properties": {
        "centroid": {
          "latitude": 30.027458817315,
          "longitude": 31.396367063781
        },
        "population": 0.0,
        "zone_id": "NSR-GRID-316"
      },
      "type": "Feature"
    },
    {
      "geometry": {
        "coordinates": [
          [
            [
              31.340222358523583,
              30.02551444604104
            ],
            [
              31.340222358523583,
              30.021625550947174
            ],
            [
              31.3376492830174,
              30.021625550947174
            ],
            [
              31.3375442,
              30.0220117
            ],
            [
              31.336591199332673,
              30.02551444604104
            ],
            [
              31.340222358523583,
              30.02551444604104
            ]
          ]
        ],
        "type": "Polygon"
      },
      "properties": {
        "centroid": {
          "latitude": 30.023680533208,
          "longitude": 31.338656257969
        },
        "population": 687.897549277555,
        "zone_id": "NSR-GRID-317"
      },
      "type": "Feature"
    },
    {
      "geometry": {
        "coordinates": [
          [
            [
              31.398612851991352,
              30.021625550947174
            ],
            [
              31.398612851991352,
              30.02551444604104
            ],
            [
              31.401841090769885,
              30.02551444604104
            ],
            [
              31.4012908,
              30.0222842
            ],
            [
              31.40117003206963,
              30.021625550947174
            ],
            [
              31.398612851991352,
              30.021625550947174
            ]
          ]
        ],
        "type": "Polygon"
      },
      "properties": {
        "centroid": {
          "latitude": 30.023644559591,
          "longitude": 31.400067373315
        },
        "population": 38.642232795392,
        "zone_id": "NSR-GRID-318"
      },
      "type": "Feature"
    },
    {
      "geometry": {
        "coordinates": [
          [
            [
              31.340222358523583,
              30.021625550947174
            ],
            [
              31.340222358523583,
              30.02551444604104
            ],
            [
              31.34471393494418,
              30.02551444604104
            ],
            [
              31.34471393494418,
              30.021625550947174
            ],
            [
              31.340222358523583,
              30.021625550947174
            ]
          ]
        ],
        "type": "Polygon"
      },
      "properties": {
        "centroid": {
          "latitude": 30.023569998494,
          "longitude": 31.342468146734
        },
        "population": 202.04527918108,
        "zone_id": "NSR-GRID-319"
      },
      "type": "Feature"
    },
    {
      "geometry": {
        "coordinates": [
          [
            [
              31.34471393494418,
              30.021625550947174
            ],
            [
              31.34471393494418,
              30.02551444604104
            ],
            [
              31.34920551136478,
              30.02551444604104
            ],
            [
              31.34920551136478,
              30.021625550947174
            ],
            [
              31.34471393494418,
              30.021625550947174
            ]
          ]
        ],
        "type": "Polygon"
      },
      "properties": {
        "centroid": {
          "latitude": 30.023569998494,
          "longitude": 31.346959723154
        },
        "population": 6094.292153542968,
        "zone_id": "NSR-GRID-320"
      },
      "type": "Feature"
    },
    {
      "geometry": {
        "coordinates": [
          [
            [
              31.34920551136478,
              30.021625550947174
            ],
            [
              31.34920551136478,
              30.02551444604104
            ],
            [
              31.35369708778538,
              30.02551444604104
            ],
            [
              31.35369708778538,
              30.021625550947174
            ],
            [
              31.34920551136478,
              30.021625550947174
            ]
          ]
        ],
        "type": "Polygon"
      },
      "properties": {
        "centroid": {
          "latitude": 30.023569998494,
          "longitude": 31.351451299575
        },
        "population": 6316.766342926403,
        "zone_id": "NSR-GRID-321"
      },
      "type": "Feature"
    },
    {
      "geometry": {
        "coordinates": [
          [
            [
              31.35369708778538,
              30.021625550947174
            ],
            [
              31.35369708778538,
              30.02551444604104
            ],
            [
              31.35818866420598,
              30.02551444604104
            ],
            [
              31.35818866420598,
              30.021625550947174
            ],
            [
              31.35369708778538,
              30.021625550947174
            ]
          ]
        ],
        "type": "Polygon"
      },
      "properties": {
        "centroid": {
          "latitude": 30.023569998494,
          "longitude": 31.355942875996
        },
        "population": 489.334473978349,
        "zone_id": "NSR-GRID-322"
      },
      "type": "Feature"
    },
    {
      "geometry": {
        "coordinates": [
          [
            [
              31.35818866420598,
              30.021625550947174
            ],
            [
              31.35818866420598,
              30.02551444604104
            ],
            [
              31.362680240626577,
              30.02551444604104
            ],
            [
              31.362680240626577,
              30.021625550947174
            ],
            [
              31.35818866420598,
              30.021625550947174
            ]
          ]
        ],
        "type": "Polygon"
      },
      "properties": {
        "centroid": {
          "latitude": 30.023569998494,
          "longitude": 31.360434452416
        },
        "population": 345.019254254851,
        "zone_id": "NSR-GRID-323"
      },
      "type": "Feature"
    },
    {
      "geometry": {
        "coordinates": [
          [
            [
              31.362680240626577,
              30.021625550947174
            ],
            [
              31.362680240626577,
              30.02551444604104
            ],
            [
              31.36717181704717,
              30.02551444604104
            ],
            [
              31.36717181704717,
              30.021625550947174
            ],
            [
              31.362680240626577,
              30.021625550947174
            ]
          ]
        ],
        "type": "Polygon"
      },
      "properties": {
        "centroid": {
          "latitude": 30.023569998494,
          "longitude": 31.364926028837
        },
        "population": 194.567603558544,
        "zone_id": "NSR-GRID-324"
      },
      "type": "Feature"
    },
    {
      "geometry": {
        "coordinates": [
          [
            [
              31.36717181704717,
              30.021625550947174
            ],
            [
              31.36717181704717,
              30.02551444604104
            ],
            [
              31.371663393467767,
              30.02551444604104
            ],
            [
              31.371663393467767,
              30.021625550947174
            ],
            [
              31.36717181704717,
              30.021625550947174
            ]
          ]
        ],
        "type": "Polygon"
      },
      "properties": {
        "centroid": {
          "latitude": 30.023569998494,
          "longitude": 31.369417605257
        },
        "population": 80.269366785508,
        "zone_id": "NSR-GRID-325"
      },
      "type": "Feature"
    },
    {
      "geometry": {
        "coordinates": [
          [
            [
              31.371663393467767,
              30.021625550947174
            ],
            [
              31.371663393467767,
              30.02551444604104
            ],
            [
              31.376154969888365,
              30.02551444604104
            ],
            [
              31.376154969888365,
              30.021625550947174
            ],
            [
              31.371663393467767,
              30.021625550947174
            ]
          ]
        ],
        "type": "Polygon"
      },
      "properties": {
        "centroid": {
          "latitude": 30.023569998494,
          "longitude": 31.373909181678
        },
        "population": 16.791239114318,
        "zone_id": "NSR-GRID-326"
      },
      "type": "Feature"
    },
    {
      "geometry": {
        "coordinates": [
          [
            [
              31.376154969888365,
              30.021625550947174
            ],
            [
              31.376154969888365,
              30.02551444604104
            ],
            [
              31.380646546308967,
              30.02551444604104
            ],
            [
              31.380646546308967,
              30.021625550947174
            ],
            [
              31.376154969888365,
              30.021625550947174
            ]
          ]
        ],
        "type": "Polygon"
      },
      "properties": {
        "centroid": {
          "latitude": 30.023569998494,
          "longitude": 31.378400758099
        },
        "population": 48.274033937303,
        "zone_id": "NSR-GRID-327"
      },
      "type": "Feature"
    },
    {
      "geometry": {
        "coordinates": [
          [
            [
              31.380646546308967,
              30.021625550947174
            ],
            [
              31.380646546308967,
              30.02551444604104
            ],
            [
              31.385138122729565,
              30.02551444604104
            ],
            [
              31.385138122729565,
              30.021625550947174
            ],
            [
              31.380646546308967,
              30.021625550947174
            ]
          ]
        ],
        "type": "Polygon"
      },
      "properties": {
        "centroid": {
          "latitude": 30.023569998494,
          "longitude": 31.382892334519
        },
        "population": 44.600379367724,
        "zone_id": "NSR-GRID-328"
      },
      "type": "Feature"
    },
    {
      "geometry": {
        "coordinates": [
          [
            [
              31.385138122729565,
              30.021625550947174
            ],
            [
              31.385138122729565,
              30.02551444604104
            ],
            [
              31.389629699150163,
              30.02551444604104
            ],
            [
              31.389629699150163,
              30.021625550947174
            ],
            [
              31.385138122729565,
              30.021625550947174
            ]
          ]
        ],
        "type": "Polygon"
      },
      "properties": {
        "centroid": {
          "latitude": 30.023569998494,
          "longitude": 31.38738391094
        },
        "population": 0.104833274556,
        "zone_id": "NSR-GRID-329"
      },
      "type": "Feature"
    },
    {
      "geometry": {
        "coordinates": [
          [
            [
              31.389629699150163,
              30.021625550947174
            ],
            [
              31.389629699150163,
              30.02551444604104
            ],
            [
              31.394121275570754,
              30.02551444604104
            ],
            [
              31.394121275570754,
              30.021625550947174
            ],
            [
              31.389629699150163,
              30.021625550947174
            ]
          ]
        ],
        "type": "Polygon"
      },
      "properties": {
        "centroid": {
          "latitude": 30.023569998494,
          "longitude": 31.39187548736
        },
        "population": 0.000190819295,
        "zone_id": "NSR-GRID-330"
      },
      "type": "Feature"
    },
    {
      "geometry": {
        "coordinates": [
          [
            [
              31.394121275570754,
              30.021625550947174
            ],
            [
              31.394121275570754,
              30.02551444604104
            ],
            [
              31.398612851991352,
              30.02551444604104
            ],
            [
              31.398612851991352,
              30.021625550947174
            ],
            [
              31.394121275570754,
              30.021625550947174
            ]
          ]
        ],
        "type": "Polygon"
      },
      "properties": {
        "centroid": {
          "latitude": 30.023569998494,
          "longitude": 31.396367063781
        },
        "population": 0.009228956595,
        "zone_id": "NSR-GRID-331"
      },
      "type": "Feature"
    },
    {
      "geometry": {
        "coordinates": [
          [
            [
              31.340222358523583,
              30.021625550947174
            ],
            [
              31.340222358523583,
              30.017736503319995
            ],
            [
              31.339082370479577,
              30.017736503319995
            ],
            [
              31.338069,
              30.0200832
            ],
            [
              31.3376492830174,
              30.021625550947174
            ],
            [
              31.340222358523583,
              30.021625550947174
            ]
          ]
        ],
        "type": "Polygon"
      },
      "properties": {
        "centroid": {
          "latitude": 30.019926726593,
          "longitude": 31.339210238809
        },
        "population": 220.512540547514,
        "zone_id": "NSR-GRID-332"
      },
      "type": "Feature"
    },
    {
      "geometry": {
        "coordinates": [
          [
            [
              31.398612851991352,
              30.017736503319995
            ],
            [
              31.398612851991352,
              30.021625550947174
            ],
            [
              31.40117003206963,
              30.021625550947174
            ],
            [
              31.4005473,
              30.0182292
            ],
            [
              31.40048402247028,
              30.017736503319995
            ],
            [
              31.398612851991352,
              30.017736503319995
            ]
          ]
        ],
        "type": "Polygon"
      },
      "properties": {
        "centroid": {
          "latitude": 30.019784573007,
          "longitude": 31.399723403736
        },
        "population": 5.419524474653,
        "zone_id": "NSR-GRID-333"
      },
      "type": "Feature"
    },
    {
      "geometry": {
        "coordinates": [
          [
            [
              31.340222358523583,
              30.017736503319995
            ],
            [
              31.340222358523583,
              30.021625550947174
            ],
            [
              31.34471393494418,
              30.021625550947174
            ],
            [
              31.34471393494418,
              30.017736503319995
            ],
            [
              31.340222358523583,
              30.017736503319995
            ]
          ]
        ],
        "type": "Polygon"
      },
      "properties": {
        "centroid": {
          "latitude": 30.019681027134,
          "longitude": 31.342468146734
        },
        "population": 614.355833464067,
        "zone_id": "NSR-GRID-334"
      },
      "type": "Feature"
    },
    {
      "geometry": {
        "coordinates": [
          [
            [
              31.34471393494418,
              30.017736503319995
            ],
            [
              31.34471393494418,
              30.021625550947174
            ],
            [
              31.34920551136478,
              30.021625550947174
            ],
            [
              31.34920551136478,
              30.017736503319995
            ],
            [
              31.34471393494418,
              30.017736503319995
            ]
          ]
        ],
        "type": "Polygon"
      },
      "properties": {
        "centroid": {
          "latitude": 30.019681027134,
          "longitude": 31.346959723154
        },
        "population": 642.548631688382,
        "zone_id": "NSR-GRID-335"
      },
      "type": "Feature"
    },
    {
      "geometry": {
        "coordinates": [
          [
            [
              31.34920551136478,
              30.017736503319995
            ],
            [
              31.34920551136478,
              30.021625550947174
            ],
            [
              31.35369708778538,
              30.021625550947174
            ],
            [
              31.35369708778538,
              30.017736503319995
            ],
            [
              31.34920551136478,
              30.017736503319995
            ]
          ]
        ],
        "type": "Polygon"
      },
      "properties": {
        "centroid": {
          "latitude": 30.019681027134,
          "longitude": 31.351451299575
        },
        "population": 4505.329514663811,
        "zone_id": "NSR-GRID-336"
      },
      "type": "Feature"
    },
    {
      "geometry": {
        "coordinates": [
          [
            [
              31.35369708778538,
              30.017736503319995
            ],
            [
              31.35369708778538,
              30.021625550947174
            ],
            [
              31.35818866420598,
              30.021625550947174
            ],
            [
              31.35818866420598,
              30.017736503319995
            ],
            [
              31.35369708778538,
              30.017736503319995
            ]
          ]
        ],
        "type": "Polygon"
      },
      "properties": {
        "centroid": {
          "latitude": 30.019681027134,
          "longitude": 31.355942875996
        },
        "population": 486.246967374273,
        "zone_id": "NSR-GRID-337"
      },
      "type": "Feature"
    },
    {
      "geometry": {
        "coordinates": [
          [
            [
              31.35818866420598,
              30.017736503319995
            ],
            [
              31.35818866420598,
              30.021625550947174
            ],
            [
              31.362680240626577,
              30.021625550947174
            ],
            [
              31.362680240626577,
              30.017736503319995
            ],
            [
              31.35818866420598,
              30.017736503319995
            ]
          ]
        ],
        "type": "Polygon"
      },
      "properties": {
        "centroid": {
          "latitude": 30.019681027134,
          "longitude": 31.360434452416
        },
        "population": 232.382710101481,
        "zone_id": "NSR-GRID-338"
      },
      "type": "Feature"
    },
    {
      "geometry": {
        "coordinates": [
          [
            [
              31.362680240626577,
              30.017736503319995
            ],
            [
              31.362680240626577,
              30.021625550947174
            ],
            [
              31.36717181704717,
              30.021625550947174
            ],
            [
              31.36717181704717,
              30.017736503319995
            ],
            [
              31.362680240626577,
              30.017736503319995
            ]
          ]
        ],
        "type": "Polygon"
      },
      "properties": {
        "centroid": {
          "latitude": 30.019681027134,
          "longitude": 31.364926028837
        },
        "population": 271.050446471447,
        "zone_id": "NSR-GRID-339"
      },
      "type": "Feature"
    },
    {
      "geometry": {
        "coordinates": [
          [
            [
              31.36717181704717,
              30.017736503319995
            ],
            [
              31.36717181704717,
              30.021625550947174
            ],
            [
              31.371663393467767,
              30.021625550947174
            ],
            [
              31.371663393467767,
              30.017736503319995
            ],
            [
              31.36717181704717,
              30.017736503319995
            ]
          ]
        ],
        "type": "Polygon"
      },
      "properties": {
        "centroid": {
          "latitude": 30.019681027134,
          "longitude": 31.369417605257
        },
        "population": 150.821210037706,
        "zone_id": "NSR-GRID-340"
      },
      "type": "Feature"
    },
    {
      "geometry": {
        "coordinates": [
          [
            [
              31.371663393467767,
              30.017736503319995
            ],
            [
              31.371663393467767,
              30.021625550947174
            ],
            [
              31.376154969888365,
              30.021625550947174
            ],
            [
              31.376154969888365,
              30.017736503319995
            ],
            [
              31.371663393467767,
              30.017736503319995
            ]
          ]
        ],
        "type": "Polygon"
      },
      "properties": {
        "centroid": {
          "latitude": 30.019681027134,
          "longitude": 31.373909181678
        },
        "population": 387.022005653448,
        "zone_id": "NSR-GRID-341"
      },
      "type": "Feature"
    },
    {
      "geometry": {
        "coordinates": [
          [
            [
              31.376154969888365,
              30.017736503319995
            ],
            [
              31.376154969888365,
              30.021625550947174
            ],
            [
              31.380646546308967,
              30.021625550947174
            ],
            [
              31.380646546308967,
              30.017736503319995
            ],
            [
              31.376154969888365,
              30.017736503319995
            ]
          ]
        ],
        "type": "Polygon"
      },
      "properties": {
        "centroid": {
          "latitude": 30.019681027134,
          "longitude": 31.378400758099
        },
        "population": 188.236397815553,
        "zone_id": "NSR-GRID-342"
      },
      "type": "Feature"
    },
    {
      "geometry": {
        "coordinates": [
          [
            [
              31.380646546308967,
              30.017736503319995
            ],
            [
              31.380646546308967,
              30.021625550947174
            ],
            [
              31.385138122729565,
              30.021625550947174
            ],
            [
              31.385138122729565,
              30.017736503319995
            ],
            [
              31.380646546308967,
              30.017736503319995
            ]
          ]
        ],
        "type": "Polygon"
      },
      "properties": {
        "centroid": {
          "latitude": 30.019681027134,
          "longitude": 31.382892334519
        },
        "population": 34.576498611192,
        "zone_id": "NSR-GRID-343"
      },
      "type": "Feature"
    },
    {
      "geometry": {
        "coordinates": [
          [
            [
              31.385138122729565,
              30.017736503319995
            ],
            [
              31.385138122729565,
              30.021625550947174
            ],
            [
              31.389629699150163,
              30.021625550947174
            ],
            [
              31.389629699150163,
              30.017736503319995
            ],
            [
              31.385138122729565,
              30.017736503319995
            ]
          ]
        ],
        "type": "Polygon"
      },
      "properties": {
        "centroid": {
          "latitude": 30.019681027134,
          "longitude": 31.38738391094
        },
        "population": 45.91589544768,
        "zone_id": "NSR-GRID-344"
      },
      "type": "Feature"
    },
    {
      "geometry": {
        "coordinates": [
          [
            [
              31.389629699150163,
              30.017736503319995
            ],
            [
              31.389629699150163,
              30.021625550947174
            ],
            [
              31.394121275570754,
              30.021625550947174
            ],
            [
              31.394121275570754,
              30.017736503319995
            ],
            [
              31.389629699150163,
              30.017736503319995
            ]
          ]
        ],
        "type": "Polygon"
      },
      "properties": {
        "centroid": {
          "latitude": 30.019681027134,
          "longitude": 31.39187548736
        },
        "population": 10.91476615913,
        "zone_id": "NSR-GRID-345"
      },
      "type": "Feature"
    },
    {
      "geometry": {
        "coordinates": [
          [
            [
              31.394121275570754,
              30.017736503319995
            ],
            [
              31.394121275570754,
              30.021625550947174
            ],
            [
              31.398612851991352,
              30.021625550947174
            ],
            [
              31.398612851991352,
              30.017736503319995
            ],
            [
              31.394121275570754,
              30.017736503319995
            ]
          ]
        ],
        "type": "Polygon"
      },
      "properties": {
        "centroid": {
          "latitude": 30.019681027134,
          "longitude": 31.396367063781
        },
        "population": 0.312457685899,
        "zone_id": "NSR-GRID-346"
      },
      "type": "Feature"
    },
    {
      "geometry": {
        "coordinates": [
          [
            [
              31.340222358523583,
              30.017736503319995
            ],
            [
              31.340222358523583,
              30.01528731733245
            ],
            [
              31.3395626,
              30.0166244
            ],
            [
              31.339082370479577,
              30.017736503319995
            ],
            [
              31.340222358523583,
              30.017736503319995
            ]
          ]
        ],
        "type": "Polygon"
      },
      "properties": {
        "centroid": {
          "latitude": 30.016908330903,
          "longitude": 31.339835375717
        },
        "population": 59.33947508469,
        "zone_id": "NSR-GRID-347"
      },
      "type": "Feature"
    },
    {
      "geometry": {
        "coordinates": [
          [
            [
              31.398612851991352,
              30.01384730317144
            ],
            [
              31.398612851991352,
              30.017736503319995
            ],
            [
              31.40048402247028,
              30.017736503319995
            ],
            [
              31.399984539621762,
              30.01384730317144
            ],
            [
              31.398612851991352,
              30.01384730317144
            ]
          ]
        ],
        "type": "Polygon"
      },
      "properties": {
        "centroid": {
          "latitude": 30.01589174258,
          "longitude": 31.39942997761
        },
        "population": 47.024926946823,
        "zone_id": "NSR-GRID-348"
      },
      "type": "Feature"
    },
    {
      "geometry": {
        "coordinates": [
          [
            [
              31.340222358523583,
              30.017736503319995
            ],
            [
              31.34471393494418,
              30.017736503319995
            ],
            [
              31.34471393494418,
              30.01384730317144
            ],
            [
              31.340817047780146,
              30.01384730317144
            ],
            [
              31.340325,
              30.01507929999999
            ],
            [
              31.340222358523583,
              30.01528731733245
            ],
            [
              31.340222358523583,
              30.017736503319995
            ]
          ]
        ],
        "type": "Polygon"
      },
      "properties": {
        "centroid": {
          "latitude": 30.015829476381,
          "longitude": 31.342521057422
        },
        "population": 908.316627182378,
        "zone_id": "NSR-GRID-349"
      },
      "type": "Feature"
    },
    {
      "geometry": {
        "coordinates": [
          [
            [
              31.34471393494418,
              30.01384730317144
            ],
            [
              31.34471393494418,
              30.017736503319995
            ],
            [
              31.34920551136478,
              30.017736503319995
            ],
            [
              31.34920551136478,
              30.01384730317144
            ],
            [
              31.34471393494418,
              30.01384730317144
            ]
          ]
        ],
        "type": "Polygon"
      },
      "properties": {
        "centroid": {
          "latitude": 30.015791903246,
          "longitude": 31.346959723154
        },
        "population": 1323.46054212038,
        "zone_id": "NSR-GRID-350"
      },
      "type": "Feature"
    },
    {
      "geometry": {
        "coordinates": [
          [
            [
              31.34920551136478,
              30.01384730317144
            ],
            [
              31.34920551136478,
              30.017736503319995
            ],
            [
              31.35369708778538,
              30.017736503319995
            ],
            [
              31.35369708778538,
              30.01384730317144
            ],
            [
              31.34920551136478,
              30.01384730317144
            ]
          ]
        ],
        "type": "Polygon"
      },
      "properties": {
        "centroid": {
          "latitude": 30.015791903246,
          "longitude": 31.351451299575
        },
        "population": 281.203360483353,
        "zone_id": "NSR-GRID-351"
      },
      "type": "Feature"
    },
    {
      "geometry": {
        "coordinates": [
          [
            [
              31.35369708778538,
              30.01384730317144
            ],
            [
              31.35369708778538,
              30.017736503319995
            ],
            [
              31.35818866420598,
              30.017736503319995
            ],
            [
              31.35818866420598,
              30.01384730317144
            ],
            [
              31.35369708778538,
              30.01384730317144
            ]
          ]
        ],
        "type": "Polygon"
      },
      "properties": {
        "centroid": {
          "latitude": 30.015791903246,
          "longitude": 31.355942875996
        },
        "population": 257.163668868536,
        "zone_id": "NSR-GRID-352"
      },
      "type": "Feature"
    },
    {
      "geometry": {
        "coordinates": [
          [
            [
              31.35818866420598,
              30.01384730317144
            ],
            [
              31.35818866420598,
              30.017736503319995
            ],
            [
              31.362680240626577,
              30.017736503319995
            ],
            [
              31.362680240626577,
              30.01384730317144
            ],
            [
              31.35818866420598,
              30.01384730317144
            ]
          ]
        ],
        "type": "Polygon"
      },
      "properties": {
        "centroid": {
          "latitude": 30.015791903246,
          "longitude": 31.360434452416
        },
        "population": 523.080163980451,
        "zone_id": "NSR-GRID-353"
      },
      "type": "Feature"
    },
    {
      "geometry": {
        "coordinates": [
          [
            [
              31.362680240626577,
              30.01384730317144
            ],
            [
              31.362680240626577,
              30.017736503319995
            ],
            [
              31.36717181704717,
              30.017736503319995
            ],
            [
              31.36717181704717,
              30.01384730317144
            ],
            [
              31.362680240626577,
              30.01384730317144
            ]
          ]
        ],
        "type": "Polygon"
      },
      "properties": {
        "centroid": {
          "latitude": 30.015791903246,
          "longitude": 31.364926028837
        },
        "population": 256.905710818004,
        "zone_id": "NSR-GRID-354"
      },
      "type": "Feature"
    },
    {
      "geometry": {
        "coordinates": [
          [
            [
              31.36717181704717,
              30.01384730317144
            ],
            [
              31.36717181704717,
              30.017736503319995
            ],
            [
              31.371663393467767,
              30.017736503319995
            ],
            [
              31.371663393467767,
              30.01384730317144
            ],
            [
              31.36717181704717,
              30.01384730317144
            ]
          ]
        ],
        "type": "Polygon"
      },
      "properties": {
        "centroid": {
          "latitude": 30.015791903246,
          "longitude": 31.369417605257
        },
        "population": 30.51675747325,
        "zone_id": "NSR-GRID-355"
      },
      "type": "Feature"
    },
    {
      "geometry": {
        "coordinates": [
          [
            [
              31.371663393467767,
              30.01384730317144
            ],
            [
              31.371663393467767,
              30.017736503319995
            ],
            [
              31.376154969888365,
              30.017736503319995
            ],
            [
              31.376154969888365,
              30.01384730317144
            ],
            [
              31.371663393467767,
              30.01384730317144
            ]
          ]
        ],
        "type": "Polygon"
      },
      "properties": {
        "centroid": {
          "latitude": 30.015791903246,
          "longitude": 31.373909181678
        },
        "population": 53.647795484245,
        "zone_id": "NSR-GRID-356"
      },
      "type": "Feature"
    },
    {
      "geometry": {
        "coordinates": [
          [
            [
              31.376154969888365,
              30.01384730317144
            ],
            [
              31.376154969888365,
              30.017736503319995
            ],
            [
              31.380646546308967,
              30.017736503319995
            ],
            [
              31.380646546308967,
              30.01384730317144
            ],
            [
              31.376154969888365,
              30.01384730317144
            ]
          ]
        ],
        "type": "Polygon"
      },
      "properties": {
        "centroid": {
          "latitude": 30.015791903246,
          "longitude": 31.378400758099
        },
        "population": 55.568109814824,
        "zone_id": "NSR-GRID-357"
      },
      "type": "Feature"
    },
    {
      "geometry": {
        "coordinates": [
          [
            [
              31.380646546308967,
              30.01384730317144
            ],
            [
              31.380646546308967,
              30.017736503319995
            ],
            [
              31.385138122729565,
              30.017736503319995
            ],
            [
              31.385138122729565,
              30.01384730317144
            ],
            [
              31.380646546308967,
              30.01384730317144
            ]
          ]
        ],
        "type": "Polygon"
      },
      "properties": {
        "centroid": {
          "latitude": 30.015791903246,
          "longitude": 31.382892334519
        },
        "population": 201.751086262738,
        "zone_id": "NSR-GRID-358"
      },
      "type": "Feature"
    },
    {
      "geometry": {
        "coordinates": [
          [
            [
              31.385138122729565,
              30.01384730317144
            ],
            [
              31.385138122729565,
              30.017736503319995
            ],
            [
              31.389629699150163,
              30.017736503319995
            ],
            [
              31.389629699150163,
              30.01384730317144
            ],
            [
              31.385138122729565,
              30.01384730317144
            ]
          ]
        ],
        "type": "Polygon"
      },
      "properties": {
        "centroid": {
          "latitude": 30.015791903246,
          "longitude": 31.38738391094
        },
        "population": 322.427699924512,
        "zone_id": "NSR-GRID-359"
      },
      "type": "Feature"
    },
    {
      "geometry": {
        "coordinates": [
          [
            [
              31.389629699150163,
              30.01384730317144
            ],
            [
              31.389629699150163,
              30.017736503319995
            ],
            [
              31.394121275570754,
              30.017736503319995
            ],
            [
              31.394121275570754,
              30.01384730317144
            ],
            [
              31.389629699150163,
              30.01384730317144
            ]
          ]
        ],
        "type": "Polygon"
      },
      "properties": {
        "centroid": {
          "latitude": 30.015791903246,
          "longitude": 31.39187548736
        },
        "population": 39.682772864079,
        "zone_id": "NSR-GRID-360"
      },
      "type": "Feature"
    },
    {
      "geometry": {
        "coordinates": [
          [
            [
              31.394121275570754,
              30.01384730317144
            ],
            [
              31.394121275570754,
              30.017736503319995
            ],
            [
              31.398612851991352,
              30.017736503319995
            ],
            [
              31.398612851991352,
              30.01384730317144
            ],
            [
              31.394121275570754,
              30.01384730317144
            ]
          ]
        ],
        "type": "Polygon"
      },
      "properties": {
        "centroid": {
          "latitude": 30.015791903246,
          "longitude": 31.396367063781
        },
        "population": 13.299045566217,
        "zone_id": "NSR-GRID-361"
      },
      "type": "Feature"
    },
    {
      "geometry": {
        "coordinates": [
          [
            [
              31.398612851991352,
              30.009957950513442
            ],
            [
              31.398612851991352,
              30.01384730317144
            ],
            [
              31.399984539621762,
              30.01384730317144
            ],
            [
              31.3999587,
              30.0136461
            ],
            [
              31.399653297949932,
              30.009957950513442
            ],
            [
              31.398612851991352,
              30.009957950513442
            ]
          ]
        ],
        "type": "Polygon"
      },
      "properties": {
        "centroid": {
          "latitude": 30.011989860908,
          "longitude": 31.399217337119
        },
        "population": 10.68380668573,
        "zone_id": "NSR-GRID-362"
      },
      "type": "Feature"
    },
    {
      "geometry": {
        "coordinates": [
          [
            [
              31.34471393494418,
              30.01384730317144
            ],
            [
              31.34471393494418,
              30.009957950513442
            ],
            [
              31.341145107727137,
              30.009957950513442
            ],
            [
              31.3412967,
              30.0100454
            ],
            [
              31.3419735,
              30.0109517
            ],
            [
              31.340817047780146,
              30.01384730317144
            ],
            [
              31.34471393494418,
              30.01384730317144
            ]
          ]
        ],
        "type": "Polygon"
      },
      "properties": {
        "centroid": {
          "latitude": 30.011984308859,
          "longitude": 31.343064775801
        },
        "population": 1495.339339604745,
        "zone_id": "NSR-GRID-363"
      },
      "type": "Feature"
    },
    {
      "geometry": {
        "coordinates": [
          [
            [
              31.34471393494418,
              30.009957950513442
            ],
            [
              31.34471393494418,
              30.01384730317144
            ],
            [
              31.34920551136478,
              30.01384730317144
            ],
            [
              31.34920551136478,
              30.009957950513442
            ],
            [
              31.34471393494418,
              30.009957950513442
            ]
          ]
        ],
        "type": "Polygon"
      },
      "properties": {
        "centroid": {
          "latitude": 30.011902626842,
          "longitude": 31.346959723154
        },
        "population": 3750.054400462156,
        "zone_id": "NSR-GRID-364"
      },
      "type": "Feature"
    },
    {
      "geometry": {
        "coordinates": [
          [
            [
              31.34920551136478,
              30.009957950513442
            ],
            [
              31.34920551136478,
              30.01384730317144
            ],
            [
              31.35369708778538,
              30.01384730317144
            ],
            [
              31.35369708778538,
              30.009957950513442
            ],
            [
              31.34920551136478,
              30.009957950513442
            ]
          ]
        ],
        "type": "Polygon"
      },
      "properties": {
        "centroid": {
          "latitude": 30.011902626842,
          "longitude": 31.351451299575
        },
        "population": 377.746384836705,
        "zone_id": "NSR-GRID-365"
      },
      "type": "Feature"
    },
    {
      "geometry": {
        "coordinates": [
          [
            [
              31.35369708778538,
              30.009957950513442
            ],
            [
              31.35369708778538,
              30.01384730317144
            ],
            [
              31.35818866420598,
              30.01384730317144
            ],
            [
              31.35818866420598,
              30.009957950513442
            ],
            [
              31.35369708778538,
              30.009957950513442
            ]
          ]
        ],
        "type": "Polygon"
      },
      "properties": {
        "centroid": {
          "latitude": 30.011902626842,
          "longitude": 31.355942875996
        },
        "population": 7.496394183367,
        "zone_id": "NSR-GRID-366"
      },
      "type": "Feature"
    },
    {
      "geometry": {
        "coordinates": [
          [
            [
              31.35818866420598,
              30.009957950513442
            ],
            [
              31.35818866420598,
              30.01384730317144
            ],
            [
              31.362680240626577,
              30.01384730317144
            ],
            [
              31.362680240626577,
              30.009957950513442
            ],
            [
              31.35818866420598,
              30.009957950513442
            ]
          ]
        ],
        "type": "Polygon"
      },
      "properties": {
        "centroid": {
          "latitude": 30.011902626842,
          "longitude": 31.360434452416
        },
        "population": 211.469795478064,
        "zone_id": "NSR-GRID-367"
      },
      "type": "Feature"
    },
    {
      "geometry": {
        "coordinates": [
          [
            [
              31.362680240626577,
              30.009957950513442
            ],
            [
              31.362680240626577,
              30.01384730317144
            ],
            [
              31.36717181704717,
              30.01384730317144
            ],
            [
              31.36717181704717,
              30.009957950513442
            ],
            [
              31.362680240626577,
              30.009957950513442
            ]
          ]
        ],
        "type": "Polygon"
      },
      "properties": {
        "centroid": {
          "latitude": 30.011902626842,
          "longitude": 31.364926028837
        },
        "population": 25.510474826939,
        "zone_id": "NSR-GRID-368"
      },
      "type": "Feature"
    },
    {
      "geometry": {
        "coordinates": [
          [
            [
              31.36717181704717,
              30.009957950513442
            ],
            [
              31.36717181704717,
              30.01384730317144
            ],
            [
              31.371663393467767,
              30.01384730317144
            ],
            [
              31.371663393467767,
              30.009957950513442
            ],
            [
              31.36717181704717,
              30.009957950513442
            ]
          ]
        ],
        "type": "Polygon"
      },
      "properties": {
        "centroid": {
          "latitude": 30.011902626842,
          "longitude": 31.369417605257
        },
        "population": 1.846665922746,
        "zone_id": "NSR-GRID-369"
      },
      "type": "Feature"
    },
    {
      "geometry": {
        "coordinates": [
          [
            [
              31.371663393467767,
              30.009957950513442
            ],
            [
              31.371663393467767,
              30.01384730317144
            ],
            [
              31.376154969888365,
              30.01384730317144
            ],
            [
              31.376154969888365,
              30.009957950513442
            ],
            [
              31.371663393467767,
              30.009957950513442
            ]
          ]
        ],
        "type": "Polygon"
      },
      "properties": {
        "centroid": {
          "latitude": 30.011902626842,
          "longitude": 31.373909181678
        },
        "population": 0.675447183717,
        "zone_id": "NSR-GRID-370"
      },
      "type": "Feature"
    },
    {
      "geometry": {
        "coordinates": [
          [
            [
              31.376154969888365,
              30.009957950513442
            ],
            [
              31.376154969888365,
              30.01384730317144
            ],
            [
              31.380646546308967,
              30.01384730317144
            ],
            [
              31.380646546308967,
              30.009957950513442
            ],
            [
              31.376154969888365,
              30.009957950513442
            ]
          ]
        ],
        "type": "Polygon"
      },
      "properties": {
        "centroid": {
          "latitude": 30.011902626842,
          "longitude": 31.378400758099
        },
        "population": 3.466202199082,
        "zone_id": "NSR-GRID-371"
      },
      "type": "Feature"
    },
    {
      "geometry": {
        "coordinates": [
          [
            [
              31.380646546308967,
              30.009957950513442
            ],
            [
              31.380646546308967,
              30.01384730317144
            ],
            [
              31.385138122729565,
              30.01384730317144
            ],
            [
              31.385138122729565,
              30.009957950513442
            ],
            [
              31.380646546308967,
              30.009957950513442
            ]
          ]
        ],
        "type": "Polygon"
      },
      "properties": {
        "centroid": {
          "latitude": 30.011902626842,
          "longitude": 31.382892334519
        },
        "population": 50.526685692653,
        "zone_id": "NSR-GRID-372"
      },
      "type": "Feature"
    },
    {
      "geometry": {
        "coordinates": [
          [
            [
              31.385138122729565,
              30.009957950513442
            ],
            [
              31.385138122729565,
              30.01384730317144
            ],
            [
              31.389629699150163,
              30.01384730317144
            ],
            [
              31.389629699150163,
              30.009957950513442
            ],
            [
              31.385138122729565,
              30.009957950513442
            ]
          ]
        ],
        "type": "Polygon"
      },
      "properties": {
        "centroid": {
          "latitude": 30.011902626842,
          "longitude": 31.38738391094
        },
        "population": 65.805840108116,
        "zone_id": "NSR-GRID-373"
      },
      "type": "Feature"
    },
    {
      "geometry": {
        "coordinates": [
          [
            [
              31.389629699150163,
              30.009957950513442
            ],
            [
              31.389629699150163,
              30.01384730317144
            ],
            [
              31.394121275570754,
              30.01384730317144
            ],
            [
              31.394121275570754,
              30.009957950513442
            ],
            [
              31.389629699150163,
              30.009957950513442
            ]
          ]
        ],
        "type": "Polygon"
      },
      "properties": {
        "centroid": {
          "latitude": 30.011902626842,
          "longitude": 31.39187548736
        },
        "population": 12.75300313536,
        "zone_id": "NSR-GRID-374"
      },
      "type": "Feature"
    },
    {
      "geometry": {
        "coordinates": [
          [
            [
              31.394121275570754,
              30.009957950513442
            ],
            [
              31.394121275570754,
              30.01384730317144
            ],
            [
              31.398612851991352,
              30.01384730317144
            ],
            [
              31.398612851991352,
              30.009957950513442
            ],
            [
              31.394121275570754,
              30.009957950513442
            ]
          ]
        ],
        "type": "Polygon"
      },
      "properties": {
        "centroid": {
          "latitude": 30.011902626842,
          "longitude": 31.396367063781
        },
        "population": 1.744242025105,
        "zone_id": "NSR-GRID-375"
      },
      "type": "Feature"
    },
    {
      "geometry": {
        "coordinates": [
          [
            [
              31.34471393494418,
              30.009957950513442
            ],
            [
              31.34471393494418,
              30.00963243951507
            ],
            [
              31.3435519,
              30.0096457
            ],
            [
              31.3405123,
              30.0095929
            ],
            [
              31.341145107727137,
              30.009957950513442
            ],
            [
              31.34471393494418,
              30.009957950513442
            ]
          ]
        ],
        "type": "Polygon"
      },
      "properties": {
        "centroid": {
          "latitude": 30.009786911216,
          "longitude": 31.342725397075
        },
        "population": 42.974051148396,
        "zone_id": "NSR-GRID-376"
      },
      "type": "Feature"
    },
    {
      "geometry": {
        "coordinates": [
          [
            [
              31.34471393494418,
              30.009957950513442
            ],
            [
              31.34920551136478,
              30.009957950513442
            ],
            [
              31.34920551136478,
              30.008919311273917
            ],
            [
              31.3489258,
              30.0096636
            ],
            [
              31.3461195,
              30.0096164
            ],
            [
              31.34471393494418,
              30.00963243951507
            ],
            [
              31.34471393494418,
              30.009957950513442
            ]
          ]
        ],
        "type": "Polygon"
      },
      "properties": {
        "centroid": {
          "latitude": 30.00977127056,
          "longitude": 31.347055386402
        },
        "population": 46.686704689263,
        "zone_id": "NSR-GRID-377"
      },
      "type": "Feature"
    },
    {
      "geometry": {
        "coordinates": [
          [
            [
              31.35818866420598,
              30.009957950513442
            ],
            [
              31.362680240626577,
              30.009957950513442
            ],
            [
              31.362680240626577,
              30.00646120411427
            ],
            [
              31.3623201,
              30.0064509
            ],
            [
              31.3609711,
              30.0094864
            ],
            [
              31.35818866420598,
              30.008570644526944
            ],
            [
              31.35818866420598,
              30.009957950513442
            ]
          ]
        ],
        "type": "Polygon"
      },
      "properties": {
        "centroid": {
          "latitude": 30.008932903531,
          "longitude": 31.360972648134
        },
        "population": 0.37533833408,
        "zone_id": "NSR-GRID-378"
      },
      "type": "Feature"
    },
    {
      "geometry": {
        "coordinates": [
          [
            [
              31.398612851991352,
              30.009957950513442
            ],
            [
              31.399653297949932,
              30.009957950513442
            ],
            [
              31.3996223,
              30.0095836
            ],
            [
              31.398612851991352,
              30.00637475512131
            ],
            [
              31.398612851991352,
              30.009957950513442
            ]
          ]
        ],
        "type": "Polygon"
      },
      "properties": {
        "centroid": {
          "latitude": 30.008754880681,
          "longitude": 31.398983049931
        },
        "population": 16.477453285434,
        "zone_id": "NSR-GRID-379"
      },
      "type": "Feature"
    },
    {
      "geometry": {
        "coordinates": [
          [
            [
              31.35369708778538,
              30.006068445357947
            ],
            [
              31.35369708778538,
              30.009957950513442
            ],
            [
              31.35818866420598,
              30.009957950513442
            ],
            [
              31.35818866420598,
              30.008570644526944
            ],
            [
              31.3570464,
              30.00819470000001
            ],
            [
              31.355206544243213,
              30.006068445357947
            ],
            [
              31.35369708778538,
              30.006068445357947
            ]
          ]
        ],
        "type": "Polygon"
      },
      "properties": {
        "centroid": {
          "latitude": 30.008362288205,
          "longitude": 31.355521241482
        },
        "population": 1.56804715896,
        "zone_id": "NSR-GRID-380"
      },
      "type": "Feature"
    },
    {
      "geometry": {
        "coordinates": [
          [
            [
              31.362680240626577,
              30.009957950513442
            ],
            [
              31.36717181704717,
              30.009957950513442
            ],
            [
              31.36717181704717,
              30.006589714148756
            ],
            [
              31.362680240626577,
              30.00646120411427
            ],
            [
              31.362680240626577,
              30.009957950513442
            ]
          ]
        ],
        "type": "Polygon"
      },
      "properties": {
        "centroid": {
          "latitude": 30.008241504351,
          "longitude": 31.364912015385
        },
        "population": 0.138787992797,
        "zone_id": "NSR-GRID-381"
      },
      "type": "Feature"
    },
    {
      "geometry": {
        "coordinates": [
          [
            [
              31.36717181704717,
              30.009957950513442
            ],
            [
              31.371663393467767,
              30.009957950513442
            ],
            [
              31.371663393467767,
              30.006068445357947
            ],
            [
              31.36972142083517,
              30.006068445357947
            ],
            [
              31.3697408,
              30.0064635
            ],
            [
              31.3682618,
              30.0066209
            ],
            [
              31.36717181704717,
              30.006589714148756
            ],
            [
              31.36717181704717,
              30.009957950513442
            ]
          ]
        ],
        "type": "Polygon"
      },
      "properties": {
        "centroid": {
          "latitude": 30.008147192478,
          "longitude": 31.369498762384
        },
        "population": 0.211376323036,
        "zone_id": "NSR-GRID-382"
      },
      "type": "Feature"
    },
    {
      "geometry": {
        "coordinates": [
          [
            [
              31.34920551136478,
              30.009957950513442
            ],
            [
              31.35369708778538,
              30.009957950513442
            ],
            [
              31.35369708778538,
              30.006068445357947
            ],
            [
              31.350293764170146,
              30.006068445357947
            ],
            [
              31.350033,
              30.0067174
            ],
            [
              31.34920551136478,
              30.008919311273917
            ],
            [
              31.34920551136478,
              30.009957950513442
            ]
          ]
        ],
        "type": "Polygon"
      },
      "properties": {
        "centroid": {
          "latitude": 30.008109084488,
          "longitude": 31.351632706646
        },
        "population": 65.272077459859,
        "zone_id": "NSR-GRID-383"
      },
      "type": "Feature"
    },
    {
      "geometry": {
        "coordinates": [
          [
            [
              31.394121275570754,
              30.006068445357947
            ],
            [
              31.394121275570754,
              30.009957950513442
            ],
            [
              31.398612851991352,
              30.009957950513442
            ],
            [
              31.398612851991352,
              30.00637475512131
            ],
            [
              31.398516493857947,
              30.006068445357947
            ],
            [
              31.394121275570754,
              30.006068445357947
            ]
          ]
        ],
        "type": "Polygon"
      },
      "properties": {
        "centroid": {
          "latitude": 30.008014755822,
          "longitude": 31.396365192212
        },
        "population": 13.99463957317,
        "zone_id": "NSR-GRID-384"
      },
      "type": "Feature"
    },
    {
      "geometry": {
        "coordinates": [
          [
            [
              31.371663393467767,
              30.006068445357947
            ],
            [
              31.371663393467767,
              30.009957950513442
            ],
            [
              31.376154969888365,
              30.009957950513442
            ],
            [
              31.376154969888365,
              30.006068445357947
            ],
            [
              31.371663393467767,
              30.006068445357947
            ]
          ]
        ],
        "type": "Polygon"
      },
      "properties": {
        "centroid": {
          "latitude": 30.008013197936,
          "longitude": 31.373909181678
        },
        "population": 0.000145287973,
        "zone_id": "NSR-GRID-385"
      },
      "type": "Feature"
    },
    {
      "geometry": {
        "coordinates": [
          [
            [
              31.376154969888365,
              30.006068445357947
            ],
            [
              31.376154969888365,
              30.009957950513442
            ],
            [
              31.380646546308967,
              30.009957950513442
            ],
            [
              31.380646546308967,
              30.006068445357947
            ],
            [
              31.376154969888365,
              30.006068445357947
            ]
          ]
        ],
        "type": "Polygon"
      },
      "properties": {
        "centroid": {
          "latitude": 30.008013197936,
          "longitude": 31.378400758099
        },
        "population": 0.000281888775,
        "zone_id": "NSR-GRID-386"
      },
      "type": "Feature"
    },
    {
      "geometry": {
        "coordinates": [
          [
            [
              31.380646546308967,
              30.006068445357947
            ],
            [
              31.380646546308967,
              30.009957950513442
            ],
            [
              31.385138122729565,
              30.009957950513442
            ],
            [
              31.385138122729565,
              30.006068445357947
            ],
            [
              31.380646546308967,
              30.006068445357947
            ]
          ]
        ],
        "type": "Polygon"
      },
      "properties": {
        "centroid": {
          "latitude": 30.008013197936,
          "longitude": 31.382892334519
        },
        "population": 0.0,
        "zone_id": "NSR-GRID-387"
      },
      "type": "Feature"
    },
    {
      "geometry": {
        "coordinates": [
          [
            [
              31.385138122729565,
              30.006068445357947
            ],
            [
              31.385138122729565,
              30.009957950513442
            ],
            [
              31.389629699150163,
              30.009957950513442
            ],
            [
              31.389629699150163,
              30.006068445357947
            ],
            [
              31.385138122729565,
              30.006068445357947
            ]
          ]
        ],
        "type": "Polygon"
      },
      "properties": {
        "centroid": {
          "latitude": 30.008013197936,
          "longitude": 31.38738391094
        },
        "population": 0.167327723996,
        "zone_id": "NSR-GRID-388"
      },
      "type": "Feature"
    },
    {
      "geometry": {
        "coordinates": [
          [
            [
              31.389629699150163,
              30.006068445357947
            ],
            [
              31.389629699150163,
              30.009957950513442
            ],
            [
              31.394121275570754,
              30.009957950513442
            ],
            [
              31.394121275570754,
              30.006068445357947
            ],
            [
              31.389629699150163,
              30.006068445357947
            ]
          ]
        ],
        "type": "Polygon"
      },
      "properties": {
        "centroid": {
          "latitude": 30.008013197936,
          "longitude": 31.39187548736
        },
        "population": 41.116262416458,
        "zone_id": "NSR-GRID-389"
      },
      "type": "Feature"
    },
    {
      "geometry": {
        "coordinates": [
          [
            [
              31.35369708778538,
              30.006068445357947
            ],
            [
              31.355206544243213,
              30.006068445357947
            ],
            [
              31.354288,
              30.0050069
            ],
            [
              31.35369708778538,
              30.004827975453527
            ],
            [
              31.35369708778538,
              30.006068445357947
            ]
          ]
        ],
        "type": "Polygon"
      },
      "properties": {
        "centroid": {
          "latitude": 30.005584813444,
          "longitude": 31.35423928465
        },
        "population": 0.000851042904,
        "zone_id": "NSR-GRID-390"
      },
      "type": "Feature"
    },
    {
      "geometry": {
        "coordinates": [
          [
            [
              31.35369708778538,
              30.006068445357947
            ],
            [
              31.35369708778538,
              30.004827975453527
            ],
            [
              31.3511073,
              30.0040438
            ],
            [
              31.350293764170146,
              30.006068445357947
            ],
            [
              31.35369708778538,
              30.006068445357947
            ]
          ]
        ],
        "type": "Polygon"
      },
      "properties": {
        "centroid": {
          "latitude": 30.00526208296,
          "longitude": 31.352060111054
        },
        "population": 1.420421820878,
        "zone_id": "NSR-GRID-391"
      },
      "type": "Feature"
    },
    {
      "geometry": {
        "coordinates": [
          [
            [
              31.394121275570754,
              30.00217878771691
            ],
            [
              31.394121275570754,
              30.006068445357947
            ],
            [
              31.398516493857947,
              30.006068445357947
            ],
            [
              31.3984675,
              30.0059127
            ],
            [
              31.3973897,
              30.0042056
            ],
            [
              31.39590329365825,
              30.00217878771691
            ],
            [
              31.394121275570754,
              30.00217878771691
            ]
          ]
        ],
        "type": "Polygon"
      },
      "properties": {
        "centroid": {
          "latitude": 30.004396407692,
          "longitude": 31.395795637812
        },
        "population": 7.792253079236,
        "zone_id": "NSR-GRID-392"
      },
      "type": "Feature"
    },
    {
      "geometry": {
        "coordinates": [
          [
            [
              31.371663393467767,
              30.00217878771691
            ],
            [
              31.371663393467767,
              30.006068445357947
            ],
            [
              31.376154969888365,
              30.006068445357947
            ],
            [
              31.376154969888365,
              30.00217878771691
            ],
            [
              31.371663393467767,
              30.00217878771691
            ]
          ]
        ],
        "type": "Polygon"
      },
      "properties": {
        "centroid": {
          "latitude": 30.004123616537,
          "longitude": 31.373909181678
        },
        "population": 0.066729459597,
        "zone_id": "NSR-GRID-393"
      },
      "type": "Feature"
    },
    {
      "geometry": {
        "coordinates": [
          [
            [
              31.376154969888365,
              30.00217878771691
            ],
            [
              31.376154969888365,
              30.006068445357947
            ],
            [
              31.380646546308967,
              30.006068445357947
            ],
            [
              31.380646546308967,
              30.00217878771691
            ],
            [
              31.376154969888365,
              30.00217878771691
            ]
          ]
        ],
        "type": "Polygon"
      },
      "properties": {
        "centroid": {
          "latitude": 30.004123616537,
          "longitude": 31.378400758099
        },
        "population": 8.6013987e-05,
        "zone_id": "NSR-GRID-394"
      },
      "type": "Feature"
    },
    {
      "geometry": {
        "coordinates": [
          [
            [
              31.380646546308967,
              30.00217878771691
            ],
            [
              31.380646546308967,
              30.006068445357947
            ],
            [
              31.385138122729565,
              30.006068445357947
            ],
            [
              31.385138122729565,
              30.00217878771691
            ],
            [
              31.380646546308967,
              30.00217878771691
            ]
          ]
        ],
        "type": "Polygon"
      },
      "properties": {
        "centroid": {
          "latitude": 30.004123616537,
          "longitude": 31.382892334519
        },
        "population": 0.0,
        "zone_id": "NSR-GRID-395"
      },
      "type": "Feature"
    },
    {
      "geometry": {
        "coordinates": [
          [
            [
              31.385138122729565,
              30.00217878771691
            ],
            [
              31.385138122729565,
              30.006068445357947
            ],
            [
              31.389629699150163,
              30.006068445357947
            ],
            [
              31.389629699150163,
              30.00217878771691
            ],
            [
              31.385138122729565,
              30.00217878771691
            ]
          ]
        ],
        "type": "Polygon"
      },
      "properties": {
        "centroid": {
          "latitude": 30.004123616537,
          "longitude": 31.38738391094
        },
        "population": 0.82141133322,
        "zone_id": "NSR-GRID-396"
      },
      "type": "Feature"
    },
    {
      "geometry": {
        "coordinates": [
          [
            [
              31.389629699150163,
              30.00217878771691
            ],
            [
              31.389629699150163,
              30.006068445357947
            ],
            [
              31.394121275570754,
              30.006068445357947
            ],
            [
              31.394121275570754,
              30.00217878771691
            ],
            [
              31.389629699150163,
              30.00217878771691
            ]
          ]
        ],
        "type": "Polygon"
      },
      "properties": {
        "centroid": {
          "latitude": 30.004123616537,
          "longitude": 31.39187548736
        },
        "population": 30.114774654269,
        "zone_id": "NSR-GRID-397"
      },
      "type": "Feature"
    },
    {
      "geometry": {
        "coordinates": [
          [
            [
              31.371663393467767,
              30.006068445357947
            ],
            [
              31.371663393467767,
              30.00217878771691
            ],
            [
              31.3694772731692,
              30.00217878771691
            ],
            [
              31.3696936,
              30.0055013
            ],
            [
              31.36972142083517,
              30.006068445357947
            ],
            [
              31.371663393467767,
              30.006068445357947
            ]
          ]
        ],
        "type": "Polygon"
      },
      "properties": {
        "centroid": {
          "latitude": 30.004084336286,
          "longitude": 31.370632053521
        },
        "population": 0.963672951403,
        "zone_id": "NSR-GRID-398"
      },
      "type": "Feature"
    },
    {
      "geometry": {
        "coordinates": [
          [
            [
              31.394121275570754,
              30.00217878771691
            ],
            [
              31.39590329365825,
              30.00217878771691
            ],
            [
              31.3953018,
              30.0013586
            ],
            [
              31.394121275570754,
              29.99975332588217
            ],
            [
              31.394121275570754,
              30.00217878771691
            ]
          ]
        ],
        "type": "Polygon"
      },
      "properties": {
        "centroid": {
          "latitude": 30.001370130428,
          "longitude": 31.394715526302
        },
        "population": 1.655740017498,
        "zone_id": "NSR-GRID-399"
      },
      "type": "Feature"
    },
    {
      "geometry": {
        "coordinates": [
          [
            [
              31.389629699150163,
              29.998288977602268
            ],
            [
              31.389629699150163,
              30.00217878771691
            ],
            [
              31.394121275570754,
              30.00217878771691
            ],
            [
              31.394121275570754,
              29.99975332588217
            ],
            [
              31.3931751,
              29.9984667
            ],
            [
              31.392951301027818,
              29.998288977602268
            ],
            [
              31.389629699150163,
              29.998288977602268
            ]
          ]
        ],
        "type": "Polygon"
      },
      "properties": {
        "centroid": {
          "latitude": 30.000303702216,
          "longitude": 31.391785682753
        },
        "population": 0.695864282086,
        "zone_id": "NSR-GRID-400"
      },
      "type": "Feature"
    },
    {
      "geometry": {
        "coordinates": [
          [
            [
              31.371663393467767,
              29.998288977602268
            ],
            [
              31.371663393467767,
              30.00217878771691
            ],
            [
              31.376154969888365,
              30.00217878771691
            ],
            [
              31.376154969888365,
              29.998288977602268
            ],
            [
              31.371663393467767,
              29.998288977602268
            ]
          ]
        ],
        "type": "Polygon"
      },
      "properties": {
        "centroid": {
          "latitude": 30.00023388266,
          "longitude": 31.373909181678
        },
        "population": 0.106272883441,
        "zone_id": "NSR-GRID-401"
      },
      "type": "Feature"
    },
    {
      "geometry": {
        "coordinates": [
          [
            [
              31.376154969888365,
              29.998288977602268
            ],
            [
              31.376154969888365,
              30.00217878771691
            ],
            [
              31.380646546308967,
              30.00217878771691
            ],
            [
              31.380646546308967,
              29.998288977602268
            ],
            [
              31.376154969888365,
              29.998288977602268
            ]
          ]
        ],
        "type": "Polygon"
      },
      "properties": {
        "centroid": {
          "latitude": 30.00023388266,
          "longitude": 31.378400758099
        },
        "population": 0.000136986008,
        "zone_id": "NSR-GRID-402"
      },
      "type": "Feature"
    },
    {
      "geometry": {
        "coordinates": [
          [
            [
              31.380646546308967,
              29.998288977602268
            ],
            [
              31.380646546308967,
              30.00217878771691
            ],
            [
              31.385138122729565,
              30.00217878771691
            ],
            [
              31.385138122729565,
              29.998288977602268
            ],
            [
              31.380646546308967,
              29.998288977602268
            ]
          ]
        ],
        "type": "Polygon"
      },
      "properties": {
        "centroid": {
          "latitude": 30.00023388266,
          "longitude": 31.382892334519
        },
        "population": 0.056216307207,
        "zone_id": "NSR-GRID-403"
      },
      "type": "Feature"
    },
    {
      "geometry": {
        "coordinates": [
          [
            [
              31.385138122729565,
              29.998288977602268
            ],
            [
              31.385138122729565,
              30.00217878771691
            ],
            [
              31.389629699150163,
              30.00217878771691
            ],
            [
              31.389629699150163,
              29.998288977602268
            ],
            [
              31.385138122729565,
              29.998288977602268
            ]
          ]
        ],
        "type": "Polygon"
      },
      "properties": {
        "centroid": {
          "latitude": 30.00023388266,
          "longitude": 31.38738391094
        },
        "population": 0.001407704307,
        "zone_id": "NSR-GRID-404"
      },
      "type": "Feature"
    },
    {
      "geometry": {
        "coordinates": [
          [
            [
              31.371663393467767,
              30.00217878771691
            ],
            [
              31.371663393467767,
              29.998288977602268
            ],
            [
              31.369224019112167,
              29.998288977602268
            ],
            [
              31.3694772731692,
              30.00217878771691
            ],
            [
              31.371663393467767,
              30.00217878771691
            ]
          ]
        ],
        "type": "Polygon"
      },
      "properties": {
        "centroid": {
          "latitude": 30.00019838699,
          "longitude": 31.370505864295
        },
        "population": 0.0,
        "zone_id": "NSR-GRID-405"
      },
      "type": "Feature"
    },
    {
      "geometry": {
        "coordinates": [
          [
            [
              31.389629699150163,
              29.998288977602268
            ],
            [
              31.392951301027818,
              29.998288977602268
            ],
            [
              31.3908883,
              29.9966507
            ],
            [
              31.389629699150163,
              29.99608409464102
            ],
            [
              31.389629699150163,
              29.998288977602268
            ]
          ]
        ],
        "type": "Polygon"
      },
      "properties": {
        "centroid": {
          "latitude": 29.997494665205,
          "longitude": 31.390782496282
        },
        "population": 10.256147525932,
        "zone_id": "NSR-GRID-406"
      },
      "type": "Feature"
    },
    {
      "geometry": {
        "coordinates": [
          [
            [
              31.385138122729565,
              29.994399015025984
            ],
            [
              31.385138122729565,
              29.998288977602268
            ],
            [
              31.389629699150163,
              29.998288977602268
            ],
            [
              31.389629699150163,
              29.99608409464102
            ],
            [
              31.3871883,
              29.994985
            ],
            [
              31.38558043126188,
              29.994399015025984
            ],
            [
              31.385138122729565,
              29.994399015025984
            ]
          ]
        ],
        "type": "Polygon"
      },
      "properties": {
        "centroid": {
          "latitude": 29.996661622462,
          "longitude": 31.387170038231
        },
        "population": 20.022941038771,
        "zone_id": "NSR-GRID-407"
      },
      "type": "Feature"
    },
    {
      "geometry": {
        "coordinates": [
          [
            [
              31.371663393467767,
              29.994399015025984
            ],
            [
              31.371663393467767,
              29.998288977602268
            ],
            [
              31.376154969888365,
              29.998288977602268
            ],
            [
              31.376154969888365,
              29.994399015025984
            ],
            [
              31.371663393467767,
              29.994399015025984
            ]
          ]
        ],
        "type": "Polygon"
      },
      "properties": {
        "centroid": {
          "latitude": 29.996343996314,
          "longitude": 31.373909181678
        },
        "population": 0.773676064265,
        "zone_id": "NSR-GRID-408"
      },
      "type": "Feature"
    },
    {
      "geometry": {
        "coordinates": [
          [
            [
              31.376154969888365,
              29.994399015025984
            ],
            [
              31.376154969888365,
              29.998288977602268
            ],
            [
              31.380646546308967,
              29.998288977602268
            ],
            [
              31.380646546308967,
              29.994399015025984
            ],
            [
              31.376154969888365,
              29.994399015025984
            ]
          ]
        ],
        "type": "Polygon"
      },
      "properties": {
        "centroid": {
          "latitude": 29.996343996314,
          "longitude": 31.378400758099
        },
        "population": 0.027103247216,
        "zone_id": "NSR-GRID-409"
      },
      "type": "Feature"
    },
    {
      "geometry": {
        "coordinates": [
          [
            [
              31.380646546308967,
              29.994399015025984
            ],
            [
              31.380646546308967,
              29.998288977602268
            ],
            [
              31.385138122729565,
              29.998288977602268
            ],
            [
              31.385138122729565,
              29.994399015025984
            ],
            [
              31.380646546308967,
              29.994399015025984
            ]
          ]
        ],
        "type": "Polygon"
      },
      "properties": {
        "centroid": {
          "latitude": 29.996343996314,
          "longitude": 31.382892334519
        },
        "population": 3.244867530616,
        "zone_id": "NSR-GRID-410"
      },
      "type": "Feature"
    },
    {
      "geometry": {
        "coordinates": [
          [
            [
              31.371663393467767,
              29.998288977602268
            ],
            [
              31.371663393467767,
              29.994399015025984
            ],
            [
              31.369030453580805,
              29.994399015025984
            ],
            [
              31.3690788,
              29.9961706
            ],
            [
              31.3692132,
              29.9981228
            ],
            [
              31.369224019112167,
              29.998288977602268
            ],
            [
              31.371663393467767,
              29.998288977602268
            ]
          ]
        ],
        "type": "Polygon"
      },
      "properties": {
        "centroid": {
          "latitude": 29.996318924231,
          "longitude": 31.370384777878
        },
        "population": 0.0,
        "zone_id": "NSR-GRID-411"
      },
      "type": "Feature"
    },
    {
      "geometry": {
        "coordinates": [
          [
            [
              31.385138122729565,
              29.994399015025984
            ],
            [
              31.38558043126188,
              29.994399015025984
            ],
            [
              31.385138122729565,
              29.9942378158415
            ],
            [
              31.385138122729565,
              29.994399015025984
            ]
          ]
        ],
        "type": "Polygon"
      },
      "properties": {
        "centroid": {
          "latitude": 29.994345281964,
          "longitude": 31.385285558907
        },
        "population": 0.119830074612,
        "zone_id": "NSR-GRID-412"
      },
      "type": "Feature"
    },
    {
      "geometry": {
        "coordinates": [
          [
            [
              31.380646546308967,
              29.994399015025984
            ],
            [
              31.385138122729565,
              29.994399015025984
            ],
            [
              31.385138122729565,
              29.9942378158415
            ],
            [
              31.3821193,
              29.9931376
            ],
            [
              31.380646546308967,
              29.9925870657483
            ],
            [
              31.380646546308967,
              29.994399015025984
            ]
          ]
        ],
        "type": "Polygon"
      },
      "properties": {
        "centroid": {
          "latitude": 29.993792858786,
          "longitude": 31.382264314583
        },
        "population": 18.898845378164,
        "zone_id": "NSR-GRID-413"
      },
      "type": "Feature"
    },
    {
      "geometry": {
        "coordinates": [
          [
            [
              31.376154969888365,
              29.994399015025984
            ],
            [
              31.380646546308967,
              29.994399015025984
            ],
            [
              31.380646546308967,
              29.9925870657483
            ],
            [
              31.3766733,
              29.9911018
            ],
            [
              31.376154969888365,
              29.991026025874007
            ],
            [
              31.376154969888365,
              29.994399015025984
            ]
          ]
        ],
        "type": "Polygon"
      },
      "properties": {
        "centroid": {
          "latitude": 29.993034174568,
          "longitude": 31.378168461794
        },
        "population": 17.52440523591,
        "zone_id": "NSR-GRID-414"
      },
      "type": "Feature"
    },
    {
      "geometry": {
        "coordinates": [
          [
            [
              31.371663393467767,
              29.994399015025984
            ],
            [
              31.371663393467767,
              29.990845061595774
            ],
            [
              31.3701475,
              29.9913791
            ],
            [
              31.3690002,
              29.9932904
            ],
            [
              31.369030453580805,
              29.994399015025984
            ],
            [
              31.371663393467767,
              29.994399015025984
            ]
          ]
        ],
        "type": "Polygon"
      },
      "properties": {
        "centroid": {
          "latitude": 29.992923778011,
          "longitude": 31.370522315553
        },
        "population": 9.5005e-08,
        "zone_id": "NSR-GRID-415"
      },
      "type": "Feature"
    },
    {
      "geometry": {
        "coordinates": [
          [
            [
              31.371663393467767,
              29.994399015025984
            ],
            [
              31.376154969888365,
              29.994399015025984
            ],
            [
              31.376154969888365,
              29.991026025874007
            ],
            [
              31.3726176,
              29.9905089
            ],
            [
              31.371663393467767,
              29.990845061595774
            ],
            [
              31.371663393467767,
              29.994399015025984
            ]
          ]
        ],
        "type": "Polygon"
      },
      "properties": {
        "centroid": {
          "latitude": 29.992570762523,
          "longitude": 31.373868539978
        },
        "population": 1.143282951258,
        "zone_id": "NSR-GRID-416"
      },
      "type": "Feature"
    }
  ],
  "properties": {
    "data_reality": "REAL_DERIVED",
    "freshness_status": "STATIC",
    "source_metadata": {
      "acquired_at": "2026-09-07T15:36:31.876732+00:00",
      "allocation_crs": "EPSG:6933",
      "doi": "10.5258/SOTON/WP00803",
      "raster_url": "https://data.worldpop.org/GIS/Population/Global_2015_2030/R2024B/2025/EGY/v1/100m/constrained/egy_pop_2025_CN_100m_R2024B_v1.tif",
      "release": "R2024B",
      "source": "WorldPop Egypt constrained population counts",
      "source_crs": "EPSG:4326",
      "source_filename": "egy_pop_2025_CN_100m_R2024B_v1.tif",
      "source_nodata_value": -99999.0,
      "source_reference": "https://hub.worldpop.org/geodata/summary?id=56914",
      "source_sha256": "75ea54bea9667335858cc5be88735c467f165403d5020d794fa52d2a7cfdf1e6",
      "underlying_data_reality": "REAL_PUBLIC",
      "version": "v1"
    },
    "validation": {
      "conservation_error": -5.82e-10,
      "nodata_cell_count": 945,
      "source_population_within_modeled_union": 743827.6942895884,
      "total_modeled_population": 743827.6942895878,
      "zone_count": 416
    }
  },
  "type": "FeatureCollection"
}