{
"type": "FeatureCollection",
"name": "nasr_city_grid_500m",
"crs": { "type": "name", "properties": { "name": "urn:ogc:def:crs:OGC:1.3:CRS84" } },
"features": [
{ "type": "Feature", "properties": { "area_m2": 107009.4684397776, "zone_code": "NSR-GRID-001" }, "geometry": { "type": "Polygon", "coordinates": [ [ [ 31.335730782102992, 30.083829560345315 ], [ 31.331239205682394, 30.083829560345315 ], [ 31.331239205682394, 30.084703272192819 ], [ 31.3330202, 30.0849553 ], [ 31.3344929, 30.0864727 ], [ 31.335730782102992, 30.08589819288575 ], [ 31.335730782102992, 30.083829560345315 ] ] ] } },
{ "type": "Feature", "properties": { "area_m2": 63524.755302931037, "zone_code": "NSR-GRID-002" }, "geometry": { "type": "Polygon", "coordinates": [ [ [ 31.335730782102992, 30.083829560345315 ], [ 31.335730782102992, 30.08589819288575 ], [ 31.3358566, 30.0858398 ], [ 31.3387371, 30.084446 ], [ 31.34002192159258, 30.083829560345315 ], [ 31.335730782102992, 30.083829560345315 ] ] ] } },
{ "type": "Feature", "properties": { "area_m2": 32752.611646047328, "zone_code": "NSR-GRID-003" }, "geometry": { "type": "Polygon", "coordinates": [ [ [ 31.326747629261792, 30.083829560345315 ], [ 31.322256052841194, 30.083829560345315 ], [ 31.322256052841194, 30.083962018114139 ], [ 31.3238021, 30.0848354 ], [ 31.3243457, 30.0845761 ], [ 31.3258647, 30.0840293 ], [ 31.326747629261792, 30.084110192873712 ], [ 31.326747629261792, 30.083829560345315 ] ] ] } },
{ "type": "Feature", "properties": { "area_m2": 36001.884324586994, "zone_code": "NSR-GRID-004" }, "geometry": { "type": "Polygon", "coordinates": [ [ [ 31.331239205682394, 30.083829560345315 ], [ 31.326747629261792, 30.083829560345315 ], [ 31.326747629261792, 30.084110192873712 ], [ 31.3276198, 30.0841901 ], [ 31.3299349, 30.0845187 ], [ 31.331239205682394, 30.084703272192819 ], [ 31.331239205682394, 30.083829560345315 ] ] ] } },
{ "type": "Feature", "properties": { "area_m2": 222.39283081189146, "zone_code": "NSR-GRID-005" }, "geometry": { "type": "Polygon", "coordinates": [ [ [ 31.322256052841194, 30.083829560345315 ], [ 31.322021579331782, 30.083829560345315 ], [ 31.322256052841194, 30.083962018114139 ], [ 31.322256052841194, 30.083829560345315 ] ] ] } },
{ "type": "Feature", "properties": { "area_m2": 250000.0, "zone_code": "NSR-GRID-006" }, "geometry": { "type": "Polygon", "coordinates": [ [ [ 31.322256052841194, 30.079942954681194 ], [ 31.322256052841194, 30.083829560345315 ], [ 31.326747629261792, 30.083829560345315 ], [ 31.326747629261792, 30.079942954681194 ], [ 31.322256052841194, 30.079942954681194 ] ] ] } },
{ "type": "Feature", "properties": { "area_m2": 250000.0, "zone_code": "NSR-GRID-007" }, "geometry": { "type": "Polygon", "coordinates": [ [ [ 31.326747629261792, 30.079942954681194 ], [ 31.326747629261792, 30.083829560345315 ], [ 31.331239205682394, 30.083829560345315 ], [ 31.331239205682394, 30.079942954681194 ], [ 31.326747629261792, 30.079942954681194 ] ] ] } },
{ "type": "Feature", "properties": { "area_m2": 250000.0, "zone_code": "NSR-GRID-008" }, "geometry": { "type": "Polygon", "coordinates": [ [ [ 31.331239205682394, 30.079942954681194 ], [ 31.331239205682394, 30.083829560345315 ], [ 31.335730782102992, 30.083829560345315 ], [ 31.335730782102992, 30.079942954681194 ], [ 31.331239205682394, 30.079942954681194 ] ] ] } },
{ "type": "Feature", "properties": { "area_m2": 249861.97623903918, "zone_code": "NSR-GRID-009" }, "geometry": { "type": "Polygon", "coordinates": [ [ [ 31.340222358523583, 30.079942954681194 ], [ 31.335730782102992, 30.079942954681194 ], [ 31.335730782102992, 30.083829560345315 ], [ 31.34002192159258, 30.083829560345315 ], [ 31.340222358523583, 30.08373339312773 ], [ 31.340222358523583, 30.079942954681194 ] ] ] } },
{ "type": "Feature", "properties": { "area_m2": 172222.32035472363, "zone_code": "NSR-GRID-010" }, "geometry": { "type": "Polygon", "coordinates": [ [ [ 31.322256052841194, 30.083829560345315 ], [ 31.322256052841194, 30.079942954681194 ], [ 31.317764476420596, 30.079942954681194 ], [ 31.317764476420596, 30.081209989726094 ], [ 31.3178299, 30.0812632 ], [ 31.320839, 30.0831615 ], [ 31.322021579331782, 30.083829560345315 ], [ 31.322256052841194, 30.083829560345315 ] ] ] } },
{ "type": "Feature", "properties": { "area_m2": 175292.39498624604, "zone_code": "NSR-GRID-011" }, "geometry": { "type": "Polygon", "coordinates": [ [ [ 31.344713934944181, 30.079942954681194 ], [ 31.340222358523583, 30.079942954681194 ], [ 31.340222358523583, 30.08373339312773 ], [ 31.3416438, 30.0830514 ], [ 31.3445051, 30.0817069 ], [ 31.344713934944181, 30.081688966805682 ], [ 31.344713934944181, 30.079942954681194 ] ] ] } },
{ "type": "Feature", "properties": { "area_m2": 92270.11025570787, "zone_code": "NSR-GRID-012" }, "geometry": { "type": "Polygon", "coordinates": [ [ [ 31.349205511364779, 30.079942954681194 ], [ 31.344713934944181, 30.079942954681194 ], [ 31.344713934944181, 30.081688966805682 ], [ 31.3447578, 30.0816852 ], [ 31.3468277, 30.0813582 ], [ 31.349205511364779, 30.081134106167308 ], [ 31.349205511364779, 30.079942954681194 ] ] ] } },
{ "type": "Feature", "properties": { "area_m2": 62990.01320453309, "zone_code": "NSR-GRID-013" }, "geometry": { "type": "Polygon", "coordinates": [ [ [ 31.353697087785381, 30.079942954681194 ], [ 31.349205511364779, 30.079942954681194 ], [ 31.349205511364779, 30.081134106167308 ], [ 31.3516938, 30.0808996 ], [ 31.3529245, 30.0807838 ], [ 31.353697087785381, 30.080707809918284 ], [ 31.353697087785381, 30.079942954681194 ] ] ] } },
{ "type": "Feature", "properties": { "area_m2": 58765.203950939336, "zone_code": "NSR-GRID-014" }, "geometry": { "type": "Polygon", "coordinates": [ [ [ 31.41208758125315, 30.079942954681194 ], [ 31.407596004832552, 30.079942954681194 ], [ 31.407596004832552, 30.080918626043523 ], [ 31.4103742, 30.0808662 ], [ 31.41208758125315, 30.080730635579286 ], [ 31.41208758125315, 30.079942954681194 ] ] ] } },
{ "type": "Feature", "properties": { "area_m2": 58140.385137470446, "zone_code": "NSR-GRID-015" }, "geometry": { "type": "Polygon", "coordinates": [ [ [ 31.407596004832552, 30.079942954681194 ], [ 31.403104428411954, 30.079942954681194 ], [ 31.403104428411954, 30.080723258092874 ], [ 31.4067654, 30.0809343 ], [ 31.407596004832552, 30.080918626043523 ], [ 31.407596004832552, 30.079942954681194 ] ] ] } },
{ "type": "Feature", "properties": { "area_m2": 14133.448882818913, "zone_code": "NSR-GRID-016" }, "geometry": { "type": "Polygon", "coordinates": [ [ [ 31.317764476420596, 30.079942954681194 ], [ 31.316206630377078, 30.079942954681194 ], [ 31.317764476420596, 30.081209989726094 ], [ 31.317764476420596, 30.079942954681194 ] ] ] } },
{ "type": "Feature", "properties": { "area_m2": 41101.145922614633, "zone_code": "NSR-GRID-017" }, "geometry": { "type": "Polygon", "coordinates": [ [ [ 31.403104428411954, 30.079942954681194 ], [ 31.398612851991352, 30.079942954681194 ], [ 31.398612851991352, 30.080440135059103 ], [ 31.3994916, 30.080495899999985 ], [ 31.4030774, 30.0807217 ], [ 31.403104428411954, 30.080723258092874 ], [ 31.403104428411954, 30.079942954681194 ] ] ] } },
{ "type": "Feature", "properties": { "area_m2": 31000.717992755192, "zone_code": "NSR-GRID-018" }, "geometry": { "type": "Polygon", "coordinates": [ [ [ 31.416579157673748, 30.079942954681194 ], [ 31.41208758125315, 30.079942954681194 ], [ 31.41208758125315, 30.080730635579286 ], [ 31.413314, 30.0806336 ], [ 31.416579157673748, 30.080023009105005 ], [ 31.416579157673748, 30.079942954681194 ] ] ] } },
{ "type": "Feature", "properties": { "area_m2": 34989.06486434862, "zone_code": "NSR-GRID-019" }, "geometry": { "type": "Polygon", "coordinates": [ [ [ 31.358188664205979, 30.079942954681194 ], [ 31.353697087785381, 30.079942954681194 ], [ 31.353697087785381, 30.080707809918284 ], [ 31.358188664205979, 30.080266026914554 ], [ 31.358188664205979, 30.079942954681194 ] ] ] } },
{ "type": "Feature", "properties": { "area_m2": 22804.381647821527, "zone_code": "NSR-GRID-020" }, "geometry": { "type": "Polygon", "coordinates": [ [ [ 31.398612851991352, 30.079942954681194 ], [ 31.394121275570754, 30.079942954681194 ], [ 31.394121275570754, 30.080153360695039 ], [ 31.3947957, 30.0801979 ], [ 31.398612851991352, 30.080440135059103 ], [ 31.398612851991352, 30.079942954681194 ] ] ] } },
{ "type": "Feature", "properties": { "area_m2": 6029.3412691556041, "zone_code": "NSR-GRID-021" }, "geometry": { "type": "Polygon", "coordinates": [ [ [ 31.358188664205979, 30.079942954681194 ], [ 31.358188664205979, 30.080266026914554 ], [ 31.3587105, 30.0802147 ], [ 31.360666932153229, 30.079942954681194 ], [ 31.358188664205979, 30.079942954681194 ] ] ] } },
{ "type": "Feature", "properties": { "area_m2": 4799.9671525749482, "zone_code": "NSR-GRID-022" }, "geometry": { "type": "Polygon", "coordinates": [ [ [ 31.394121275570754, 30.079942954681194 ], [ 31.390935263282209, 30.079942954681194 ], [ 31.394121275570754, 30.080153360695039 ], [ 31.394121275570754, 30.079942954681194 ] ] ] } },
{ "type": "Feature", "properties": { "area_m2": 201.18721745012556, "zone_code": "NSR-GRID-023" }, "geometry": { "type": "Polygon", "coordinates": [ [ [ 31.416579157673748, 30.079942954681194 ], [ 31.416579157673748, 30.080023009105005 ], [ 31.4166145, 30.0800164 ], [ 31.416923198824446, 30.079942954681194 ], [ 31.416579157673748, 30.079942954681194 ] ] ] } },
{ "type": "Feature", "properties": { "area_m2": 250000.0, "zone_code": "NSR-GRID-024" }, "geometry": { "type": "Polygon", "coordinates": [ [ [ 31.317764476420596, 30.07605619630511 ], [ 31.317764476420596, 30.079942954681194 ], [ 31.322256052841194, 30.079942954681194 ], [ 31.322256052841194, 30.07605619630511 ], [ 31.317764476420596, 30.07605619630511 ] ] ] } },
{ "type": "Feature", "properties": { "area_m2": 250000.0, "zone_code": "NSR-GRID-025" }, "geometry": { "type": "Polygon", "coordinates": [ [ [ 31.322256052841194, 30.07605619630511 ], [ 31.322256052841194, 30.079942954681194 ], [ 31.326747629261792, 30.079942954681194 ], [ 31.326747629261792, 30.07605619630511 ], [ 31.322256052841194, 30.07605619630511 ] ] ] } },
{ "type": "Feature", "properties": { "area_m2": 250000.0, "zone_code": "NSR-GRID-026" }, "geometry": { "type": "Polygon", "coordinates": [ [ [ 31.326747629261792, 30.07605619630511 ], [ 31.326747629261792, 30.079942954681194 ], [ 31.331239205682394, 30.079942954681194 ], [ 31.331239205682394, 30.07605619630511 ], [ 31.326747629261792, 30.07605619630511 ] ] ] } },
{ "type": "Feature", "properties": { "area_m2": 250000.0, "zone_code": "NSR-GRID-027" }, "geometry": { "type": "Polygon", "coordinates": [ [ [ 31.331239205682394, 30.07605619630511 ], [ 31.331239205682394, 30.079942954681194 ], [ 31.335730782102992, 30.079942954681194 ], [ 31.335730782102992, 30.07605619630511 ], [ 31.331239205682394, 30.07605619630511 ] ] ] } },
{ "type": "Feature", "properties": { "area_m2": 250000.0, "zone_code": "NSR-GRID-028" }, "geometry": { "type": "Polygon", "coordinates": [ [ [ 31.335730782102992, 30.07605619630511 ], [ 31.335730782102992, 30.079942954681194 ], [ 31.340222358523583, 30.079942954681194 ], [ 31.340222358523583, 30.07605619630511 ], [ 31.335730782102992, 30.07605619630511 ] ] ] } },
{ "type": "Feature", "properties": { "area_m2": 250000.0, "zone_code": "NSR-GRID-029" }, "geometry": { "type": "Polygon", "coordinates": [ [ [ 31.340222358523583, 30.07605619630511 ], [ 31.340222358523583, 30.079942954681194 ], [ 31.344713934944181, 30.079942954681194 ], [ 31.344713934944181, 30.07605619630511 ], [ 31.340222358523583, 30.07605619630511 ] ] ] } },
{ "type": "Feature", "properties": { "area_m2": 250000.0, "zone_code": "NSR-GRID-030" }, "geometry": { "type": "Polygon", "coordinates": [ [ [ 31.344713934944181, 30.07605619630511 ], [ 31.344713934944181, 30.079942954681194 ], [ 31.349205511364779, 30.079942954681194 ], [ 31.349205511364779, 30.07605619630511 ], [ 31.344713934944181, 30.07605619630511 ] ] ] } },
{ "type": "Feature", "properties": { "area_m2": 250000.0, "zone_code": "NSR-GRID-031" }, "geometry": { "type": "Polygon", "coordinates": [ [ [ 31.349205511364779, 30.07605619630511 ], [ 31.349205511364779, 30.079942954681194 ], [ 31.353697087785381, 30.079942954681194 ], [ 31.353697087785381, 30.07605619630511 ], [ 31.349205511364779, 30.07605619630511 ] ] ] } },
{ "type": "Feature", "properties": { "area_m2": 250000.0, "zone_code": "NSR-GRID-032" }, "geometry": { "type": "Polygon", "coordinates": [ [ [ 31.353697087785381, 30.07605619630511 ], [ 31.353697087785381, 30.079942954681194 ], [ 31.358188664205979, 30.079942954681194 ], [ 31.358188664205979, 30.07605619630511 ], [ 31.353697087785381, 30.07605619630511 ] ] ] } },
{ "type": "Feature", "properties": { "area_m2": 250000.0, "zone_code": "NSR-GRID-033" }, "geometry": { "type": "Polygon", "coordinates": [ [ [ 31.394121275570754, 30.07605619630511 ], [ 31.394121275570754, 30.079942954681194 ], [ 31.398612851991352, 30.079942954681194 ], [ 31.398612851991352, 30.07605619630511 ], [ 31.394121275570754, 30.07605619630511 ] ] ] } },
{ "type": "Feature", "properties": { "area_m2": 250000.0, "zone_code": "NSR-GRID-034" }, "geometry": { "type": "Polygon", "coordinates": [ [ [ 31.398612851991352, 30.07605619630511 ], [ 31.398612851991352, 30.079942954681194 ], [ 31.403104428411954, 30.079942954681194 ], [ 31.403104428411954, 30.07605619630511 ], [ 31.398612851991352, 30.07605619630511 ] ] ] } },
{ "type": "Feature", "properties": { "area_m2": 250000.0, "zone_code": "NSR-GRID-035" }, "geometry": { "type": "Polygon", "coordinates": [ [ [ 31.403104428411954, 30.07605619630511 ], [ 31.403104428411954, 30.079942954681194 ], [ 31.407596004832552, 30.079942954681194 ], [ 31.407596004832552, 30.07605619630511 ], [ 31.403104428411954, 30.07605619630511 ] ] ] } },
{ "type": "Feature", "properties": { "area_m2": 250000.0, "zone_code": "NSR-GRID-036" }, "geometry": { "type": "Polygon", "coordinates": [ [ [ 31.407596004832552, 30.07605619630511 ], [ 31.407596004832552, 30.079942954681194 ], [ 31.41208758125315, 30.079942954681194 ], [ 31.41208758125315, 30.07605619630511 ], [ 31.407596004832552, 30.07605619630511 ] ] ] } },
{ "type": "Feature", "properties": { "area_m2": 250000.0, "zone_code": "NSR-GRID-037" }, "geometry": { "type": "Polygon", "coordinates": [ [ [ 31.41208758125315, 30.07605619630511 ], [ 31.41208758125315, 30.079942954681194 ], [ 31.416579157673748, 30.079942954681194 ], [ 31.416579157673748, 30.07605619630511 ], [ 31.41208758125315, 30.07605619630511 ] ] ] } },
{ "type": "Feature", "properties": { "area_m2": 249194.25055591718, "zone_code": "NSR-GRID-038" }, "geometry": { "type": "Polygon", "coordinates": [ [ [ 31.394121275570754, 30.079942954681194 ], [ 31.394121275570754, 30.07605619630511 ], [ 31.389629699150163, 30.07605619630511 ], [ 31.389629699150163, 30.079856958668557 ], [ 31.3897912, 30.0798674 ], [ 31.390935263282209, 30.079942954681194 ], [ 31.394121275570754, 30.079942954681194 ] ] ] } },
{ "type": "Feature", "properties": { "area_m2": 245968.6479371615, "zone_code": "NSR-GRID-039" }, "geometry": { "type": "Polygon", "coordinates": [ [ [ 31.362680240626577, 30.07605619630511 ], [ 31.358188664205979, 30.07605619630511 ], [ 31.358188664205979, 30.079942954681194 ], [ 31.360666932153229, 30.079942954681194 ], [ 31.362680240626577, 30.079663308552469 ], [ 31.362680240626577, 30.07605619630511 ] ] ] } },
{ "type": "Feature", "properties": { "area_m2": 235129.33038640767, "zone_code": "NSR-GRID-040" }, "geometry": { "type": "Polygon", "coordinates": [ [ [ 31.389629699150163, 30.07605619630511 ], [ 31.385138122729565, 30.07605619630511 ], [ 31.385138122729565, 30.079566569426436 ], [ 31.389629699150163, 30.079856958668557 ], [ 31.389629699150163, 30.07605619630511 ] ] ] } },
{ "type": "Feature", "properties": { "area_m2": 187939.62307162353, "zone_code": "NSR-GRID-041" }, "geometry": { "type": "Polygon", "coordinates": [ [ [ 31.317764476420596, 30.079942954681194 ], [ 31.317764476420596, 30.07605619630511 ], [ 31.314558855243369, 30.07605619630511 ], [ 31.3132729, 30.0777836 ], [ 31.3136103, 30.07801520000001 ], [ 31.3158698, 30.079669 ], [ 31.316206630377078, 30.079942954681194 ], [ 31.317764476420596, 30.079942954681194 ] ] ] } },
{ "type": "Feature", "properties": { "area_m2": 220715.065584027, "zone_code": "NSR-GRID-042" }, "geometry": { "type": "Polygon", "coordinates": [ [ [ 31.421070734094339, 30.07605619630511 ], [ 31.416579157673748, 30.07605619630511 ], [ 31.416579157673748, 30.079942954681194 ], [ 31.416923198824446, 30.079942954681194 ], [ 31.4207474, 30.0790331 ], [ 31.421070734094339, 30.078964837935398 ], [ 31.421070734094339, 30.07605619630511 ] ] ] } },
{ "type": "Feature", "properties": { "area_m2": 214096.69416835197, "zone_code": "NSR-GRID-043" }, "geometry": { "type": "Polygon", "coordinates": [ [ [ 31.367171817047169, 30.07605619630511 ], [ 31.362680240626577, 30.07605619630511 ], [ 31.362680240626577, 30.079663308552469 ], [ 31.3643333, 30.0794337 ], [ 31.367171817047169, 30.079145145707987 ], [ 31.367171817047169, 30.07605619630511 ] ] ] } },
{ "type": "Feature", "properties": { "area_m2": 207662.24575356231, "zone_code": "NSR-GRID-044" }, "geometry": { "type": "Polygon", "coordinates": [ [ [ 31.385138122729565, 30.07605619630511 ], [ 31.380646546308967, 30.07605619630511 ], [ 31.380646546308967, 30.078907291211365 ], [ 31.3839739, 30.0794913 ], [ 31.385138122729565, 30.079566569426436 ], [ 31.385138122729565, 30.07605619630511 ] ] ] } },
{ "type": "Feature", "properties": { "area_m2": 147784.57022845041, "zone_code": "NSR-GRID-045" }, "geometry": { "type": "Polygon", "coordinates": [ [ [ 31.430053886935539, 30.07605619630511 ], [ 31.430053886935539, 30.078738471632981 ], [ 31.4345304, 30.0791284 ], [ 31.432863812871989, 30.07605619630511 ], [ 31.430053886935539, 30.07605619630511 ] ] ] } },
{ "type": "Feature", "properties": { "area_m2": 184003.63442660437, "zone_code": "NSR-GRID-046" }, "geometry": { "type": "Polygon", "coordinates": [ [ [ 31.371663393467767, 30.07605619630511 ], [ 31.367171817047169, 30.07605619630511 ], [ 31.367171817047169, 30.079145145707987 ], [ 31.3713825, 30.0787171 ], [ 31.371663393467767, 30.078690979793414 ], [ 31.371663393467767, 30.07605619630511 ] ] ] } },
{ "type": "Feature", "properties": { "area_m2": 163208.51403332918, "zone_code": "NSR-GRID-047" }, "geometry": { "type": "Polygon", "coordinates": [ [ [ 31.425562310514941, 30.07605619630511 ], [ 31.421070734094339, 30.07605619630511 ], [ 31.421070734094339, 30.078964837935398 ], [ 31.4231863, 30.0785182 ], [ 31.425562310514941, 30.078405671858871 ], [ 31.425562310514941, 30.07605619630511 ] ] ] } },
{ "type": "Feature", "properties": { "area_m2": 160382.11072305767, "zone_code": "NSR-GRID-048" }, "geometry": { "type": "Polygon", "coordinates": [ [ [ 31.380646546308967, 30.07605619630511 ], [ 31.376154969888365, 30.07605619630511 ], [ 31.376154969888365, 30.078273308396266 ], [ 31.3762669, 30.0782629 ], [ 31.3786582, 30.0785583 ], [ 31.380646546308967, 30.078907291211365 ], [ 31.380646546308967, 30.07605619630511 ] ] ] } },
{ "type": "Feature", "properties": { "area_m2": 160951.86899949409, "zone_code": "NSR-GRID-049" }, "geometry": { "type": "Polygon", "coordinates": [ [ [ 31.430053886935539, 30.07605619630511 ], [ 31.425562310514941, 30.07605619630511 ], [ 31.425562310514941, 30.078405671858871 ], [ 31.4255955, 30.0784041 ], [ 31.428137, 30.0785715 ], [ 31.430053886935539, 30.078738471632981 ], [ 31.430053886935539, 30.07605619630511 ] ] ] } },
{ "type": "Feature", "properties": { "area_m2": 156038.13409607392, "zone_code": "NSR-GRID-050" }, "geometry": { "type": "Polygon", "coordinates": [ [ [ 31.376154969888365, 30.07605619630511 ], [ 31.371663393467767, 30.07605619630511 ], [ 31.371663393467767, 30.078690979793414 ], [ 31.376154969888365, 30.078273308396266 ], [ 31.376154969888365, 30.07605619630511 ] ] ] } },
{ "type": "Feature", "properties": { "area_m2": 66690.49468991597, "zone_code": "NSR-GRID-051" }, "geometry": { "type": "Polygon", "coordinates": [ [ [ 31.430053886935539, 30.07605619630511 ], [ 31.432863812871989, 30.07605619630511 ], [ 31.4326835, 30.0757238 ], [ 31.430053886935539, 30.07286926472964 ], [ 31.430053886935539, 30.07605619630511 ] ] ] } },
{ "type": "Feature", "properties": { "area_m2": 97945.672976206144, "zone_code": "NSR-GRID-052" }, "geometry": { "type": "Polygon", "coordinates": [ [ [ 31.317764476420596, 30.07605619630511 ], [ 31.317764476420596, 30.072169285228959 ], [ 31.317448636849306, 30.072169285228959 ], [ 31.3161261, 30.0739509 ], [ 31.314558855243369, 30.07605619630511 ], [ 31.317764476420596, 30.07605619630511 ] ] ] } },
{ "type": "Feature", "properties": { "area_m2": 246768.39033550845, "zone_code": "NSR-GRID-053" }, "geometry": { "type": "Polygon", "coordinates": [ [ [ 31.425562310514941, 30.072169285228959 ], [ 31.425562310514941, 30.07605619630511 ], [ 31.430053886935539, 30.07605619630511 ], [ 31.430053886935539, 30.07286926472964 ], [ 31.429409073680993, 30.072169285228959 ], [ 31.425562310514941, 30.072169285228959 ] ] ] } },
{ "type": "Feature", "properties": { "area_m2": 250000.0, "zone_code": "NSR-GRID-054" }, "geometry": { "type": "Polygon", "coordinates": [ [ [ 31.317764476420596, 30.072169285228959 ], [ 31.317764476420596, 30.07605619630511 ], [ 31.322256052841194, 30.07605619630511 ], [ 31.322256052841194, 30.072169285228959 ], [ 31.317764476420596, 30.072169285228959 ] ] ] } },
{ "type": "Feature", "properties": { "area_m2": 250000.0, "zone_code": "NSR-GRID-055" }, "geometry": { "type": "Polygon", "coordinates": [ [ [ 31.322256052841194, 30.072169285228959 ], [ 31.322256052841194, 30.07605619630511 ], [ 31.326747629261792, 30.07605619630511 ], [ 31.326747629261792, 30.072169285228959 ], [ 31.322256052841194, 30.072169285228959 ] ] ] } },
{ "type": "Feature", "properties": { "area_m2": 250000.0, "zone_code": "NSR-GRID-056" }, "geometry": { "type": "Polygon", "coordinates": [ [ [ 31.326747629261792, 30.072169285228959 ], [ 31.326747629261792, 30.07605619630511 ], [ 31.331239205682394, 30.07605619630511 ], [ 31.331239205682394, 30.072169285228959 ], [ 31.326747629261792, 30.072169285228959 ] ] ] } },
{ "type": "Feature", "properties": { "area_m2": 250000.0, "zone_code": "NSR-GRID-057" }, "geometry": { "type": "Polygon", "coordinates": [ [ [ 31.331239205682394, 30.072169285228959 ], [ 31.331239205682394, 30.07605619630511 ], [ 31.335730782102992, 30.07605619630511 ], [ 31.335730782102992, 30.072169285228959 ], [ 31.331239205682394, 30.072169285228959 ] ] ] } },
{ "type": "Feature", "properties": { "area_m2": 250000.0, "zone_code": "NSR-GRID-058" }, "geometry": { "type": "Polygon", "coordinates": [ [ [ 31.335730782102992, 30.072169285228959 ], [ 31.335730782102992, 30.07605619630511 ], [ 31.340222358523583, 30.07605619630511 ], [ 31.340222358523583, 30.072169285228959 ], [ 31.335730782102992, 30.072169285228959 ] ] ] } },
{ "type": "Feature", "properties": { "area_m2": 250000.0, "zone_code": "NSR-GRID-059" }, "geometry": { "type": "Polygon", "coordinates": [ [ [ 31.340222358523583, 30.072169285228959 ], [ 31.340222358523583, 30.07605619630511 ], [ 31.344713934944181, 30.07605619630511 ], [ 31.344713934944181, 30.072169285228959 ], [ 31.340222358523583, 30.072169285228959 ] ] ] } },
{ "type": "Feature", "properties": { "area_m2": 250000.0, "zone_code": "NSR-GRID-060" }, "geometry": { "type": "Polygon", "coordinates": [ [ [ 31.344713934944181, 30.072169285228959 ], [ 31.344713934944181, 30.07605619630511 ], [ 31.349205511364779, 30.07605619630511 ], [ 31.349205511364779, 30.072169285228959 ], [ 31.344713934944181, 30.072169285228959 ] ] ] } },
{ "type": "Feature", "properties": { "area_m2": 250000.0, "zone_code": "NSR-GRID-061" }, "geometry": { "type": "Polygon", "coordinates": [ [ [ 31.349205511364779, 30.072169285228959 ], [ 31.349205511364779, 30.07605619630511 ], [ 31.353697087785381, 30.07605619630511 ], [ 31.353697087785381, 30.072169285228959 ], [ 31.349205511364779, 30.072169285228959 ] ] ] } },
{ "type": "Feature", "properties": { "area_m2": 250000.0, "zone_code": "NSR-GRID-062" }, "geometry": { "type": "Polygon", "coordinates": [ [ [ 31.353697087785381, 30.072169285228959 ], [ 31.353697087785381, 30.07605619630511 ], [ 31.358188664205979, 30.07605619630511 ], [ 31.358188664205979, 30.072169285228959 ], [ 31.353697087785381, 30.072169285228959 ] ] ] } },
{ "type": "Feature", "properties": { "area_m2": 250000.0, "zone_code": "NSR-GRID-063" }, "geometry": { "type": "Polygon", "coordinates": [ [ [ 31.358188664205979, 30.072169285228959 ], [ 31.358188664205979, 30.07605619630511 ], [ 31.362680240626577, 30.07605619630511 ], [ 31.362680240626577, 30.072169285228959 ], [ 31.358188664205979, 30.072169285228959 ] ] ] } },
{ "type": "Feature", "properties": { "area_m2": 250000.0, "zone_code": "NSR-GRID-064" }, "geometry": { "type": "Polygon", "coordinates": [ [ [ 31.362680240626577, 30.072169285228959 ], [ 31.362680240626577, 30.07605619630511 ], [ 31.367171817047169, 30.07605619630511 ], [ 31.367171817047169, 30.072169285228959 ], [ 31.362680240626577, 30.072169285228959 ] ] ] } },
{ "type": "Feature", "properties": { "area_m2": 250000.0, "zone_code": "NSR-GRID-065" }, "geometry": { "type": "Polygon", "coordinates": [ [ [ 31.367171817047169, 30.072169285228959 ], [ 31.367171817047169, 30.07605619630511 ], [ 31.371663393467767, 30.07605619630511 ], [ 31.371663393467767, 30.072169285228959 ], [ 31.367171817047169, 30.072169285228959 ] ] ] } },
{ "type": "Feature", "properties": { "area_m2": 250000.0, "zone_code": "NSR-GRID-066" }, "geometry": { "type": "Polygon", "coordinates": [ [ [ 31.371663393467767, 30.072169285228959 ], [ 31.371663393467767, 30.07605619630511 ], [ 31.376154969888365, 30.07605619630511 ], [ 31.376154969888365, 30.072169285228959 ], [ 31.371663393467767, 30.072169285228959 ] ] ] } },
{ "type": "Feature", "properties": { "area_m2": 250000.0, "zone_code": "NSR-GRID-067" }, "geometry": { "type": "Polygon", "coordinates": [ [ [ 31.376154969888365, 30.072169285228959 ], [ 31.376154969888365, 30.07605619630511 ], [ 31.380646546308967, 30.07605619630511 ], [ 31.380646546308967, 30.072169285228959 ], [ 31.376154969888365, 30.072169285228959 ] ] ] } },
{ "type": "Feature", "properties": { "area_m2": 250000.0, "zone_code": "NSR-GRID-068" }, "geometry": { "type": "Polygon", "coordinates": [ [ [ 31.380646546308967, 30.072169285228959 ], [ 31.380646546308967, 30.07605619630511 ], [ 31.385138122729565, 30.07605619630511 ], [ 31.385138122729565, 30.072169285228959 ], [ 31.380646546308967, 30.072169285228959 ] ] ] } },
{ "type": "Feature", "properties": { "area_m2": 250000.0, "zone_code": "NSR-GRID-069" }, "geometry": { "type": "Polygon", "coordinates": [ [ [ 31.385138122729565, 30.072169285228959 ], [ 31.385138122729565, 30.07605619630511 ], [ 31.389629699150163, 30.07605619630511 ], [ 31.389629699150163, 30.072169285228959 ], [ 31.385138122729565, 30.072169285228959 ] ] ] } },
{ "type": "Feature", "properties": { "area_m2": 250000.0, "zone_code": "NSR-GRID-070" }, "geometry": { "type": "Polygon", "coordinates": [ [ [ 31.389629699150163, 30.072169285228959 ], [ 31.389629699150163, 30.07605619630511 ], [ 31.394121275570754, 30.07605619630511 ], [ 31.394121275570754, 30.072169285228959 ], [ 31.389629699150163, 30.072169285228959 ] ] ] } },
{ "type": "Feature", "properties": { "area_m2": 250000.0, "zone_code": "NSR-GRID-071" }, "geometry": { "type": "Polygon", "coordinates": [ [ [ 31.394121275570754, 30.072169285228959 ], [ 31.394121275570754, 30.07605619630511 ], [ 31.398612851991352, 30.07605619630511 ], [ 31.398612851991352, 30.072169285228959 ], [ 31.394121275570754, 30.072169285228959 ] ] ] } },
{ "type": "Feature", "properties": { "area_m2": 250000.0, "zone_code": "NSR-GRID-072" }, "geometry": { "type": "Polygon", "coordinates": [ [ [ 31.398612851991352, 30.072169285228959 ], [ 31.398612851991352, 30.07605619630511 ], [ 31.403104428411954, 30.07605619630511 ], [ 31.403104428411954, 30.072169285228959 ], [ 31.398612851991352, 30.072169285228959 ] ] ] } },
{ "type": "Feature", "properties": { "area_m2": 250000.0, "zone_code": "NSR-GRID-073" }, "geometry": { "type": "Polygon", "coordinates": [ [ [ 31.403104428411954, 30.072169285228959 ], [ 31.403104428411954, 30.07605619630511 ], [ 31.407596004832552, 30.07605619630511 ], [ 31.407596004832552, 30.072169285228959 ], [ 31.403104428411954, 30.072169285228959 ] ] ] } },
{ "type": "Feature", "properties": { "area_m2": 250000.0, "zone_code": "NSR-GRID-074" }, "geometry": { "type": "Polygon", "coordinates": [ [ [ 31.407596004832552, 30.072169285228959 ], [ 31.407596004832552, 30.07605619630511 ], [ 31.41208758125315, 30.07605619630511 ], [ 31.41208758125315, 30.072169285228959 ], [ 31.407596004832552, 30.072169285228959 ] ] ] } },
{ "type": "Feature", "properties": { "area_m2": 250000.0, "zone_code": "NSR-GRID-075" }, "geometry": { "type": "Polygon", "coordinates": [ [ [ 31.41208758125315, 30.072169285228959 ], [ 31.41208758125315, 30.07605619630511 ], [ 31.416579157673748, 30.07605619630511 ], [ 31.416579157673748, 30.072169285228959 ], [ 31.41208758125315, 30.072169285228959 ] ] ] } },
{ "type": "Feature", "properties": { "area_m2": 250000.0, "zone_code": "NSR-GRID-076" }, "geometry": { "type": "Polygon", "coordinates": [ [ [ 31.416579157673748, 30.072169285228959 ], [ 31.416579157673748, 30.07605619630511 ], [ 31.421070734094339, 30.07605619630511 ], [ 31.421070734094339, 30.072169285228959 ], [ 31.416579157673748, 30.072169285228959 ] ] ] } },
{ "type": "Feature", "properties": { "area_m2": 250000.0, "zone_code": "NSR-GRID-077" }, "geometry": { "type": "Polygon", "coordinates": [ [ [ 31.421070734094339, 30.072169285228959 ], [ 31.421070734094339, 30.07605619630511 ], [ 31.425562310514941, 30.07605619630511 ], [ 31.425562310514941, 30.072169285228959 ], [ 31.421070734094339, 30.072169285228959 ] ] ] } },
{ "type": "Feature", "properties": { "area_m2": 976.08198323241436, "zone_code": "NSR-GRID-078" }, "geometry": { "type": "Polygon", "coordinates": [ [ [ 31.317764476420596, 30.072169285228959 ], [ 31.317764476420596, 30.07173287677406 ], [ 31.3175864, 30.0719837 ], [ 31.317448636849306, 30.072169285228959 ], [ 31.317764476420596, 30.072169285228959 ] ] ] } },
{ "type": "Feature", "properties": { "area_m2": 107224.39336738476, "zone_code": "NSR-GRID-079" }, "geometry": { "type": "Polygon", "coordinates": [ [ [ 31.425562310514941, 30.072169285228959 ], [ 31.429409073680993, 30.072169285228959 ], [ 31.4275613, 30.0701634 ], [ 31.425562310514941, 30.068537432681627 ], [ 31.425562310514941, 30.072169285228959 ] ] ] } },
{ "type": "Feature", "properties": { "area_m2": 194320.70538395972, "zone_code": "NSR-GRID-080" }, "geometry": { "type": "Polygon", "coordinates": [ [ [ 31.317764476420596, 30.072169285228959 ], [ 31.322256052841194, 30.072169285228959 ], [ 31.322256052841194, 30.068282221464631 ], [ 31.319734840459528, 30.068282221464631 ], [ 31.3192935, 30.0695138 ], [ 31.3188977, 30.0701367 ], [ 31.317764476420596, 30.07173287677406 ], [ 31.317764476420596, 30.072169285228959 ] ] ] } },
{ "type": "Feature", "properties": { "area_m2": 249426.708276027, "zone_code": "NSR-GRID-081" }, "geometry": { "type": "Polygon", "coordinates": [ [ [ 31.421070734094339, 30.068282221464631 ], [ 31.421070734094339, 30.072169285228959 ], [ 31.425562310514941, 30.072169285228959 ], [ 31.425562310514941, 30.068537432681627 ], [ 31.425248552861458, 30.068282221464631 ], [ 31.421070734094339, 30.068282221464631 ] ] ] } },
{ "type": "Feature", "properties": { "area_m2": 250000.0, "zone_code": "NSR-GRID-082" }, "geometry": { "type": "Polygon", "coordinates": [ [ [ 31.322256052841194, 30.068282221464631 ], [ 31.322256052841194, 30.072169285228959 ], [ 31.326747629261792, 30.072169285228959 ], [ 31.326747629261792, 30.068282221464631 ], [ 31.322256052841194, 30.068282221464631 ] ] ] } },
{ "type": "Feature", "properties": { "area_m2": 250000.0, "zone_code": "NSR-GRID-083" }, "geometry": { "type": "Polygon", "coordinates": [ [ [ 31.326747629261792, 30.068282221464631 ], [ 31.326747629261792, 30.072169285228959 ], [ 31.331239205682394, 30.072169285228959 ], [ 31.331239205682394, 30.068282221464631 ], [ 31.326747629261792, 30.068282221464631 ] ] ] } },
{ "type": "Feature", "properties": { "area_m2": 250000.0, "zone_code": "NSR-GRID-084" }, "geometry": { "type": "Polygon", "coordinates": [ [ [ 31.331239205682394, 30.068282221464631 ], [ 31.331239205682394, 30.072169285228959 ], [ 31.335730782102992, 30.072169285228959 ], [ 31.335730782102992, 30.068282221464631 ], [ 31.331239205682394, 30.068282221464631 ] ] ] } },
{ "type": "Feature", "properties": { "area_m2": 250000.0, "zone_code": "NSR-GRID-085" }, "geometry": { "type": "Polygon", "coordinates": [ [ [ 31.335730782102992, 30.068282221464631 ], [ 31.335730782102992, 30.072169285228959 ], [ 31.340222358523583, 30.072169285228959 ], [ 31.340222358523583, 30.068282221464631 ], [ 31.335730782102992, 30.068282221464631 ] ] ] } },
{ "type": "Feature", "properties": { "area_m2": 250000.0, "zone_code": "NSR-GRID-086" }, "geometry": { "type": "Polygon", "coordinates": [ [ [ 31.340222358523583, 30.068282221464631 ], [ 31.340222358523583, 30.072169285228959 ], [ 31.344713934944181, 30.072169285228959 ], [ 31.344713934944181, 30.068282221464631 ], [ 31.340222358523583, 30.068282221464631 ] ] ] } },
{ "type": "Feature", "properties": { "area_m2": 250000.0, "zone_code": "NSR-GRID-087" }, "geometry": { "type": "Polygon", "coordinates": [ [ [ 31.344713934944181, 30.068282221464631 ], [ 31.344713934944181, 30.072169285228959 ], [ 31.349205511364779, 30.072169285228959 ], [ 31.349205511364779, 30.068282221464631 ], [ 31.344713934944181, 30.068282221464631 ] ] ] } },
{ "type": "Feature", "properties": { "area_m2": 250000.0, "zone_code": "NSR-GRID-088" }, "geometry": { "type": "Polygon", "coordinates": [ [ [ 31.349205511364779, 30.068282221464631 ], [ 31.349205511364779, 30.072169285228959 ], [ 31.353697087785381, 30.072169285228959 ], [ 31.353697087785381, 30.068282221464631 ], [ 31.349205511364779, 30.068282221464631 ] ] ] } },
{ "type": "Feature", "properties": { "area_m2": 250000.0, "zone_code": "NSR-GRID-089" }, "geometry": { "type": "Polygon", "coordinates": [ [ [ 31.353697087785381, 30.068282221464631 ], [ 31.353697087785381, 30.072169285228959 ], [ 31.358188664205979, 30.072169285228959 ], [ 31.358188664205979, 30.068282221464631 ], [ 31.353697087785381, 30.068282221464631 ] ] ] } },
{ "type": "Feature", "properties": { "area_m2": 250000.0, "zone_code": "NSR-GRID-090" }, "geometry": { "type": "Polygon", "coordinates": [ [ [ 31.358188664205979, 30.068282221464631 ], [ 31.358188664205979, 30.072169285228959 ], [ 31.362680240626577, 30.072169285228959 ], [ 31.362680240626577, 30.068282221464631 ], [ 31.358188664205979, 30.068282221464631 ] ] ] } },
{ "type": "Feature", "properties": { "area_m2": 250000.0, "zone_code": "NSR-GRID-091" }, "geometry": { "type": "Polygon", "coordinates": [ [ [ 31.362680240626577, 30.068282221464631 ], [ 31.362680240626577, 30.072169285228959 ], [ 31.367171817047169, 30.072169285228959 ], [ 31.367171817047169, 30.068282221464631 ], [ 31.362680240626577, 30.068282221464631 ] ] ] } },
{ "type": "Feature", "properties": { "area_m2": 250000.0, "zone_code": "NSR-GRID-092" }, "geometry": { "type": "Polygon", "coordinates": [ [ [ 31.367171817047169, 30.068282221464631 ], [ 31.367171817047169, 30.072169285228959 ], [ 31.371663393467767, 30.072169285228959 ], [ 31.371663393467767, 30.068282221464631 ], [ 31.367171817047169, 30.068282221464631 ] ] ] } },
{ "type": "Feature", "properties": { "area_m2": 250000.0, "zone_code": "NSR-GRID-093" }, "geometry": { "type": "Polygon", "coordinates": [ [ [ 31.371663393467767, 30.068282221464631 ], [ 31.371663393467767, 30.072169285228959 ], [ 31.376154969888365, 30.072169285228959 ], [ 31.376154969888365, 30.068282221464631 ], [ 31.371663393467767, 30.068282221464631 ] ] ] } },
{ "type": "Feature", "properties": { "area_m2": 250000.0, "zone_code": "NSR-GRID-094" }, "geometry": { "type": "Polygon", "coordinates": [ [ [ 31.376154969888365, 30.068282221464631 ], [ 31.376154969888365, 30.072169285228959 ], [ 31.380646546308967, 30.072169285228959 ], [ 31.380646546308967, 30.068282221464631 ], [ 31.376154969888365, 30.068282221464631 ] ] ] } },
{ "type": "Feature", "properties": { "area_m2": 250000.0, "zone_code": "NSR-GRID-095" }, "geometry": { "type": "Polygon", "coordinates": [ [ [ 31.380646546308967, 30.068282221464631 ], [ 31.380646546308967, 30.072169285228959 ], [ 31.385138122729565, 30.072169285228959 ], [ 31.385138122729565, 30.068282221464631 ], [ 31.380646546308967, 30.068282221464631 ] ] ] } },
{ "type": "Feature", "properties": { "area_m2": 250000.0, "zone_code": "NSR-GRID-096" }, "geometry": { "type": "Polygon", "coordinates": [ [ [ 31.385138122729565, 30.068282221464631 ], [ 31.385138122729565, 30.072169285228959 ], [ 31.389629699150163, 30.072169285228959 ], [ 31.389629699150163, 30.068282221464631 ], [ 31.385138122729565, 30.068282221464631 ] ] ] } },
{ "type": "Feature", "properties": { "area_m2": 250000.0, "zone_code": "NSR-GRID-097" }, "geometry": { "type": "Polygon", "coordinates": [ [ [ 31.389629699150163, 30.068282221464631 ], [ 31.389629699150163, 30.072169285228959 ], [ 31.394121275570754, 30.072169285228959 ], [ 31.394121275570754, 30.068282221464631 ], [ 31.389629699150163, 30.068282221464631 ] ] ] } },
{ "type": "Feature", "properties": { "area_m2": 250000.0, "zone_code": "NSR-GRID-098" }, "geometry": { "type": "Polygon", "coordinates": [ [ [ 31.394121275570754, 30.068282221464631 ], [ 31.394121275570754, 30.072169285228959 ], [ 31.398612851991352, 30.072169285228959 ], [ 31.398612851991352, 30.068282221464631 ], [ 31.394121275570754, 30.068282221464631 ] ] ] } },
{ "type": "Feature", "properties": { "area_m2": 250000.0, "zone_code": "NSR-GRID-099" }, "geometry": { "type": "Polygon", "coordinates": [ [ [ 31.398612851991352, 30.068282221464631 ], [ 31.398612851991352, 30.072169285228959 ], [ 31.403104428411954, 30.072169285228959 ], [ 31.403104428411954, 30.068282221464631 ], [ 31.398612851991352, 30.068282221464631 ] ] ] } },
{ "type": "Feature", "properties": { "area_m2": 250000.0, "zone_code": "NSR-GRID-100" }, "geometry": { "type": "Polygon", "coordinates": [ [ [ 31.403104428411954, 30.068282221464631 ], [ 31.403104428411954, 30.072169285228959 ], [ 31.407596004832552, 30.072169285228959 ], [ 31.407596004832552, 30.068282221464631 ], [ 31.403104428411954, 30.068282221464631 ] ] ] } },
{ "type": "Feature", "properties": { "area_m2": 250000.0, "zone_code": "NSR-GRID-101" }, "geometry": { "type": "Polygon", "coordinates": [ [ [ 31.407596004832552, 30.068282221464631 ], [ 31.407596004832552, 30.072169285228959 ], [ 31.41208758125315, 30.072169285228959 ], [ 31.41208758125315, 30.068282221464631 ], [ 31.407596004832552, 30.068282221464631 ] ] ] } },
{ "type": "Feature", "properties": { "area_m2": 250000.0, "zone_code": "NSR-GRID-102" }, "geometry": { "type": "Polygon", "coordinates": [ [ [ 31.41208758125315, 30.068282221464631 ], [ 31.41208758125315, 30.072169285228959 ], [ 31.416579157673748, 30.072169285228959 ], [ 31.416579157673748, 30.068282221464631 ], [ 31.41208758125315, 30.068282221464631 ] ] ] } },
{ "type": "Feature", "properties": { "area_m2": 250000.0, "zone_code": "NSR-GRID-103" }, "geometry": { "type": "Polygon", "coordinates": [ [ [ 31.416579157673748, 30.068282221464631 ], [ 31.416579157673748, 30.072169285228959 ], [ 31.421070734094339, 30.072169285228959 ], [ 31.421070734094339, 30.068282221464631 ], [ 31.416579157673748, 30.068282221464631 ] ] ] } },
{ "type": "Feature", "properties": { "area_m2": 88516.043903826096, "zone_code": "NSR-GRID-104" }, "geometry": { "type": "Polygon", "coordinates": [ [ [ 31.421070734094339, 30.068282221464631 ], [ 31.425248552861458, 30.068282221464631 ], [ 31.4251755, 30.0682228 ], [ 31.4226475, 30.0664334 ], [ 31.421070734094339, 30.065352117234557 ], [ 31.421070734094339, 30.068282221464631 ] ] ] } },
{ "type": "Feature", "properties": { "area_m2": 96250.821776824654, "zone_code": "NSR-GRID-105" }, "geometry": { "type": "Polygon", "coordinates": [ [ [ 31.322256052841194, 30.068282221464631 ], [ 31.322256052841194, 30.064395005024021 ], [ 31.321508474791283, 30.064395005024021 ], [ 31.3207722, 30.065661 ], [ 31.3201768, 30.0670489 ], [ 31.319734840459528, 30.068282221464631 ], [ 31.322256052841194, 30.068282221464631 ] ] ] } },
{ "type": "Feature", "properties": { "area_m2": 242291.92342275527, "zone_code": "NSR-GRID-106" }, "geometry": { "type": "Polygon", "coordinates": [ [ [ 31.416579157673748, 30.064395005024021 ], [ 31.416579157673748, 30.068282221464631 ], [ 31.421070734094339, 30.068282221464631 ], [ 31.421070734094339, 30.065352117234557 ], [ 31.4207935, 30.065162 ], [ 31.420012943530718, 30.064395005024021 ], [ 31.416579157673748, 30.064395005024021 ] ] ] } },
{ "type": "Feature", "properties": { "area_m2": 250000.0, "zone_code": "NSR-GRID-107" }, "geometry": { "type": "Polygon", "coordinates": [ [ [ 31.322256052841194, 30.064395005024021 ], [ 31.322256052841194, 30.068282221464631 ], [ 31.326747629261792, 30.068282221464631 ], [ 31.326747629261792, 30.064395005024021 ], [ 31.322256052841194, 30.064395005024021 ] ] ] } },
{ "type": "Feature", "properties": { "area_m2": 250000.0, "zone_code": "NSR-GRID-108" }, "geometry": { "type": "Polygon", "coordinates": [ [ [ 31.326747629261792, 30.064395005024021 ], [ 31.326747629261792, 30.068282221464631 ], [ 31.331239205682394, 30.068282221464631 ], [ 31.331239205682394, 30.064395005024021 ], [ 31.326747629261792, 30.064395005024021 ] ] ] } },
{ "type": "Feature", "properties": { "area_m2": 250000.0, "zone_code": "NSR-GRID-109" }, "geometry": { "type": "Polygon", "coordinates": [ [ [ 31.331239205682394, 30.064395005024021 ], [ 31.331239205682394, 30.068282221464631 ], [ 31.335730782102992, 30.068282221464631 ], [ 31.335730782102992, 30.064395005024021 ], [ 31.331239205682394, 30.064395005024021 ] ] ] } },
{ "type": "Feature", "properties": { "area_m2": 250000.0, "zone_code": "NSR-GRID-110" }, "geometry": { "type": "Polygon", "coordinates": [ [ [ 31.335730782102992, 30.064395005024021 ], [ 31.335730782102992, 30.068282221464631 ], [ 31.340222358523583, 30.068282221464631 ], [ 31.340222358523583, 30.064395005024021 ], [ 31.335730782102992, 30.064395005024021 ] ] ] } },
{ "type": "Feature", "properties": { "area_m2": 250000.0, "zone_code": "NSR-GRID-111" }, "geometry": { "type": "Polygon", "coordinates": [ [ [ 31.340222358523583, 30.064395005024021 ], [ 31.340222358523583, 30.068282221464631 ], [ 31.344713934944181, 30.068282221464631 ], [ 31.344713934944181, 30.064395005024021 ], [ 31.340222358523583, 30.064395005024021 ] ] ] } },
{ "type": "Feature", "properties": { "area_m2": 250000.0, "zone_code": "NSR-GRID-112" }, "geometry": { "type": "Polygon", "coordinates": [ [ [ 31.344713934944181, 30.064395005024021 ], [ 31.344713934944181, 30.068282221464631 ], [ 31.349205511364779, 30.068282221464631 ], [ 31.349205511364779, 30.064395005024021 ], [ 31.344713934944181, 30.064395005024021 ] ] ] } },
{ "type": "Feature", "properties": { "area_m2": 250000.0, "zone_code": "NSR-GRID-113" }, "geometry": { "type": "Polygon", "coordinates": [ [ [ 31.349205511364779, 30.064395005024021 ], [ 31.349205511364779, 30.068282221464631 ], [ 31.353697087785381, 30.068282221464631 ], [ 31.353697087785381, 30.064395005024021 ], [ 31.349205511364779, 30.064395005024021 ] ] ] } },
{ "type": "Feature", "properties": { "area_m2": 250000.0, "zone_code": "NSR-GRID-114" }, "geometry": { "type": "Polygon", "coordinates": [ [ [ 31.353697087785381, 30.064395005024021 ], [ 31.353697087785381, 30.068282221464631 ], [ 31.358188664205979, 30.068282221464631 ], [ 31.358188664205979, 30.064395005024021 ], [ 31.353697087785381, 30.064395005024021 ] ] ] } },
{ "type": "Feature", "properties": { "area_m2": 250000.0, "zone_code": "NSR-GRID-115" }, "geometry": { "type": "Polygon", "coordinates": [ [ [ 31.358188664205979, 30.064395005024021 ], [ 31.358188664205979, 30.068282221464631 ], [ 31.362680240626577, 30.068282221464631 ], [ 31.362680240626577, 30.064395005024021 ], [ 31.358188664205979, 30.064395005024021 ] ] ] } },
{ "type": "Feature", "properties": { "area_m2": 250000.0, "zone_code": "NSR-GRID-116" }, "geometry": { "type": "Polygon", "coordinates": [ [ [ 31.362680240626577, 30.064395005024021 ], [ 31.362680240626577, 30.068282221464631 ], [ 31.367171817047169, 30.068282221464631 ], [ 31.367171817047169, 30.064395005024021 ], [ 31.362680240626577, 30.064395005024021 ] ] ] } },
{ "type": "Feature", "properties": { "area_m2": 250000.0, "zone_code": "NSR-GRID-117" }, "geometry": { "type": "Polygon", "coordinates": [ [ [ 31.367171817047169, 30.064395005024021 ], [ 31.367171817047169, 30.068282221464631 ], [ 31.371663393467767, 30.068282221464631 ], [ 31.371663393467767, 30.064395005024021 ], [ 31.367171817047169, 30.064395005024021 ] ] ] } },
{ "type": "Feature", "properties": { "area_m2": 250000.0, "zone_code": "NSR-GRID-118" }, "geometry": { "type": "Polygon", "coordinates": [ [ [ 31.371663393467767, 30.064395005024021 ], [ 31.371663393467767, 30.068282221464631 ], [ 31.376154969888365, 30.068282221464631 ], [ 31.376154969888365, 30.064395005024021 ], [ 31.371663393467767, 30.064395005024021 ] ] ] } },
{ "type": "Feature", "properties": { "area_m2": 250000.0, "zone_code": "NSR-GRID-119" }, "geometry": { "type": "Polygon", "coordinates": [ [ [ 31.376154969888365, 30.064395005024021 ], [ 31.376154969888365, 30.068282221464631 ], [ 31.380646546308967, 30.068282221464631 ], [ 31.380646546308967, 30.064395005024021 ], [ 31.376154969888365, 30.064395005024021 ] ] ] } },
{ "type": "Feature", "properties": { "area_m2": 250000.0, "zone_code": "NSR-GRID-120" }, "geometry": { "type": "Polygon", "coordinates": [ [ [ 31.380646546308967, 30.064395005024021 ], [ 31.380646546308967, 30.068282221464631 ], [ 31.385138122729565, 30.068282221464631 ], [ 31.385138122729565, 30.064395005024021 ], [ 31.380646546308967, 30.064395005024021 ] ] ] } },
{ "type": "Feature", "properties": { "area_m2": 250000.0, "zone_code": "NSR-GRID-121" }, "geometry": { "type": "Polygon", "coordinates": [ [ [ 31.385138122729565, 30.064395005024021 ], [ 31.385138122729565, 30.068282221464631 ], [ 31.389629699150163, 30.068282221464631 ], [ 31.389629699150163, 30.064395005024021 ], [ 31.385138122729565, 30.064395005024021 ] ] ] } },
{ "type": "Feature", "properties": { "area_m2": 250000.0, "zone_code": "NSR-GRID-122" }, "geometry": { "type": "Polygon", "coordinates": [ [ [ 31.389629699150163, 30.064395005024021 ], [ 31.389629699150163, 30.068282221464631 ], [ 31.394121275570754, 30.068282221464631 ], [ 31.394121275570754, 30.064395005024021 ], [ 31.389629699150163, 30.064395005024021 ] ] ] } },
{ "type": "Feature", "properties": { "area_m2": 250000.0, "zone_code": "NSR-GRID-123" }, "geometry": { "type": "Polygon", "coordinates": [ [ [ 31.394121275570754, 30.064395005024021 ], [ 31.394121275570754, 30.068282221464631 ], [ 31.398612851991352, 30.068282221464631 ], [ 31.398612851991352, 30.064395005024021 ], [ 31.394121275570754, 30.064395005024021 ] ] ] } },
{ "type": "Feature", "properties": { "area_m2": 250000.0, "zone_code": "NSR-GRID-124" }, "geometry": { "type": "Polygon", "coordinates": [ [ [ 31.398612851991352, 30.064395005024021 ], [ 31.398612851991352, 30.068282221464631 ], [ 31.403104428411954, 30.068282221464631 ], [ 31.403104428411954, 30.064395005024021 ], [ 31.398612851991352, 30.064395005024021 ] ] ] } },
{ "type": "Feature", "properties": { "area_m2": 250000.0, "zone_code": "NSR-GRID-125" }, "geometry": { "type": "Polygon", "coordinates": [ [ [ 31.403104428411954, 30.064395005024021 ], [ 31.403104428411954, 30.068282221464631 ], [ 31.407596004832552, 30.068282221464631 ], [ 31.407596004832552, 30.064395005024021 ], [ 31.403104428411954, 30.064395005024021 ] ] ] } },
{ "type": "Feature", "properties": { "area_m2": 250000.0, "zone_code": "NSR-GRID-126" }, "geometry": { "type": "Polygon", "coordinates": [ [ [ 31.407596004832552, 30.064395005024021 ], [ 31.407596004832552, 30.068282221464631 ], [ 31.41208758125315, 30.068282221464631 ], [ 31.41208758125315, 30.064395005024021 ], [ 31.407596004832552, 30.064395005024021 ] ] ] } },
{ "type": "Feature", "properties": { "area_m2": 250000.0, "zone_code": "NSR-GRID-127" }, "geometry": { "type": "Polygon", "coordinates": [ [ [ 31.41208758125315, 30.064395005024021 ], [ 31.41208758125315, 30.068282221464631 ], [ 31.416579157673748, 30.068282221464631 ], [ 31.416579157673748, 30.064395005024021 ], [ 31.41208758125315, 30.064395005024021 ] ] ] } },
{ "type": "Feature", "properties": { "area_m2": 6879.7376864650496, "zone_code": "NSR-GRID-128" }, "geometry": { "type": "Polygon", "coordinates": [ [ [ 31.322256052841194, 30.064395005024021 ], [ 31.322256052841194, 30.063109557980901 ], [ 31.321508474791283, 30.064395005024021 ], [ 31.322256052841194, 30.064395005024021 ] ] ] } },
{ "type": "Feature", "properties": { "area_m2": 86879.089468039194, "zone_code": "NSR-GRID-129" }, "geometry": { "type": "Polygon", "coordinates": [ [ [ 31.416579157673748, 30.064395005024021 ], [ 31.420012943530718, 30.064395005024021 ], [ 31.4181906, 30.0626043 ], [ 31.416579157673748, 30.060679953030998 ], [ 31.416579157673748, 30.064395005024021 ] ] ] } },
{ "type": "Feature", "properties": { "area_m2": 221985.7690418881, "zone_code": "NSR-GRID-130" }, "geometry": { "type": "Polygon", "coordinates": [ [ [ 31.322256052841194, 30.064395005024021 ], [ 31.326747629261792, 30.064395005024021 ], [ 31.326747629261792, 30.060507635919031 ], [ 31.323759049574754, 30.060507635919031 ], [ 31.322397, 30.0628672 ], [ 31.322256052841194, 30.063109557980901 ], [ 31.322256052841194, 30.064395005024021 ] ] ] } },
{ "type": "Feature", "properties": { "area_m2": 249821.99553600844, "zone_code": "NSR-GRID-131" }, "geometry": { "type": "Polygon", "coordinates": [ [ [ 31.41208758125315, 30.060507635919031 ], [ 31.41208758125315, 30.064395005024021 ], [ 31.416579157673748, 30.064395005024021 ], [ 31.416579157673748, 30.060679953030998 ], [ 31.416434861373908, 30.060507635919031 ], [ 31.41208758125315, 30.060507635919031 ] ] ] } },
{ "type": "Feature", "properties": { "area_m2": 250000.0, "zone_code": "NSR-GRID-132" }, "geometry": { "type": "Polygon", "coordinates": [ [ [ 31.326747629261792, 30.060507635919031 ], [ 31.326747629261792, 30.064395005024021 ], [ 31.331239205682394, 30.064395005024021 ], [ 31.331239205682394, 30.060507635919031 ], [ 31.326747629261792, 30.060507635919031 ] ] ] } },
{ "type": "Feature", "properties": { "area_m2": 250000.0, "zone_code": "NSR-GRID-133" }, "geometry": { "type": "Polygon", "coordinates": [ [ [ 31.331239205682394, 30.060507635919031 ], [ 31.331239205682394, 30.064395005024021 ], [ 31.335730782102992, 30.064395005024021 ], [ 31.335730782102992, 30.060507635919031 ], [ 31.331239205682394, 30.060507635919031 ] ] ] } },
{ "type": "Feature", "properties": { "area_m2": 250000.0, "zone_code": "NSR-GRID-134" }, "geometry": { "type": "Polygon", "coordinates": [ [ [ 31.335730782102992, 30.060507635919031 ], [ 31.335730782102992, 30.064395005024021 ], [ 31.340222358523583, 30.064395005024021 ], [ 31.340222358523583, 30.060507635919031 ], [ 31.335730782102992, 30.060507635919031 ] ] ] } },
{ "type": "Feature", "properties": { "area_m2": 250000.0, "zone_code": "NSR-GRID-135" }, "geometry": { "type": "Polygon", "coordinates": [ [ [ 31.340222358523583, 30.060507635919031 ], [ 31.340222358523583, 30.064395005024021 ], [ 31.344713934944181, 30.064395005024021 ], [ 31.344713934944181, 30.060507635919031 ], [ 31.340222358523583, 30.060507635919031 ] ] ] } },
{ "type": "Feature", "properties": { "area_m2": 250000.0, "zone_code": "NSR-GRID-136" }, "geometry": { "type": "Polygon", "coordinates": [ [ [ 31.344713934944181, 30.060507635919031 ], [ 31.344713934944181, 30.064395005024021 ], [ 31.349205511364779, 30.064395005024021 ], [ 31.349205511364779, 30.060507635919031 ], [ 31.344713934944181, 30.060507635919031 ] ] ] } },
{ "type": "Feature", "properties": { "area_m2": 250000.0, "zone_code": "NSR-GRID-137" }, "geometry": { "type": "Polygon", "coordinates": [ [ [ 31.349205511364779, 30.060507635919031 ], [ 31.349205511364779, 30.064395005024021 ], [ 31.353697087785381, 30.064395005024021 ], [ 31.353697087785381, 30.060507635919031 ], [ 31.349205511364779, 30.060507635919031 ] ] ] } },
{ "type": "Feature", "properties": { "area_m2": 250000.0, "zone_code": "NSR-GRID-138" }, "geometry": { "type": "Polygon", "coordinates": [ [ [ 31.353697087785381, 30.060507635919031 ], [ 31.353697087785381, 30.064395005024021 ], [ 31.358188664205979, 30.064395005024021 ], [ 31.358188664205979, 30.060507635919031 ], [ 31.353697087785381, 30.060507635919031 ] ] ] } },
{ "type": "Feature", "properties": { "area_m2": 250000.0, "zone_code": "NSR-GRID-139" }, "geometry": { "type": "Polygon", "coordinates": [ [ [ 31.358188664205979, 30.060507635919031 ], [ 31.358188664205979, 30.064395005024021 ], [ 31.362680240626577, 30.064395005024021 ], [ 31.362680240626577, 30.060507635919031 ], [ 31.358188664205979, 30.060507635919031 ] ] ] } },
{ "type": "Feature", "properties": { "area_m2": 250000.0, "zone_code": "NSR-GRID-140" }, "geometry": { "type": "Polygon", "coordinates": [ [ [ 31.362680240626577, 30.060507635919031 ], [ 31.362680240626577, 30.064395005024021 ], [ 31.367171817047169, 30.064395005024021 ], [ 31.367171817047169, 30.060507635919031 ], [ 31.362680240626577, 30.060507635919031 ] ] ] } },
{ "type": "Feature", "properties": { "area_m2": 250000.0, "zone_code": "NSR-GRID-141" }, "geometry": { "type": "Polygon", "coordinates": [ [ [ 31.367171817047169, 30.060507635919031 ], [ 31.367171817047169, 30.064395005024021 ], [ 31.371663393467767, 30.064395005024021 ], [ 31.371663393467767, 30.060507635919031 ], [ 31.367171817047169, 30.060507635919031 ] ] ] } },
{ "type": "Feature", "properties": { "area_m2": 250000.0, "zone_code": "NSR-GRID-142" }, "geometry": { "type": "Polygon", "coordinates": [ [ [ 31.371663393467767, 30.060507635919031 ], [ 31.371663393467767, 30.064395005024021 ], [ 31.376154969888365, 30.064395005024021 ], [ 31.376154969888365, 30.060507635919031 ], [ 31.371663393467767, 30.060507635919031 ] ] ] } },
{ "type": "Feature", "properties": { "area_m2": 250000.0, "zone_code": "NSR-GRID-143" }, "geometry": { "type": "Polygon", "coordinates": [ [ [ 31.376154969888365, 30.060507635919031 ], [ 31.376154969888365, 30.064395005024021 ], [ 31.380646546308967, 30.064395005024021 ], [ 31.380646546308967, 30.060507635919031 ], [ 31.376154969888365, 30.060507635919031 ] ] ] } },
{ "type": "Feature", "properties": { "area_m2": 250000.0, "zone_code": "NSR-GRID-144" }, "geometry": { "type": "Polygon", "coordinates": [ [ [ 31.380646546308967, 30.060507635919031 ], [ 31.380646546308967, 30.064395005024021 ], [ 31.385138122729565, 30.064395005024021 ], [ 31.385138122729565, 30.060507635919031 ], [ 31.380646546308967, 30.060507635919031 ] ] ] } },
{ "type": "Feature", "properties": { "area_m2": 250000.0, "zone_code": "NSR-GRID-145" }, "geometry": { "type": "Polygon", "coordinates": [ [ [ 31.385138122729565, 30.060507635919031 ], [ 31.385138122729565, 30.064395005024021 ], [ 31.389629699150163, 30.064395005024021 ], [ 31.389629699150163, 30.060507635919031 ], [ 31.385138122729565, 30.060507635919031 ] ] ] } },
{ "type": "Feature", "properties": { "area_m2": 250000.0, "zone_code": "NSR-GRID-146" }, "geometry": { "type": "Polygon", "coordinates": [ [ [ 31.389629699150163, 30.060507635919031 ], [ 31.389629699150163, 30.064395005024021 ], [ 31.394121275570754, 30.064395005024021 ], [ 31.394121275570754, 30.060507635919031 ], [ 31.389629699150163, 30.060507635919031 ] ] ] } },
{ "type": "Feature", "properties": { "area_m2": 250000.0, "zone_code": "NSR-GRID-147" }, "geometry": { "type": "Polygon", "coordinates": [ [ [ 31.394121275570754, 30.060507635919031 ], [ 31.394121275570754, 30.064395005024021 ], [ 31.398612851991352, 30.064395005024021 ], [ 31.398612851991352, 30.060507635919031 ], [ 31.394121275570754, 30.060507635919031 ] ] ] } },
{ "type": "Feature", "properties": { "area_m2": 250000.0, "zone_code": "NSR-GRID-148" }, "geometry": { "type": "Polygon", "coordinates": [ [ [ 31.398612851991352, 30.060507635919031 ], [ 31.398612851991352, 30.064395005024021 ], [ 31.403104428411954, 30.064395005024021 ], [ 31.403104428411954, 30.060507635919031 ], [ 31.398612851991352, 30.060507635919031 ] ] ] } },
{ "type": "Feature", "properties": { "area_m2": 250000.0, "zone_code": "NSR-GRID-149" }, "geometry": { "type": "Polygon", "coordinates": [ [ [ 31.403104428411954, 30.060507635919031 ], [ 31.403104428411954, 30.064395005024021 ], [ 31.407596004832552, 30.064395005024021 ], [ 31.407596004832552, 30.060507635919031 ], [ 31.403104428411954, 30.060507635919031 ] ] ] } },
{ "type": "Feature", "properties": { "area_m2": 250000.0, "zone_code": "NSR-GRID-150" }, "geometry": { "type": "Polygon", "coordinates": [ [ [ 31.407596004832552, 30.060507635919031 ], [ 31.407596004832552, 30.064395005024021 ], [ 31.41208758125315, 30.064395005024021 ], [ 31.41208758125315, 30.060507635919031 ], [ 31.407596004832552, 30.060507635919031 ] ] ] } },
{ "type": "Feature", "properties": { "area_m2": 150722.61378550413, "zone_code": "NSR-GRID-151" }, "geometry": { "type": "Polygon", "coordinates": [ [ [ 31.41208758125315, 30.056620114161532 ], [ 31.41208758125315, 30.060507635919031 ], [ 31.416434861373908, 30.060507635919031 ], [ 31.415953, 30.0599322 ], [ 31.4138224, 30.0574153 ], [ 31.413161015291209, 30.056620114161532 ], [ 31.41208758125315, 30.056620114161532 ] ] ] } },
{ "type": "Feature", "properties": { "area_m2": 141961.33120910855, "zone_code": "NSR-GRID-152" }, "geometry": { "type": "Polygon", "coordinates": [ [ [ 31.326747629261792, 30.060507635919031 ], [ 31.326747629261792, 30.056620114161532 ], [ 31.324525527109831, 30.056620114161532 ], [ 31.3241382, 30.0590633 ], [ 31.3238344, 30.0603771 ], [ 31.323759049574754, 30.060507635919031 ], [ 31.326747629261792, 30.060507635919031 ] ] ] } },
{ "type": "Feature", "properties": { "area_m2": 250000.0, "zone_code": "NSR-GRID-153" }, "geometry": { "type": "Polygon", "coordinates": [ [ [ 31.326747629261792, 30.056620114161532 ], [ 31.326747629261792, 30.060507635919031 ], [ 31.331239205682394, 30.060507635919031 ], [ 31.331239205682394, 30.056620114161532 ], [ 31.326747629261792, 30.056620114161532 ] ] ] } },
{ "type": "Feature", "properties": { "area_m2": 250000.0, "zone_code": "NSR-GRID-154" }, "geometry": { "type": "Polygon", "coordinates": [ [ [ 31.331239205682394, 30.056620114161532 ], [ 31.331239205682394, 30.060507635919031 ], [ 31.335730782102992, 30.060507635919031 ], [ 31.335730782102992, 30.056620114161532 ], [ 31.331239205682394, 30.056620114161532 ] ] ] } },
{ "type": "Feature", "properties": { "area_m2": 250000.0, "zone_code": "NSR-GRID-155" }, "geometry": { "type": "Polygon", "coordinates": [ [ [ 31.335730782102992, 30.056620114161532 ], [ 31.335730782102992, 30.060507635919031 ], [ 31.340222358523583, 30.060507635919031 ], [ 31.340222358523583, 30.056620114161532 ], [ 31.335730782102992, 30.056620114161532 ] ] ] } },
{ "type": "Feature", "properties": { "area_m2": 250000.0, "zone_code": "NSR-GRID-156" }, "geometry": { "type": "Polygon", "coordinates": [ [ [ 31.340222358523583, 30.056620114161532 ], [ 31.340222358523583, 30.060507635919031 ], [ 31.344713934944181, 30.060507635919031 ], [ 31.344713934944181, 30.056620114161532 ], [ 31.340222358523583, 30.056620114161532 ] ] ] } },
{ "type": "Feature", "properties": { "area_m2": 250000.0, "zone_code": "NSR-GRID-157" }, "geometry": { "type": "Polygon", "coordinates": [ [ [ 31.344713934944181, 30.056620114161532 ], [ 31.344713934944181, 30.060507635919031 ], [ 31.349205511364779, 30.060507635919031 ], [ 31.349205511364779, 30.056620114161532 ], [ 31.344713934944181, 30.056620114161532 ] ] ] } },
{ "type": "Feature", "properties": { "area_m2": 250000.0, "zone_code": "NSR-GRID-158" }, "geometry": { "type": "Polygon", "coordinates": [ [ [ 31.349205511364779, 30.056620114161532 ], [ 31.349205511364779, 30.060507635919031 ], [ 31.353697087785381, 30.060507635919031 ], [ 31.353697087785381, 30.056620114161532 ], [ 31.349205511364779, 30.056620114161532 ] ] ] } },
{ "type": "Feature", "properties": { "area_m2": 250000.0, "zone_code": "NSR-GRID-159" }, "geometry": { "type": "Polygon", "coordinates": [ [ [ 31.353697087785381, 30.056620114161532 ], [ 31.353697087785381, 30.060507635919031 ], [ 31.358188664205979, 30.060507635919031 ], [ 31.358188664205979, 30.056620114161532 ], [ 31.353697087785381, 30.056620114161532 ] ] ] } },
{ "type": "Feature", "properties": { "area_m2": 250000.0, "zone_code": "NSR-GRID-160" }, "geometry": { "type": "Polygon", "coordinates": [ [ [ 31.358188664205979, 30.056620114161532 ], [ 31.358188664205979, 30.060507635919031 ], [ 31.362680240626577, 30.060507635919031 ], [ 31.362680240626577, 30.056620114161532 ], [ 31.358188664205979, 30.056620114161532 ] ] ] } },
{ "type": "Feature", "properties": { "area_m2": 250000.0, "zone_code": "NSR-GRID-161" }, "geometry": { "type": "Polygon", "coordinates": [ [ [ 31.362680240626577, 30.056620114161532 ], [ 31.362680240626577, 30.060507635919031 ], [ 31.367171817047169, 30.060507635919031 ], [ 31.367171817047169, 30.056620114161532 ], [ 31.362680240626577, 30.056620114161532 ] ] ] } },
{ "type": "Feature", "properties": { "area_m2": 250000.0, "zone_code": "NSR-GRID-162" }, "geometry": { "type": "Polygon", "coordinates": [ [ [ 31.367171817047169, 30.056620114161532 ], [ 31.367171817047169, 30.060507635919031 ], [ 31.371663393467767, 30.060507635919031 ], [ 31.371663393467767, 30.056620114161532 ], [ 31.367171817047169, 30.056620114161532 ] ] ] } },
{ "type": "Feature", "properties": { "area_m2": 250000.0, "zone_code": "NSR-GRID-163" }, "geometry": { "type": "Polygon", "coordinates": [ [ [ 31.371663393467767, 30.056620114161532 ], [ 31.371663393467767, 30.060507635919031 ], [ 31.376154969888365, 30.060507635919031 ], [ 31.376154969888365, 30.056620114161532 ], [ 31.371663393467767, 30.056620114161532 ] ] ] } },
{ "type": "Feature", "properties": { "area_m2": 250000.0, "zone_code": "NSR-GRID-164" }, "geometry": { "type": "Polygon", "coordinates": [ [ [ 31.376154969888365, 30.056620114161532 ], [ 31.376154969888365, 30.060507635919031 ], [ 31.380646546308967, 30.060507635919031 ], [ 31.380646546308967, 30.056620114161532 ], [ 31.376154969888365, 30.056620114161532 ] ] ] } },
{ "type": "Feature", "properties": { "area_m2": 250000.0, "zone_code": "NSR-GRID-165" }, "geometry": { "type": "Polygon", "coordinates": [ [ [ 31.380646546308967, 30.056620114161532 ], [ 31.380646546308967, 30.060507635919031 ], [ 31.385138122729565, 30.060507635919031 ], [ 31.385138122729565, 30.056620114161532 ], [ 31.380646546308967, 30.056620114161532 ] ] ] } },
{ "type": "Feature", "properties": { "area_m2": 250000.0, "zone_code": "NSR-GRID-166" }, "geometry": { "type": "Polygon", "coordinates": [ [ [ 31.385138122729565, 30.056620114161532 ], [ 31.385138122729565, 30.060507635919031 ], [ 31.389629699150163, 30.060507635919031 ], [ 31.389629699150163, 30.056620114161532 ], [ 31.385138122729565, 30.056620114161532 ] ] ] } },
{ "type": "Feature", "properties": { "area_m2": 250000.0, "zone_code": "NSR-GRID-167" }, "geometry": { "type": "Polygon", "coordinates": [ [ [ 31.389629699150163, 30.056620114161532 ], [ 31.389629699150163, 30.060507635919031 ], [ 31.394121275570754, 30.060507635919031 ], [ 31.394121275570754, 30.056620114161532 ], [ 31.389629699150163, 30.056620114161532 ] ] ] } },
{ "type": "Feature", "properties": { "area_m2": 250000.0, "zone_code": "NSR-GRID-168" }, "geometry": { "type": "Polygon", "coordinates": [ [ [ 31.394121275570754, 30.056620114161532 ], [ 31.394121275570754, 30.060507635919031 ], [ 31.398612851991352, 30.060507635919031 ], [ 31.398612851991352, 30.056620114161532 ], [ 31.394121275570754, 30.056620114161532 ] ] ] } },
{ "type": "Feature", "properties": { "area_m2": 250000.0, "zone_code": "NSR-GRID-169" }, "geometry": { "type": "Polygon", "coordinates": [ [ [ 31.398612851991352, 30.056620114161532 ], [ 31.398612851991352, 30.060507635919031 ], [ 31.403104428411954, 30.060507635919031 ], [ 31.403104428411954, 30.056620114161532 ], [ 31.398612851991352, 30.056620114161532 ] ] ] } },
{ "type": "Feature", "properties": { "area_m2": 250000.0, "zone_code": "NSR-GRID-170" }, "geometry": { "type": "Polygon", "coordinates": [ [ [ 31.403104428411954, 30.056620114161532 ], [ 31.403104428411954, 30.060507635919031 ], [ 31.407596004832552, 30.060507635919031 ], [ 31.407596004832552, 30.056620114161532 ], [ 31.403104428411954, 30.056620114161532 ] ] ] } },
{ "type": "Feature", "properties": { "area_m2": 250000.0, "zone_code": "NSR-GRID-171" }, "geometry": { "type": "Polygon", "coordinates": [ [ [ 31.407596004832552, 30.056620114161532 ], [ 31.407596004832552, 30.060507635919031 ], [ 31.41208758125315, 30.060507635919031 ], [ 31.41208758125315, 30.056620114161532 ], [ 31.407596004832552, 30.056620114161532 ] ] ] } },
{ "type": "Feature", "properties": { "area_m2": 9917.3768639762475, "zone_code": "NSR-GRID-172" }, "geometry": { "type": "Polygon", "coordinates": [ [ [ 31.41208758125315, 30.056620114161532 ], [ 31.413161015291209, 30.056620114161532 ], [ 31.41208758125315, 30.055329505949825 ], [ 31.41208758125315, 30.056620114161532 ] ] ] } },
{ "type": "Feature", "properties": { "area_m2": 209429.1362237932, "zone_code": "NSR-GRID-173" }, "geometry": { "type": "Polygon", "coordinates": [ [ [ 31.407596004832552, 30.052732439763453 ], [ 31.407596004832552, 30.056620114161532 ], [ 31.41208758125315, 30.056620114161532 ], [ 31.41208758125315, 30.055329505949825 ], [ 31.4115601, 30.0546953 ], [ 31.409898090104864, 30.052732439763453 ], [ 31.407596004832552, 30.052732439763453 ] ] ] } },
{ "type": "Feature", "properties": { "area_m2": 106460.87763702904, "zone_code": "NSR-GRID-174" }, "geometry": { "type": "Polygon", "coordinates": [ [ [ 31.326747629261792, 30.056620114161532 ], [ 31.326747629261792, 30.052732439763453 ], [ 31.325241426426246, 30.052732439763453 ], [ 31.3251262, 30.0528298 ], [ 31.3250972, 30.053014 ], [ 31.324525527109831, 30.056620114161532 ], [ 31.326747629261792, 30.056620114161532 ] ] ] } },
{ "type": "Feature", "properties": { "area_m2": 249874.90821999454, "zone_code": "NSR-GRID-175" }, "geometry": { "type": "Polygon", "coordinates": [ [ [ 31.326747629261792, 30.052732439763453 ], [ 31.326747629261792, 30.056620114161532 ], [ 31.331239205682394, 30.056620114161532 ], [ 31.331239205682394, 30.052732439763453 ], [ 31.327302176329447, 30.052732439763453 ], [ 31.3272972, 30.0527847 ], [ 31.326967793108562, 30.052732439763453 ], [ 31.326747629261792, 30.052732439763453 ] ] ] } },
{ "type": "Feature", "properties": { "area_m2": 250000.0, "zone_code": "NSR-GRID-176" }, "geometry": { "type": "Polygon", "coordinates": [ [ [ 31.331239205682394, 30.052732439763453 ], [ 31.331239205682394, 30.056620114161532 ], [ 31.335730782102992, 30.056620114161532 ], [ 31.335730782102992, 30.052732439763453 ], [ 31.331239205682394, 30.052732439763453 ] ] ] } },
{ "type": "Feature", "properties": { "area_m2": 250000.0, "zone_code": "NSR-GRID-177" }, "geometry": { "type": "Polygon", "coordinates": [ [ [ 31.335730782102992, 30.052732439763453 ], [ 31.335730782102992, 30.056620114161532 ], [ 31.340222358523583, 30.056620114161532 ], [ 31.340222358523583, 30.052732439763453 ], [ 31.335730782102992, 30.052732439763453 ] ] ] } },
{ "type": "Feature", "properties": { "area_m2": 250000.0, "zone_code": "NSR-GRID-178" }, "geometry": { "type": "Polygon", "coordinates": [ [ [ 31.340222358523583, 30.052732439763453 ], [ 31.340222358523583, 30.056620114161532 ], [ 31.344713934944181, 30.056620114161532 ], [ 31.344713934944181, 30.052732439763453 ], [ 31.340222358523583, 30.052732439763453 ] ] ] } },
{ "type": "Feature", "properties": { "area_m2": 250000.0, "zone_code": "NSR-GRID-179" }, "geometry": { "type": "Polygon", "coordinates": [ [ [ 31.344713934944181, 30.052732439763453 ], [ 31.344713934944181, 30.056620114161532 ], [ 31.349205511364779, 30.056620114161532 ], [ 31.349205511364779, 30.052732439763453 ], [ 31.344713934944181, 30.052732439763453 ] ] ] } },
{ "type": "Feature", "properties": { "area_m2": 250000.0, "zone_code": "NSR-GRID-180" }, "geometry": { "type": "Polygon", "coordinates": [ [ [ 31.349205511364779, 30.052732439763453 ], [ 31.349205511364779, 30.056620114161532 ], [ 31.353697087785381, 30.056620114161532 ], [ 31.353697087785381, 30.052732439763453 ], [ 31.349205511364779, 30.052732439763453 ] ] ] } },
{ "type": "Feature", "properties": { "area_m2": 250000.0, "zone_code": "NSR-GRID-181" }, "geometry": { "type": "Polygon", "coordinates": [ [ [ 31.353697087785381, 30.052732439763453 ], [ 31.353697087785381, 30.056620114161532 ], [ 31.358188664205979, 30.056620114161532 ], [ 31.358188664205979, 30.052732439763453 ], [ 31.353697087785381, 30.052732439763453 ] ] ] } },
{ "type": "Feature", "properties": { "area_m2": 250000.0, "zone_code": "NSR-GRID-182" }, "geometry": { "type": "Polygon", "coordinates": [ [ [ 31.358188664205979, 30.052732439763453 ], [ 31.358188664205979, 30.056620114161532 ], [ 31.362680240626577, 30.056620114161532 ], [ 31.362680240626577, 30.052732439763453 ], [ 31.358188664205979, 30.052732439763453 ] ] ] } },
{ "type": "Feature", "properties": { "area_m2": 250000.0, "zone_code": "NSR-GRID-183" }, "geometry": { "type": "Polygon", "coordinates": [ [ [ 31.362680240626577, 30.052732439763453 ], [ 31.362680240626577, 30.056620114161532 ], [ 31.367171817047169, 30.056620114161532 ], [ 31.367171817047169, 30.052732439763453 ], [ 31.362680240626577, 30.052732439763453 ] ] ] } },
{ "type": "Feature", "properties": { "area_m2": 250000.0, "zone_code": "NSR-GRID-184" }, "geometry": { "type": "Polygon", "coordinates": [ [ [ 31.367171817047169, 30.052732439763453 ], [ 31.367171817047169, 30.056620114161532 ], [ 31.371663393467767, 30.056620114161532 ], [ 31.371663393467767, 30.052732439763453 ], [ 31.367171817047169, 30.052732439763453 ] ] ] } },
{ "type": "Feature", "properties": { "area_m2": 250000.0, "zone_code": "NSR-GRID-185" }, "geometry": { "type": "Polygon", "coordinates": [ [ [ 31.371663393467767, 30.052732439763453 ], [ 31.371663393467767, 30.056620114161532 ], [ 31.376154969888365, 30.056620114161532 ], [ 31.376154969888365, 30.052732439763453 ], [ 31.371663393467767, 30.052732439763453 ] ] ] } },
{ "type": "Feature", "properties": { "area_m2": 250000.0, "zone_code": "NSR-GRID-186" }, "geometry": { "type": "Polygon", "coordinates": [ [ [ 31.376154969888365, 30.052732439763453 ], [ 31.376154969888365, 30.056620114161532 ], [ 31.380646546308967, 30.056620114161532 ], [ 31.380646546308967, 30.052732439763453 ], [ 31.376154969888365, 30.052732439763453 ] ] ] } },
{ "type": "Feature", "properties": { "area_m2": 250000.0, "zone_code": "NSR-GRID-187" }, "geometry": { "type": "Polygon", "coordinates": [ [ [ 31.380646546308967, 30.052732439763453 ], [ 31.380646546308967, 30.056620114161532 ], [ 31.385138122729565, 30.056620114161532 ], [ 31.385138122729565, 30.052732439763453 ], [ 31.380646546308967, 30.052732439763453 ] ] ] } },
{ "type": "Feature", "properties": { "area_m2": 250000.0, "zone_code": "NSR-GRID-188" }, "geometry": { "type": "Polygon", "coordinates": [ [ [ 31.385138122729565, 30.052732439763453 ], [ 31.385138122729565, 30.056620114161532 ], [ 31.389629699150163, 30.056620114161532 ], [ 31.389629699150163, 30.052732439763453 ], [ 31.385138122729565, 30.052732439763453 ] ] ] } },
{ "type": "Feature", "properties": { "area_m2": 250000.0, "zone_code": "NSR-GRID-189" }, "geometry": { "type": "Polygon", "coordinates": [ [ [ 31.389629699150163, 30.052732439763453 ], [ 31.389629699150163, 30.056620114161532 ], [ 31.394121275570754, 30.056620114161532 ], [ 31.394121275570754, 30.052732439763453 ], [ 31.389629699150163, 30.052732439763453 ] ] ] } },
{ "type": "Feature", "properties": { "area_m2": 250000.0, "zone_code": "NSR-GRID-190" }, "geometry": { "type": "Polygon", "coordinates": [ [ [ 31.394121275570754, 30.052732439763453 ], [ 31.394121275570754, 30.056620114161532 ], [ 31.398612851991352, 30.056620114161532 ], [ 31.398612851991352, 30.052732439763453 ], [ 31.394121275570754, 30.052732439763453 ] ] ] } },
{ "type": "Feature", "properties": { "area_m2": 250000.0, "zone_code": "NSR-GRID-191" }, "geometry": { "type": "Polygon", "coordinates": [ [ [ 31.398612851991352, 30.052732439763453 ], [ 31.398612851991352, 30.056620114161532 ], [ 31.403104428411954, 30.056620114161532 ], [ 31.403104428411954, 30.052732439763453 ], [ 31.398612851991352, 30.052732439763453 ] ] ] } },
{ "type": "Feature", "properties": { "area_m2": 250000.0, "zone_code": "NSR-GRID-192" }, "geometry": { "type": "Polygon", "coordinates": [ [ [ 31.403104428411954, 30.052732439763453 ], [ 31.403104428411954, 30.056620114161532 ], [ 31.407596004832552, 30.056620114161532 ], [ 31.407596004832552, 30.052732439763453 ], [ 31.403104428411954, 30.052732439763453 ] ] ] } },
{ "type": "Feature", "properties": { "area_m2": 2145.7562911523414, "zone_code": "NSR-GRID-193" }, "geometry": { "type": "Polygon", "coordinates": [ [ [ 31.326747629261792, 30.052732439763453 ], [ 31.326747629261792, 30.052697510865265 ], [ 31.3266278, 30.0526785 ], [ 31.3258836, 30.0526042 ], [ 31.3254132, 30.0525873 ], [ 31.325241426426246, 30.052732439763453 ], [ 31.326747629261792, 30.052732439763453 ] ] ] } },
{ "type": "Feature", "properties": { "area_m2": 44803.887605540192, "zone_code": "NSR-GRID-194" }, "geometry": { "type": "Polygon", "coordinates": [ [ [ 31.407596004832552, 30.052732439763453 ], [ 31.409898090104864, 30.052732439763453 ], [ 31.407596004832552, 30.050013576013651 ], [ 31.407596004832552, 30.052732439763453 ] ] ] } },
{ "type": "Feature", "properties": { "area_m2": 198555.73524261569, "zone_code": "NSR-GRID-195" }, "geometry": { "type": "MultiPolygon", "coordinates": [ [ [ [ 31.331239205682394, 30.052732439763453 ], [ 31.331239205682394, 30.048844612736701 ], [ 31.328113132449186, 30.048844612736701 ], [ 31.3279076, 30.0497348 ], [ 31.3276101, 30.0510161 ], [ 31.327353, 30.0521987 ], [ 31.327302176329447, 30.052732439763453 ], [ 31.331239205682394, 30.052732439763453 ] ] ], [ [ [ 31.326747629261792, 30.052732439763453 ], [ 31.326967793108562, 30.052732439763453 ], [ 31.326747629261792, 30.052697510865265 ], [ 31.326747629261792, 30.052732439763453 ] ] ] ] } },
{ "type": "Feature", "properties": { "area_m2": 242805.54699668582, "zone_code": "NSR-GRID-196" }, "geometry": { "type": "Polygon", "coordinates": [ [ [ 31.403104428411954, 30.048844612736701 ], [ 31.403104428411954, 30.052732439763453 ], [ 31.407596004832552, 30.052732439763453 ], [ 31.407596004832552, 30.050013576013651 ], [ 31.4074487, 30.0498396 ], [ 31.406758924697812, 30.048844612736701 ], [ 31.403104428411954, 30.048844612736701 ] ] ] } },
{ "type": "Feature", "properties": { "area_m2": 250000.0, "zone_code": "NSR-GRID-197" }, "geometry": { "type": "Polygon", "coordinates": [ [ [ 31.331239205682394, 30.048844612736701 ], [ 31.331239205682394, 30.052732439763453 ], [ 31.335730782102992, 30.052732439763453 ], [ 31.335730782102992, 30.048844612736701 ], [ 31.331239205682394, 30.048844612736701 ] ] ] } },
{ "type": "Feature", "properties": { "area_m2": 250000.0, "zone_code": "NSR-GRID-198" }, "geometry": { "type": "Polygon", "coordinates": [ [ [ 31.335730782102992, 30.048844612736701 ], [ 31.335730782102992, 30.052732439763453 ], [ 31.340222358523583, 30.052732439763453 ], [ 31.340222358523583, 30.048844612736701 ], [ 31.335730782102992, 30.048844612736701 ] ] ] } },
{ "type": "Feature", "properties": { "area_m2": 250000.0, "zone_code": "NSR-GRID-199" }, "geometry": { "type": "Polygon", "coordinates": [ [ [ 31.340222358523583, 30.048844612736701 ], [ 31.340222358523583, 30.052732439763453 ], [ 31.344713934944181, 30.052732439763453 ], [ 31.344713934944181, 30.048844612736701 ], [ 31.340222358523583, 30.048844612736701 ] ] ] } },
{ "type": "Feature", "properties": { "area_m2": 250000.0, "zone_code": "NSR-GRID-200" }, "geometry": { "type": "Polygon", "coordinates": [ [ [ 31.344713934944181, 30.048844612736701 ], [ 31.344713934944181, 30.052732439763453 ], [ 31.349205511364779, 30.052732439763453 ], [ 31.349205511364779, 30.048844612736701 ], [ 31.344713934944181, 30.048844612736701 ] ] ] } },
{ "type": "Feature", "properties": { "area_m2": 250000.0, "zone_code": "NSR-GRID-201" }, "geometry": { "type": "Polygon", "coordinates": [ [ [ 31.349205511364779, 30.048844612736701 ], [ 31.349205511364779, 30.052732439763453 ], [ 31.353697087785381, 30.052732439763453 ], [ 31.353697087785381, 30.048844612736701 ], [ 31.349205511364779, 30.048844612736701 ] ] ] } },
{ "type": "Feature", "properties": { "area_m2": 250000.0, "zone_code": "NSR-GRID-202" }, "geometry": { "type": "Polygon", "coordinates": [ [ [ 31.353697087785381, 30.048844612736701 ], [ 31.353697087785381, 30.052732439763453 ], [ 31.358188664205979, 30.052732439763453 ], [ 31.358188664205979, 30.048844612736701 ], [ 31.353697087785381, 30.048844612736701 ] ] ] } },
{ "type": "Feature", "properties": { "area_m2": 250000.0, "zone_code": "NSR-GRID-203" }, "geometry": { "type": "Polygon", "coordinates": [ [ [ 31.358188664205979, 30.048844612736701 ], [ 31.358188664205979, 30.052732439763453 ], [ 31.362680240626577, 30.052732439763453 ], [ 31.362680240626577, 30.048844612736701 ], [ 31.358188664205979, 30.048844612736701 ] ] ] } },
{ "type": "Feature", "properties": { "area_m2": 250000.0, "zone_code": "NSR-GRID-204" }, "geometry": { "type": "Polygon", "coordinates": [ [ [ 31.362680240626577, 30.048844612736701 ], [ 31.362680240626577, 30.052732439763453 ], [ 31.367171817047169, 30.052732439763453 ], [ 31.367171817047169, 30.048844612736701 ], [ 31.362680240626577, 30.048844612736701 ] ] ] } },
{ "type": "Feature", "properties": { "area_m2": 250000.0, "zone_code": "NSR-GRID-205" }, "geometry": { "type": "Polygon", "coordinates": [ [ [ 31.367171817047169, 30.048844612736701 ], [ 31.367171817047169, 30.052732439763453 ], [ 31.371663393467767, 30.052732439763453 ], [ 31.371663393467767, 30.048844612736701 ], [ 31.367171817047169, 30.048844612736701 ] ] ] } },
{ "type": "Feature", "properties": { "area_m2": 250000.0, "zone_code": "NSR-GRID-206" }, "geometry": { "type": "Polygon", "coordinates": [ [ [ 31.371663393467767, 30.048844612736701 ], [ 31.371663393467767, 30.052732439763453 ], [ 31.376154969888365, 30.052732439763453 ], [ 31.376154969888365, 30.048844612736701 ], [ 31.371663393467767, 30.048844612736701 ] ] ] } },
{ "type": "Feature", "properties": { "area_m2": 250000.0, "zone_code": "NSR-GRID-207" }, "geometry": { "type": "Polygon", "coordinates": [ [ [ 31.376154969888365, 30.048844612736701 ], [ 31.376154969888365, 30.052732439763453 ], [ 31.380646546308967, 30.052732439763453 ], [ 31.380646546308967, 30.048844612736701 ], [ 31.376154969888365, 30.048844612736701 ] ] ] } },
{ "type": "Feature", "properties": { "area_m2": 250000.0, "zone_code": "NSR-GRID-208" }, "geometry": { "type": "Polygon", "coordinates": [ [ [ 31.380646546308967, 30.048844612736701 ], [ 31.380646546308967, 30.052732439763453 ], [ 31.385138122729565, 30.052732439763453 ], [ 31.385138122729565, 30.048844612736701 ], [ 31.380646546308967, 30.048844612736701 ] ] ] } },
{ "type": "Feature", "properties": { "area_m2": 250000.0, "zone_code": "NSR-GRID-209" }, "geometry": { "type": "Polygon", "coordinates": [ [ [ 31.385138122729565, 30.048844612736701 ], [ 31.385138122729565, 30.052732439763453 ], [ 31.389629699150163, 30.052732439763453 ], [ 31.389629699150163, 30.048844612736701 ], [ 31.385138122729565, 30.048844612736701 ] ] ] } },
{ "type": "Feature", "properties": { "area_m2": 250000.0, "zone_code": "NSR-GRID-210" }, "geometry": { "type": "Polygon", "coordinates": [ [ [ 31.389629699150163, 30.048844612736701 ], [ 31.389629699150163, 30.052732439763453 ], [ 31.394121275570754, 30.052732439763453 ], [ 31.394121275570754, 30.048844612736701 ], [ 31.389629699150163, 30.048844612736701 ] ] ] } },
{ "type": "Feature", "properties": { "area_m2": 250000.0, "zone_code": "NSR-GRID-211" }, "geometry": { "type": "Polygon", "coordinates": [ [ [ 31.394121275570754, 30.048844612736701 ], [ 31.394121275570754, 30.052732439763453 ], [ 31.398612851991352, 30.052732439763453 ], [ 31.398612851991352, 30.048844612736701 ], [ 31.394121275570754, 30.048844612736701 ] ] ] } },
{ "type": "Feature", "properties": { "area_m2": 250000.0, "zone_code": "NSR-GRID-212" }, "geometry": { "type": "Polygon", "coordinates": [ [ [ 31.398612851991352, 30.048844612736701 ], [ 31.398612851991352, 30.052732439763453 ], [ 31.403104428411954, 30.052732439763453 ], [ 31.403104428411954, 30.048844612736701 ], [ 31.398612851991352, 30.048844612736701 ] ] ] } },
{ "type": "Feature", "properties": { "area_m2": 142932.66366899243, "zone_code": "NSR-GRID-213" }, "geometry": { "type": "Polygon", "coordinates": [ [ [ 31.403104428411954, 30.044956633093168 ], [ 31.403104428411954, 30.048844612736701 ], [ 31.406758924697812, 30.048844612736701 ], [ 31.4059316, 30.0476512 ], [ 31.404817173280087, 30.044956633093168 ], [ 31.403104428411954, 30.044956633093168 ] ] ] } },
{ "type": "Feature", "properties": { "area_m2": 149021.88689666011, "zone_code": "NSR-GRID-214" }, "geometry": { "type": "Polygon", "coordinates": [ [ [ 31.331239205682394, 30.048844612736701 ], [ 31.331239205682394, 30.044956633093168 ], [ 31.329008436839352, 30.044956633093168 ], [ 31.3288656, 30.045586299999989 ], [ 31.3284128, 30.0475467 ], [ 31.328113132449186, 30.048844612736701 ], [ 31.331239205682394, 30.048844612736701 ] ] ] } },
{ "type": "Feature", "properties": { "area_m2": 250000.0, "zone_code": "NSR-GRID-215" }, "geometry": { "type": "Polygon", "coordinates": [ [ [ 31.331239205682394, 30.044956633093168 ], [ 31.331239205682394, 30.048844612736701 ], [ 31.335730782102992, 30.048844612736701 ], [ 31.335730782102992, 30.044956633093168 ], [ 31.331239205682394, 30.044956633093168 ] ] ] } },
{ "type": "Feature", "properties": { "area_m2": 250000.0, "zone_code": "NSR-GRID-216" }, "geometry": { "type": "Polygon", "coordinates": [ [ [ 31.335730782102992, 30.044956633093168 ], [ 31.335730782102992, 30.048844612736701 ], [ 31.340222358523583, 30.048844612736701 ], [ 31.340222358523583, 30.044956633093168 ], [ 31.335730782102992, 30.044956633093168 ] ] ] } },
{ "type": "Feature", "properties": { "area_m2": 250000.0, "zone_code": "NSR-GRID-217" }, "geometry": { "type": "Polygon", "coordinates": [ [ [ 31.340222358523583, 30.044956633093168 ], [ 31.340222358523583, 30.048844612736701 ], [ 31.344713934944181, 30.048844612736701 ], [ 31.344713934944181, 30.044956633093168 ], [ 31.340222358523583, 30.044956633093168 ] ] ] } },
{ "type": "Feature", "properties": { "area_m2": 250000.0, "zone_code": "NSR-GRID-218" }, "geometry": { "type": "Polygon", "coordinates": [ [ [ 31.344713934944181, 30.044956633093168 ], [ 31.344713934944181, 30.048844612736701 ], [ 31.349205511364779, 30.048844612736701 ], [ 31.349205511364779, 30.044956633093168 ], [ 31.344713934944181, 30.044956633093168 ] ] ] } },
{ "type": "Feature", "properties": { "area_m2": 250000.0, "zone_code": "NSR-GRID-219" }, "geometry": { "type": "Polygon", "coordinates": [ [ [ 31.349205511364779, 30.044956633093168 ], [ 31.349205511364779, 30.048844612736701 ], [ 31.353697087785381, 30.048844612736701 ], [ 31.353697087785381, 30.044956633093168 ], [ 31.349205511364779, 30.044956633093168 ] ] ] } },
{ "type": "Feature", "properties": { "area_m2": 250000.0, "zone_code": "NSR-GRID-220" }, "geometry": { "type": "Polygon", "coordinates": [ [ [ 31.353697087785381, 30.044956633093168 ], [ 31.353697087785381, 30.048844612736701 ], [ 31.358188664205979, 30.048844612736701 ], [ 31.358188664205979, 30.044956633093168 ], [ 31.353697087785381, 30.044956633093168 ] ] ] } },
{ "type": "Feature", "properties": { "area_m2": 250000.0, "zone_code": "NSR-GRID-221" }, "geometry": { "type": "Polygon", "coordinates": [ [ [ 31.358188664205979, 30.044956633093168 ], [ 31.358188664205979, 30.048844612736701 ], [ 31.362680240626577, 30.048844612736701 ], [ 31.362680240626577, 30.044956633093168 ], [ 31.358188664205979, 30.044956633093168 ] ] ] } },
{ "type": "Feature", "properties": { "area_m2": 250000.0, "zone_code": "NSR-GRID-222" }, "geometry": { "type": "Polygon", "coordinates": [ [ [ 31.362680240626577, 30.044956633093168 ], [ 31.362680240626577, 30.048844612736701 ], [ 31.367171817047169, 30.048844612736701 ], [ 31.367171817047169, 30.044956633093168 ], [ 31.362680240626577, 30.044956633093168 ] ] ] } },
{ "type": "Feature", "properties": { "area_m2": 250000.0, "zone_code": "NSR-GRID-223" }, "geometry": { "type": "Polygon", "coordinates": [ [ [ 31.367171817047169, 30.044956633093168 ], [ 31.367171817047169, 30.048844612736701 ], [ 31.371663393467767, 30.048844612736701 ], [ 31.371663393467767, 30.044956633093168 ], [ 31.367171817047169, 30.044956633093168 ] ] ] } },
{ "type": "Feature", "properties": { "area_m2": 250000.0, "zone_code": "NSR-GRID-224" }, "geometry": { "type": "Polygon", "coordinates": [ [ [ 31.371663393467767, 30.044956633093168 ], [ 31.371663393467767, 30.048844612736701 ], [ 31.376154969888365, 30.048844612736701 ], [ 31.376154969888365, 30.044956633093168 ], [ 31.371663393467767, 30.044956633093168 ] ] ] } },
{ "type": "Feature", "properties": { "area_m2": 250000.0, "zone_code": "NSR-GRID-225" }, "geometry": { "type": "Polygon", "coordinates": [ [ [ 31.376154969888365, 30.044956633093168 ], [ 31.376154969888365, 30.048844612736701 ], [ 31.380646546308967, 30.048844612736701 ], [ 31.380646546308967, 30.044956633093168 ], [ 31.376154969888365, 30.044956633093168 ] ] ] } },
{ "type": "Feature", "properties": { "area_m2": 250000.0, "zone_code": "NSR-GRID-226" }, "geometry": { "type": "Polygon", "coordinates": [ [ [ 31.380646546308967, 30.044956633093168 ], [ 31.380646546308967, 30.048844612736701 ], [ 31.385138122729565, 30.048844612736701 ], [ 31.385138122729565, 30.044956633093168 ], [ 31.380646546308967, 30.044956633093168 ] ] ] } },
{ "type": "Feature", "properties": { "area_m2": 250000.0, "zone_code": "NSR-GRID-227" }, "geometry": { "type": "Polygon", "coordinates": [ [ [ 31.385138122729565, 30.044956633093168 ], [ 31.385138122729565, 30.048844612736701 ], [ 31.389629699150163, 30.048844612736701 ], [ 31.389629699150163, 30.044956633093168 ], [ 31.385138122729565, 30.044956633093168 ] ] ] } },
{ "type": "Feature", "properties": { "area_m2": 250000.0, "zone_code": "NSR-GRID-228" }, "geometry": { "type": "Polygon", "coordinates": [ [ [ 31.389629699150163, 30.044956633093168 ], [ 31.389629699150163, 30.048844612736701 ], [ 31.394121275570754, 30.048844612736701 ], [ 31.394121275570754, 30.044956633093168 ], [ 31.389629699150163, 30.044956633093168 ] ] ] } },
{ "type": "Feature", "properties": { "area_m2": 250000.0, "zone_code": "NSR-GRID-229" }, "geometry": { "type": "Polygon", "coordinates": [ [ [ 31.394121275570754, 30.044956633093168 ], [ 31.394121275570754, 30.048844612736701 ], [ 31.398612851991352, 30.048844612736701 ], [ 31.398612851991352, 30.044956633093168 ], [ 31.394121275570754, 30.044956633093168 ] ] ] } },
{ "type": "Feature", "properties": { "area_m2": 250000.0, "zone_code": "NSR-GRID-230" }, "geometry": { "type": "Polygon", "coordinates": [ [ [ 31.398612851991352, 30.044956633093168 ], [ 31.398612851991352, 30.048844612736701 ], [ 31.403104428411954, 30.048844612736701 ], [ 31.403104428411954, 30.044956633093168 ], [ 31.398612851991352, 30.044956633093168 ] ] ] } },
{ "type": "Feature", "properties": { "area_m2": 68583.196839702097, "zone_code": "NSR-GRID-231" }, "geometry": { "type": "Polygon", "coordinates": [ [ [ 31.403104428411954, 30.041068500844791 ], [ 31.403104428411954, 30.044956633093168 ], [ 31.404817173280087, 30.044956633093168 ], [ 31.4045107, 30.0442156 ], [ 31.4043218, 30.0430629 ], [ 31.404016132317846, 30.041068500844791 ], [ 31.403104428411954, 30.041068500844791 ] ] ] } },
{ "type": "Feature", "properties": { "area_m2": 99226.746363132479, "zone_code": "NSR-GRID-232" }, "geometry": { "type": "Polygon", "coordinates": [ [ [ 31.331239205682394, 30.044956633093168 ], [ 31.331239205682394, 30.041068500844791 ], [ 31.329916534990666, 30.041068500844791 ], [ 31.3297171, 30.041904599999985 ], [ 31.3294571, 30.042982 ], [ 31.3291928, 30.0441439 ], [ 31.329008436839352, 30.044956633093168 ], [ 31.331239205682394, 30.044956633093168 ] ] ] } },
{ "type": "Feature", "properties": { "area_m2": 250000.0, "zone_code": "NSR-GRID-233" }, "geometry": { "type": "Polygon", "coordinates": [ [ [ 31.331239205682394, 30.041068500844791 ], [ 31.331239205682394, 30.044956633093168 ], [ 31.335730782102992, 30.044956633093168 ], [ 31.335730782102992, 30.041068500844791 ], [ 31.331239205682394, 30.041068500844791 ] ] ] } },
{ "type": "Feature", "properties": { "area_m2": 250000.0, "zone_code": "NSR-GRID-234" }, "geometry": { "type": "Polygon", "coordinates": [ [ [ 31.335730782102992, 30.041068500844791 ], [ 31.335730782102992, 30.044956633093168 ], [ 31.340222358523583, 30.044956633093168 ], [ 31.340222358523583, 30.041068500844791 ], [ 31.335730782102992, 30.041068500844791 ] ] ] } },
{ "type": "Feature", "properties": { "area_m2": 250000.0, "zone_code": "NSR-GRID-235" }, "geometry": { "type": "Polygon", "coordinates": [ [ [ 31.340222358523583, 30.041068500844791 ], [ 31.340222358523583, 30.044956633093168 ], [ 31.344713934944181, 30.044956633093168 ], [ 31.344713934944181, 30.041068500844791 ], [ 31.340222358523583, 30.041068500844791 ] ] ] } },
{ "type": "Feature", "properties": { "area_m2": 250000.0, "zone_code": "NSR-GRID-236" }, "geometry": { "type": "Polygon", "coordinates": [ [ [ 31.344713934944181, 30.041068500844791 ], [ 31.344713934944181, 30.044956633093168 ], [ 31.349205511364779, 30.044956633093168 ], [ 31.349205511364779, 30.041068500844791 ], [ 31.344713934944181, 30.041068500844791 ] ] ] } },
{ "type": "Feature", "properties": { "area_m2": 250000.0, "zone_code": "NSR-GRID-237" }, "geometry": { "type": "Polygon", "coordinates": [ [ [ 31.349205511364779, 30.041068500844791 ], [ 31.349205511364779, 30.044956633093168 ], [ 31.353697087785381, 30.044956633093168 ], [ 31.353697087785381, 30.041068500844791 ], [ 31.349205511364779, 30.041068500844791 ] ] ] } },
{ "type": "Feature", "properties": { "area_m2": 250000.0, "zone_code": "NSR-GRID-238" }, "geometry": { "type": "Polygon", "coordinates": [ [ [ 31.353697087785381, 30.041068500844791 ], [ 31.353697087785381, 30.044956633093168 ], [ 31.358188664205979, 30.044956633093168 ], [ 31.358188664205979, 30.041068500844791 ], [ 31.353697087785381, 30.041068500844791 ] ] ] } },
{ "type": "Feature", "properties": { "area_m2": 250000.0, "zone_code": "NSR-GRID-239" }, "geometry": { "type": "Polygon", "coordinates": [ [ [ 31.358188664205979, 30.041068500844791 ], [ 31.358188664205979, 30.044956633093168 ], [ 31.362680240626577, 30.044956633093168 ], [ 31.362680240626577, 30.041068500844791 ], [ 31.358188664205979, 30.041068500844791 ] ] ] } },
{ "type": "Feature", "properties": { "area_m2": 250000.0, "zone_code": "NSR-GRID-240" }, "geometry": { "type": "Polygon", "coordinates": [ [ [ 31.362680240626577, 30.041068500844791 ], [ 31.362680240626577, 30.044956633093168 ], [ 31.367171817047169, 30.044956633093168 ], [ 31.367171817047169, 30.041068500844791 ], [ 31.362680240626577, 30.041068500844791 ] ] ] } },
{ "type": "Feature", "properties": { "area_m2": 250000.0, "zone_code": "NSR-GRID-241" }, "geometry": { "type": "Polygon", "coordinates": [ [ [ 31.367171817047169, 30.041068500844791 ], [ 31.367171817047169, 30.044956633093168 ], [ 31.371663393467767, 30.044956633093168 ], [ 31.371663393467767, 30.041068500844791 ], [ 31.367171817047169, 30.041068500844791 ] ] ] } },
{ "type": "Feature", "properties": { "area_m2": 250000.0, "zone_code": "NSR-GRID-242" }, "geometry": { "type": "Polygon", "coordinates": [ [ [ 31.371663393467767, 30.041068500844791 ], [ 31.371663393467767, 30.044956633093168 ], [ 31.376154969888365, 30.044956633093168 ], [ 31.376154969888365, 30.041068500844791 ], [ 31.371663393467767, 30.041068500844791 ] ] ] } },
{ "type": "Feature", "properties": { "area_m2": 250000.0, "zone_code": "NSR-GRID-243" }, "geometry": { "type": "Polygon", "coordinates": [ [ [ 31.376154969888365, 30.041068500844791 ], [ 31.376154969888365, 30.044956633093168 ], [ 31.380646546308967, 30.044956633093168 ], [ 31.380646546308967, 30.041068500844791 ], [ 31.376154969888365, 30.041068500844791 ] ] ] } },
{ "type": "Feature", "properties": { "area_m2": 250000.0, "zone_code": "NSR-GRID-244" }, "geometry": { "type": "Polygon", "coordinates": [ [ [ 31.380646546308967, 30.041068500844791 ], [ 31.380646546308967, 30.044956633093168 ], [ 31.385138122729565, 30.044956633093168 ], [ 31.385138122729565, 30.041068500844791 ], [ 31.380646546308967, 30.041068500844791 ] ] ] } },
{ "type": "Feature", "properties": { "area_m2": 250000.0, "zone_code": "NSR-GRID-245" }, "geometry": { "type": "Polygon", "coordinates": [ [ [ 31.385138122729565, 30.041068500844791 ], [ 31.385138122729565, 30.044956633093168 ], [ 31.389629699150163, 30.044956633093168 ], [ 31.389629699150163, 30.041068500844791 ], [ 31.385138122729565, 30.041068500844791 ] ] ] } },
{ "type": "Feature", "properties": { "area_m2": 250000.0, "zone_code": "NSR-GRID-246" }, "geometry": { "type": "Polygon", "coordinates": [ [ [ 31.389629699150163, 30.041068500844791 ], [ 31.389629699150163, 30.044956633093168 ], [ 31.394121275570754, 30.044956633093168 ], [ 31.394121275570754, 30.041068500844791 ], [ 31.389629699150163, 30.041068500844791 ] ] ] } },
{ "type": "Feature", "properties": { "area_m2": 250000.0, "zone_code": "NSR-GRID-247" }, "geometry": { "type": "Polygon", "coordinates": [ [ [ 31.394121275570754, 30.041068500844791 ], [ 31.394121275570754, 30.044956633093168 ], [ 31.398612851991352, 30.044956633093168 ], [ 31.398612851991352, 30.041068500844791 ], [ 31.394121275570754, 30.041068500844791 ] ] ] } },
{ "type": "Feature", "properties": { "area_m2": 250000.0, "zone_code": "NSR-GRID-248" }, "geometry": { "type": "Polygon", "coordinates": [ [ [ 31.398612851991352, 30.041068500844791 ], [ 31.398612851991352, 30.044956633093168 ], [ 31.403104428411954, 30.044956633093168 ], [ 31.403104428411954, 30.041068500844791 ], [ 31.398612851991352, 30.041068500844791 ] ] ] } },
{ "type": "Feature", "properties": { "area_m2": 23310.759475158691, "zone_code": "NSR-GRID-249" }, "geometry": { "type": "MultiPolygon", "coordinates": [ [ [ [ 31.331239205682394, 30.037180216003467 ], [ 31.3310566706397, 30.037180216003467 ], [ 31.331239205682394, 30.03732916147727 ], [ 31.331239205682394, 30.037180216003467 ] ] ], [ [ [ 31.331239205682394, 30.041068500844791 ], [ 31.331239205682394, 30.03901108600472 ], [ 31.3300623, 30.0404574 ], [ 31.329916534990666, 30.041068500844791 ], [ 31.331239205682394, 30.041068500844791 ] ] ] ] } },
{ "type": "Feature", "properties": { "area_m2": 35468.346549470909, "zone_code": "NSR-GRID-250" }, "geometry": { "type": "Polygon", "coordinates": [ [ [ 31.403104428411954, 30.037180216003467 ], [ 31.403104428411954, 30.041068500844791 ], [ 31.404016132317846, 30.041068500844791 ], [ 31.4038534, 30.0400067 ], [ 31.403484841922591, 30.037180216003467 ], [ 31.403104428411954, 30.037180216003467 ] ] ] } },
{ "type": "Feature", "properties": { "area_m2": 240098.78764522611, "zone_code": "NSR-GRID-251" }, "geometry": { "type": "Polygon", "coordinates": [ [ [ 31.331239205682394, 30.041068500844791 ], [ 31.335730782102992, 30.041068500844791 ], [ 31.335730782102992, 30.037180216003467 ], [ 31.331239205682394, 30.037180216003467 ], [ 31.331239205682394, 30.03732916147727 ], [ 31.3320617, 30.0380003 ], [ 31.331239205682394, 30.03901108600472 ], [ 31.331239205682394, 30.041068500844791 ] ] ] } },
{ "type": "Feature", "properties": { "area_m2": 250000.0, "zone_code": "NSR-GRID-252" }, "geometry": { "type": "Polygon", "coordinates": [ [ [ 31.335730782102992, 30.037180216003467 ], [ 31.335730782102992, 30.041068500844791 ], [ 31.340222358523583, 30.041068500844791 ], [ 31.340222358523583, 30.037180216003467 ], [ 31.335730782102992, 30.037180216003467 ] ] ] } },
{ "type": "Feature", "properties": { "area_m2": 250000.0, "zone_code": "NSR-GRID-253" }, "geometry": { "type": "Polygon", "coordinates": [ [ [ 31.340222358523583, 30.037180216003467 ], [ 31.340222358523583, 30.041068500844791 ], [ 31.344713934944181, 30.041068500844791 ], [ 31.344713934944181, 30.037180216003467 ], [ 31.340222358523583, 30.037180216003467 ] ] ] } },
{ "type": "Feature", "properties": { "area_m2": 250000.0, "zone_code": "NSR-GRID-254" }, "geometry": { "type": "Polygon", "coordinates": [ [ [ 31.344713934944181, 30.037180216003467 ], [ 31.344713934944181, 30.041068500844791 ], [ 31.349205511364779, 30.041068500844791 ], [ 31.349205511364779, 30.037180216003467 ], [ 31.344713934944181, 30.037180216003467 ] ] ] } },
{ "type": "Feature", "properties": { "area_m2": 250000.0, "zone_code": "NSR-GRID-255" }, "geometry": { "type": "Polygon", "coordinates": [ [ [ 31.349205511364779, 30.037180216003467 ], [ 31.349205511364779, 30.041068500844791 ], [ 31.353697087785381, 30.041068500844791 ], [ 31.353697087785381, 30.037180216003467 ], [ 31.349205511364779, 30.037180216003467 ] ] ] } },
{ "type": "Feature", "properties": { "area_m2": 250000.0, "zone_code": "NSR-GRID-256" }, "geometry": { "type": "Polygon", "coordinates": [ [ [ 31.353697087785381, 30.037180216003467 ], [ 31.353697087785381, 30.041068500844791 ], [ 31.358188664205979, 30.041068500844791 ], [ 31.358188664205979, 30.037180216003467 ], [ 31.353697087785381, 30.037180216003467 ] ] ] } },
{ "type": "Feature", "properties": { "area_m2": 250000.0, "zone_code": "NSR-GRID-257" }, "geometry": { "type": "Polygon", "coordinates": [ [ [ 31.358188664205979, 30.037180216003467 ], [ 31.358188664205979, 30.041068500844791 ], [ 31.362680240626577, 30.041068500844791 ], [ 31.362680240626577, 30.037180216003467 ], [ 31.358188664205979, 30.037180216003467 ] ] ] } },
{ "type": "Feature", "properties": { "area_m2": 250000.0, "zone_code": "NSR-GRID-258" }, "geometry": { "type": "Polygon", "coordinates": [ [ [ 31.362680240626577, 30.037180216003467 ], [ 31.362680240626577, 30.041068500844791 ], [ 31.367171817047169, 30.041068500844791 ], [ 31.367171817047169, 30.037180216003467 ], [ 31.362680240626577, 30.037180216003467 ] ] ] } },
{ "type": "Feature", "properties": { "area_m2": 250000.0, "zone_code": "NSR-GRID-259" }, "geometry": { "type": "Polygon", "coordinates": [ [ [ 31.367171817047169, 30.037180216003467 ], [ 31.367171817047169, 30.041068500844791 ], [ 31.371663393467767, 30.041068500844791 ], [ 31.371663393467767, 30.037180216003467 ], [ 31.367171817047169, 30.037180216003467 ] ] ] } },
{ "type": "Feature", "properties": { "area_m2": 250000.0, "zone_code": "NSR-GRID-260" }, "geometry": { "type": "Polygon", "coordinates": [ [ [ 31.371663393467767, 30.037180216003467 ], [ 31.371663393467767, 30.041068500844791 ], [ 31.376154969888365, 30.041068500844791 ], [ 31.376154969888365, 30.037180216003467 ], [ 31.371663393467767, 30.037180216003467 ] ] ] } },
{ "type": "Feature", "properties": { "area_m2": 250000.0, "zone_code": "NSR-GRID-261" }, "geometry": { "type": "Polygon", "coordinates": [ [ [ 31.376154969888365, 30.037180216003467 ], [ 31.376154969888365, 30.041068500844791 ], [ 31.380646546308967, 30.041068500844791 ], [ 31.380646546308967, 30.037180216003467 ], [ 31.376154969888365, 30.037180216003467 ] ] ] } },
{ "type": "Feature", "properties": { "area_m2": 250000.0, "zone_code": "NSR-GRID-262" }, "geometry": { "type": "Polygon", "coordinates": [ [ [ 31.380646546308967, 30.037180216003467 ], [ 31.380646546308967, 30.041068500844791 ], [ 31.385138122729565, 30.041068500844791 ], [ 31.385138122729565, 30.037180216003467 ], [ 31.380646546308967, 30.037180216003467 ] ] ] } },
{ "type": "Feature", "properties": { "area_m2": 250000.0, "zone_code": "NSR-GRID-263" }, "geometry": { "type": "Polygon", "coordinates": [ [ [ 31.385138122729565, 30.037180216003467 ], [ 31.385138122729565, 30.041068500844791 ], [ 31.389629699150163, 30.041068500844791 ], [ 31.389629699150163, 30.037180216003467 ], [ 31.385138122729565, 30.037180216003467 ] ] ] } },
{ "type": "Feature", "properties": { "area_m2": 250000.0, "zone_code": "NSR-GRID-264" }, "geometry": { "type": "Polygon", "coordinates": [ [ [ 31.389629699150163, 30.037180216003467 ], [ 31.389629699150163, 30.041068500844791 ], [ 31.394121275570754, 30.041068500844791 ], [ 31.394121275570754, 30.037180216003467 ], [ 31.389629699150163, 30.037180216003467 ] ] ] } },
{ "type": "Feature", "properties": { "area_m2": 250000.0, "zone_code": "NSR-GRID-265" }, "geometry": { "type": "Polygon", "coordinates": [ [ [ 31.394121275570754, 30.037180216003467 ], [ 31.394121275570754, 30.041068500844791 ], [ 31.398612851991352, 30.041068500844791 ], [ 31.398612851991352, 30.037180216003467 ], [ 31.394121275570754, 30.037180216003467 ] ] ] } },
{ "type": "Feature", "properties": { "area_m2": 250000.0, "zone_code": "NSR-GRID-266" }, "geometry": { "type": "Polygon", "coordinates": [ [ [ 31.398612851991352, 30.037180216003467 ], [ 31.398612851991352, 30.041068500844791 ], [ 31.403104428411954, 30.041068500844791 ], [ 31.403104428411954, 30.037180216003467 ], [ 31.398612851991352, 30.037180216003467 ] ] ] } },
{ "type": "Feature", "properties": { "area_m2": 15062.471754298605, "zone_code": "NSR-GRID-267" }, "geometry": { "type": "Polygon", "coordinates": [ [ [ 31.331239205682394, 30.037180216003467 ], [ 31.331239205682394, 30.035188000907038 ], [ 31.3310691, 30.0354103 ], [ 31.3303933, 30.0363238 ], [ 31.3302385, 30.0365126 ], [ 31.3310566706397, 30.037180216003467 ], [ 31.331239205682394, 30.037180216003467 ] ] ] } },
{ "type": "Feature", "properties": { "area_m2": 7773.3797857032287, "zone_code": "NSR-GRID-268" }, "geometry": { "type": "Polygon", "coordinates": [ [ [ 31.403104428411954, 30.037180216003467 ], [ 31.403484841922591, 30.037180216003467 ], [ 31.4033025, 30.0357818 ], [ 31.403104428411954, 30.03438262220066 ], [ 31.403104428411954, 30.037180216003467 ] ] ] } },
{ "type": "Feature", "properties": { "area_m2": 229337.42076512237, "zone_code": "NSR-GRID-269" }, "geometry": { "type": "Polygon", "coordinates": [ [ [ 31.331239205682394, 30.037180216003467 ], [ 31.335730782102992, 30.037180216003467 ], [ 31.335730782102992, 30.033291778581109 ], [ 31.332887328982721, 30.033291778581109 ], [ 31.3325084, 30.03361 ], [ 31.3317861, 30.0344733 ], [ 31.331239205682394, 30.035188000907038 ], [ 31.331239205682394, 30.037180216003467 ] ] ] } },
{ "type": "Feature", "properties": { "area_m2": 248794.41235423394, "zone_code": "NSR-GRID-270" }, "geometry": { "type": "Polygon", "coordinates": [ [ [ 31.398612851991352, 30.033291778581109 ], [ 31.398612851991352, 30.037180216003467 ], [ 31.403104428411954, 30.037180216003467 ], [ 31.403104428411954, 30.03438262220066 ], [ 31.402950007427197, 30.033291778581109 ], [ 31.398612851991352, 30.033291778581109 ] ] ] } },
{ "type": "Feature", "properties": { "area_m2": 250000.0, "zone_code": "NSR-GRID-271" }, "geometry": { "type": "Polygon", "coordinates": [ [ [ 31.335730782102992, 30.033291778581109 ], [ 31.335730782102992, 30.037180216003467 ], [ 31.340222358523583, 30.037180216003467 ], [ 31.340222358523583, 30.033291778581109 ], [ 31.335730782102992, 30.033291778581109 ] ] ] } },
{ "type": "Feature", "properties": { "area_m2": 250000.0, "zone_code": "NSR-GRID-272" }, "geometry": { "type": "Polygon", "coordinates": [ [ [ 31.340222358523583, 30.033291778581109 ], [ 31.340222358523583, 30.037180216003467 ], [ 31.344713934944181, 30.037180216003467 ], [ 31.344713934944181, 30.033291778581109 ], [ 31.340222358523583, 30.033291778581109 ] ] ] } },
{ "type": "Feature", "properties": { "area_m2": 250000.0, "zone_code": "NSR-GRID-273" }, "geometry": { "type": "Polygon", "coordinates": [ [ [ 31.344713934944181, 30.033291778581109 ], [ 31.344713934944181, 30.037180216003467 ], [ 31.349205511364779, 30.037180216003467 ], [ 31.349205511364779, 30.033291778581109 ], [ 31.344713934944181, 30.033291778581109 ] ] ] } },
{ "type": "Feature", "properties": { "area_m2": 250000.0, "zone_code": "NSR-GRID-274" }, "geometry": { "type": "Polygon", "coordinates": [ [ [ 31.349205511364779, 30.033291778581109 ], [ 31.349205511364779, 30.037180216003467 ], [ 31.353697087785381, 30.037180216003467 ], [ 31.353697087785381, 30.033291778581109 ], [ 31.349205511364779, 30.033291778581109 ] ] ] } },
{ "type": "Feature", "properties": { "area_m2": 250000.0, "zone_code": "NSR-GRID-275" }, "geometry": { "type": "Polygon", "coordinates": [ [ [ 31.353697087785381, 30.033291778581109 ], [ 31.353697087785381, 30.037180216003467 ], [ 31.358188664205979, 30.037180216003467 ], [ 31.358188664205979, 30.033291778581109 ], [ 31.353697087785381, 30.033291778581109 ] ] ] } },
{ "type": "Feature", "properties": { "area_m2": 250000.0, "zone_code": "NSR-GRID-276" }, "geometry": { "type": "Polygon", "coordinates": [ [ [ 31.358188664205979, 30.033291778581109 ], [ 31.358188664205979, 30.037180216003467 ], [ 31.362680240626577, 30.037180216003467 ], [ 31.362680240626577, 30.033291778581109 ], [ 31.358188664205979, 30.033291778581109 ] ] ] } },
{ "type": "Feature", "properties": { "area_m2": 250000.0, "zone_code": "NSR-GRID-277" }, "geometry": { "type": "Polygon", "coordinates": [ [ [ 31.362680240626577, 30.033291778581109 ], [ 31.362680240626577, 30.037180216003467 ], [ 31.367171817047169, 30.037180216003467 ], [ 31.367171817047169, 30.033291778581109 ], [ 31.362680240626577, 30.033291778581109 ] ] ] } },
{ "type": "Feature", "properties": { "area_m2": 250000.0, "zone_code": "NSR-GRID-278" }, "geometry": { "type": "Polygon", "coordinates": [ [ [ 31.367171817047169, 30.033291778581109 ], [ 31.367171817047169, 30.037180216003467 ], [ 31.371663393467767, 30.037180216003467 ], [ 31.371663393467767, 30.033291778581109 ], [ 31.367171817047169, 30.033291778581109 ] ] ] } },
{ "type": "Feature", "properties": { "area_m2": 250000.0, "zone_code": "NSR-GRID-279" }, "geometry": { "type": "Polygon", "coordinates": [ [ [ 31.371663393467767, 30.033291778581109 ], [ 31.371663393467767, 30.037180216003467 ], [ 31.376154969888365, 30.037180216003467 ], [ 31.376154969888365, 30.033291778581109 ], [ 31.371663393467767, 30.033291778581109 ] ] ] } },
{ "type": "Feature", "properties": { "area_m2": 250000.0, "zone_code": "NSR-GRID-280" }, "geometry": { "type": "Polygon", "coordinates": [ [ [ 31.376154969888365, 30.033291778581109 ], [ 31.376154969888365, 30.037180216003467 ], [ 31.380646546308967, 30.037180216003467 ], [ 31.380646546308967, 30.033291778581109 ], [ 31.376154969888365, 30.033291778581109 ] ] ] } },
{ "type": "Feature", "properties": { "area_m2": 250000.0, "zone_code": "NSR-GRID-281" }, "geometry": { "type": "Polygon", "coordinates": [ [ [ 31.380646546308967, 30.033291778581109 ], [ 31.380646546308967, 30.037180216003467 ], [ 31.385138122729565, 30.037180216003467 ], [ 31.385138122729565, 30.033291778581109 ], [ 31.380646546308967, 30.033291778581109 ] ] ] } },
{ "type": "Feature", "properties": { "area_m2": 250000.0, "zone_code": "NSR-GRID-282" }, "geometry": { "type": "Polygon", "coordinates": [ [ [ 31.385138122729565, 30.033291778581109 ], [ 31.385138122729565, 30.037180216003467 ], [ 31.389629699150163, 30.037180216003467 ], [ 31.389629699150163, 30.033291778581109 ], [ 31.385138122729565, 30.033291778581109 ] ] ] } },
{ "type": "Feature", "properties": { "area_m2": 250000.0, "zone_code": "NSR-GRID-283" }, "geometry": { "type": "Polygon", "coordinates": [ [ [ 31.389629699150163, 30.033291778581109 ], [ 31.389629699150163, 30.037180216003467 ], [ 31.394121275570754, 30.037180216003467 ], [ 31.394121275570754, 30.033291778581109 ], [ 31.389629699150163, 30.033291778581109 ] ] ] } },
{ "type": "Feature", "properties": { "area_m2": 250000.0, "zone_code": "NSR-GRID-284" }, "geometry": { "type": "Polygon", "coordinates": [ [ [ 31.394121275570754, 30.033291778581109 ], [ 31.394121275570754, 30.037180216003467 ], [ 31.398612851991352, 30.037180216003467 ], [ 31.398612851991352, 30.033291778581109 ], [ 31.394121275570754, 30.033291778581109 ] ] ] } },
{ "type": "Feature", "properties": { "area_m2": 43727.117983151911, "zone_code": "NSR-GRID-285" }, "geometry": { "type": "MultiPolygon", "coordinates": [ [ [ [ 31.335730782102992, 30.029403188589662 ], [ 31.335581772292223, 30.029403188589662 ], [ 31.3353268, 30.030505500000011 ], [ 31.3352921, 30.0307101 ], [ 31.3353421, 30.030868699999985 ], [ 31.3354841, 30.030996 ], [ 31.335706, 30.0310882 ], [ 31.335730782102992, 30.031084275071336 ], [ 31.335730782102992, 30.029403188589662 ] ] ], [ [ [ 31.335730782102992, 30.033291778581109 ], [ 31.335730782102992, 30.031777576921158 ], [ 31.3351376, 30.0319719 ], [ 31.3342732, 30.032339 ], [ 31.3334784, 30.0327954 ], [ 31.332887328982721, 30.033291778581109 ], [ 31.335730782102992, 30.033291778581109 ] ] ] ] } },
{ "type": "Feature", "properties": { "area_m2": 226187.54891098052, "zone_code": "NSR-GRID-286" }, "geometry": { "type": "Polygon", "coordinates": [ [ [ 31.398612851991352, 30.029403188589662 ], [ 31.398612851991352, 30.033291778581109 ], [ 31.402950007427197, 30.033291778581109 ], [ 31.4026521, 30.0311873 ], [ 31.402407520234178, 30.029403188589662 ], [ 31.398612851991352, 30.029403188589662 ] ] ] } },
{ "type": "Feature", "properties": { "area_m2": 250000.0, "zone_code": "NSR-GRID-287" }, "geometry": { "type": "Polygon", "coordinates": [ [ [ 31.340222358523583, 30.029403188589662 ], [ 31.340222358523583, 30.033291778581109 ], [ 31.344713934944181, 30.033291778581109 ], [ 31.344713934944181, 30.029403188589662 ], [ 31.340222358523583, 30.029403188589662 ] ] ] } },
{ "type": "Feature", "properties": { "area_m2": 250000.0, "zone_code": "NSR-GRID-288" }, "geometry": { "type": "Polygon", "coordinates": [ [ [ 31.344713934944181, 30.029403188589662 ], [ 31.344713934944181, 30.033291778581109 ], [ 31.349205511364779, 30.033291778581109 ], [ 31.349205511364779, 30.029403188589662 ], [ 31.344713934944181, 30.029403188589662 ] ] ] } },
{ "type": "Feature", "properties": { "area_m2": 250000.0, "zone_code": "NSR-GRID-289" }, "geometry": { "type": "Polygon", "coordinates": [ [ [ 31.349205511364779, 30.029403188589662 ], [ 31.349205511364779, 30.033291778581109 ], [ 31.353697087785381, 30.033291778581109 ], [ 31.353697087785381, 30.029403188589662 ], [ 31.349205511364779, 30.029403188589662 ] ] ] } },
{ "type": "Feature", "properties": { "area_m2": 250000.0, "zone_code": "NSR-GRID-290" }, "geometry": { "type": "Polygon", "coordinates": [ [ [ 31.353697087785381, 30.029403188589662 ], [ 31.353697087785381, 30.033291778581109 ], [ 31.358188664205979, 30.033291778581109 ], [ 31.358188664205979, 30.029403188589662 ], [ 31.353697087785381, 30.029403188589662 ] ] ] } },
{ "type": "Feature", "properties": { "area_m2": 250000.0, "zone_code": "NSR-GRID-291" }, "geometry": { "type": "Polygon", "coordinates": [ [ [ 31.358188664205979, 30.029403188589662 ], [ 31.358188664205979, 30.033291778581109 ], [ 31.362680240626577, 30.033291778581109 ], [ 31.362680240626577, 30.029403188589662 ], [ 31.358188664205979, 30.029403188589662 ] ] ] } },
{ "type": "Feature", "properties": { "area_m2": 250000.0, "zone_code": "NSR-GRID-292" }, "geometry": { "type": "Polygon", "coordinates": [ [ [ 31.362680240626577, 30.029403188589662 ], [ 31.362680240626577, 30.033291778581109 ], [ 31.367171817047169, 30.033291778581109 ], [ 31.367171817047169, 30.029403188589662 ], [ 31.362680240626577, 30.029403188589662 ] ] ] } },
{ "type": "Feature", "properties": { "area_m2": 250000.0, "zone_code": "NSR-GRID-293" }, "geometry": { "type": "Polygon", "coordinates": [ [ [ 31.367171817047169, 30.029403188589662 ], [ 31.367171817047169, 30.033291778581109 ], [ 31.371663393467767, 30.033291778581109 ], [ 31.371663393467767, 30.029403188589662 ], [ 31.367171817047169, 30.029403188589662 ] ] ] } },
{ "type": "Feature", "properties": { "area_m2": 250000.0, "zone_code": "NSR-GRID-294" }, "geometry": { "type": "Polygon", "coordinates": [ [ [ 31.371663393467767, 30.029403188589662 ], [ 31.371663393467767, 30.033291778581109 ], [ 31.376154969888365, 30.033291778581109 ], [ 31.376154969888365, 30.029403188589662 ], [ 31.371663393467767, 30.029403188589662 ] ] ] } },
{ "type": "Feature", "properties": { "area_m2": 250000.0, "zone_code": "NSR-GRID-295" }, "geometry": { "type": "Polygon", "coordinates": [ [ [ 31.376154969888365, 30.029403188589662 ], [ 31.376154969888365, 30.033291778581109 ], [ 31.380646546308967, 30.033291778581109 ], [ 31.380646546308967, 30.029403188589662 ], [ 31.376154969888365, 30.029403188589662 ] ] ] } },
{ "type": "Feature", "properties": { "area_m2": 250000.0, "zone_code": "NSR-GRID-296" }, "geometry": { "type": "Polygon", "coordinates": [ [ [ 31.380646546308967, 30.029403188589662 ], [ 31.380646546308967, 30.033291778581109 ], [ 31.385138122729565, 30.033291778581109 ], [ 31.385138122729565, 30.029403188589662 ], [ 31.380646546308967, 30.029403188589662 ] ] ] } },
{ "type": "Feature", "properties": { "area_m2": 250000.0, "zone_code": "NSR-GRID-297" }, "geometry": { "type": "Polygon", "coordinates": [ [ [ 31.385138122729565, 30.029403188589662 ], [ 31.385138122729565, 30.033291778581109 ], [ 31.389629699150163, 30.033291778581109 ], [ 31.389629699150163, 30.029403188589662 ], [ 31.385138122729565, 30.029403188589662 ] ] ] } },
{ "type": "Feature", "properties": { "area_m2": 250000.0, "zone_code": "NSR-GRID-298" }, "geometry": { "type": "Polygon", "coordinates": [ [ [ 31.389629699150163, 30.029403188589662 ], [ 31.389629699150163, 30.033291778581109 ], [ 31.394121275570754, 30.033291778581109 ], [ 31.394121275570754, 30.029403188589662 ], [ 31.389629699150163, 30.029403188589662 ] ] ] } },
{ "type": "Feature", "properties": { "area_m2": 250000.0, "zone_code": "NSR-GRID-299" }, "geometry": { "type": "Polygon", "coordinates": [ [ [ 31.394121275570754, 30.029403188589662 ], [ 31.394121275570754, 30.033291778581109 ], [ 31.398612851991352, 30.033291778581109 ], [ 31.398612851991352, 30.029403188589662 ], [ 31.394121275570754, 30.029403188589662 ] ] ] } },
{ "type": "Feature", "properties": { "area_m2": 245228.08076966435, "zone_code": "NSR-GRID-300" }, "geometry": { "type": "Polygon", "coordinates": [ [ [ 31.335730782102992, 30.033291778581109 ], [ 31.340222358523583, 30.033291778581109 ], [ 31.340222358523583, 30.029403188589662 ], [ 31.335730782102992, 30.029403188589662 ], [ 31.335730782102992, 30.031084275071336 ], [ 31.3361202, 30.0310226 ], [ 31.3363632, 30.0315704 ], [ 31.335730782102992, 30.031777576921158 ], [ 31.335730782102992, 30.033291778581109 ] ] ] } },
{ "type": "Feature", "properties": { "area_m2": 686.99567405542496, "zone_code": "NSR-GRID-301" }, "geometry": { "type": "Polygon", "coordinates": [ [ [ 31.335730782102992, 30.029403188589662 ], [ 31.335730782102992, 30.028758974819059 ], [ 31.335581772292223, 30.029403188589662 ], [ 31.335730782102992, 30.029403188589662 ] ] ] } },
{ "type": "Feature", "properties": { "area_m2": 230453.01577977242, "zone_code": "NSR-GRID-302" }, "geometry": { "type": "Polygon", "coordinates": [ [ [ 31.335730782102992, 30.029403188589662 ], [ 31.340222358523583, 30.029403188589662 ], [ 31.340222358523583, 30.02551444604104 ], [ 31.336591199332673, 30.02551444604104 ], [ 31.3358576, 30.0282107 ], [ 31.335730782102992, 30.028758974819059 ], [ 31.335730782102992, 30.029403188589662 ] ] ] } },
{ "type": "Feature", "properties": { "area_m2": 196135.49251711956, "zone_code": "NSR-GRID-303" }, "geometry": { "type": "Polygon", "coordinates": [ [ [ 31.398612851991352, 30.02551444604104 ], [ 31.398612851991352, 30.029403188589662 ], [ 31.402407520234178, 30.029403188589662 ], [ 31.4020118, 30.0265165 ], [ 31.401841090769885, 30.02551444604104 ], [ 31.398612851991352, 30.02551444604104 ] ] ] } },
{ "type": "Feature", "properties": { "area_m2": 250000.0, "zone_code": "NSR-GRID-304" }, "geometry": { "type": "Polygon", "coordinates": [ [ [ 31.340222358523583, 30.02551444604104 ], [ 31.340222358523583, 30.029403188589662 ], [ 31.344713934944181, 30.029403188589662 ], [ 31.344713934944181, 30.02551444604104 ], [ 31.340222358523583, 30.02551444604104 ] ] ] } },
{ "type": "Feature", "properties": { "area_m2": 250000.0, "zone_code": "NSR-GRID-305" }, "geometry": { "type": "Polygon", "coordinates": [ [ [ 31.344713934944181, 30.02551444604104 ], [ 31.344713934944181, 30.029403188589662 ], [ 31.349205511364779, 30.029403188589662 ], [ 31.349205511364779, 30.02551444604104 ], [ 31.344713934944181, 30.02551444604104 ] ] ] } },
{ "type": "Feature", "properties": { "area_m2": 250000.0, "zone_code": "NSR-GRID-306" }, "geometry": { "type": "Polygon", "coordinates": [ [ [ 31.349205511364779, 30.02551444604104 ], [ 31.349205511364779, 30.029403188589662 ], [ 31.353697087785381, 30.029403188589662 ], [ 31.353697087785381, 30.02551444604104 ], [ 31.349205511364779, 30.02551444604104 ] ] ] } },
{ "type": "Feature", "properties": { "area_m2": 250000.0, "zone_code": "NSR-GRID-307" }, "geometry": { "type": "Polygon", "coordinates": [ [ [ 31.353697087785381, 30.02551444604104 ], [ 31.353697087785381, 30.029403188589662 ], [ 31.358188664205979, 30.029403188589662 ], [ 31.358188664205979, 30.02551444604104 ], [ 31.353697087785381, 30.02551444604104 ] ] ] } },
{ "type": "Feature", "properties": { "area_m2": 250000.0, "zone_code": "NSR-GRID-308" }, "geometry": { "type": "Polygon", "coordinates": [ [ [ 31.358188664205979, 30.02551444604104 ], [ 31.358188664205979, 30.029403188589662 ], [ 31.362680240626577, 30.029403188589662 ], [ 31.362680240626577, 30.02551444604104 ], [ 31.358188664205979, 30.02551444604104 ] ] ] } },
{ "type": "Feature", "properties": { "area_m2": 250000.0, "zone_code": "NSR-GRID-309" }, "geometry": { "type": "Polygon", "coordinates": [ [ [ 31.362680240626577, 30.02551444604104 ], [ 31.362680240626577, 30.029403188589662 ], [ 31.367171817047169, 30.029403188589662 ], [ 31.367171817047169, 30.02551444604104 ], [ 31.362680240626577, 30.02551444604104 ] ] ] } },
{ "type": "Feature", "properties": { "area_m2": 250000.0, "zone_code": "NSR-GRID-310" }, "geometry": { "type": "Polygon", "coordinates": [ [ [ 31.367171817047169, 30.02551444604104 ], [ 31.367171817047169, 30.029403188589662 ], [ 31.371663393467767, 30.029403188589662 ], [ 31.371663393467767, 30.02551444604104 ], [ 31.367171817047169, 30.02551444604104 ] ] ] } },
{ "type": "Feature", "properties": { "area_m2": 250000.0, "zone_code": "NSR-GRID-311" }, "geometry": { "type": "Polygon", "coordinates": [ [ [ 31.371663393467767, 30.02551444604104 ], [ 31.371663393467767, 30.029403188589662 ], [ 31.376154969888365, 30.029403188589662 ], [ 31.376154969888365, 30.02551444604104 ], [ 31.371663393467767, 30.02551444604104 ] ] ] } },
{ "type": "Feature", "properties": { "area_m2": 250000.0, "zone_code": "NSR-GRID-312" }, "geometry": { "type": "Polygon", "coordinates": [ [ [ 31.376154969888365, 30.02551444604104 ], [ 31.376154969888365, 30.029403188589662 ], [ 31.380646546308967, 30.029403188589662 ], [ 31.380646546308967, 30.02551444604104 ], [ 31.376154969888365, 30.02551444604104 ] ] ] } },
{ "type": "Feature", "properties": { "area_m2": 250000.0, "zone_code": "NSR-GRID-313" }, "geometry": { "type": "Polygon", "coordinates": [ [ [ 31.380646546308967, 30.02551444604104 ], [ 31.380646546308967, 30.029403188589662 ], [ 31.385138122729565, 30.029403188589662 ], [ 31.385138122729565, 30.02551444604104 ], [ 31.380646546308967, 30.02551444604104 ] ] ] } },
{ "type": "Feature", "properties": { "area_m2": 250000.0, "zone_code": "NSR-GRID-314" }, "geometry": { "type": "Polygon", "coordinates": [ [ [ 31.385138122729565, 30.02551444604104 ], [ 31.385138122729565, 30.029403188589662 ], [ 31.389629699150163, 30.029403188589662 ], [ 31.389629699150163, 30.02551444604104 ], [ 31.385138122729565, 30.02551444604104 ] ] ] } },
{ "type": "Feature", "properties": { "area_m2": 250000.0, "zone_code": "NSR-GRID-315" }, "geometry": { "type": "Polygon", "coordinates": [ [ [ 31.389629699150163, 30.02551444604104 ], [ 31.389629699150163, 30.029403188589662 ], [ 31.394121275570754, 30.029403188589662 ], [ 31.394121275570754, 30.02551444604104 ], [ 31.389629699150163, 30.02551444604104 ] ] ] } },
{ "type": "Feature", "properties": { "area_m2": 250000.0, "zone_code": "NSR-GRID-316" }, "geometry": { "type": "Polygon", "coordinates": [ [ [ 31.394121275570754, 30.02551444604104 ], [ 31.394121275570754, 30.029403188589662 ], [ 31.398612851991352, 30.029403188589662 ], [ 31.398612851991352, 30.02551444604104 ], [ 31.394121275570754, 30.02551444604104 ] ] ] } },
{ "type": "Feature", "properties": { "area_m2": 172663.67750072092, "zone_code": "NSR-GRID-317" }, "geometry": { "type": "Polygon", "coordinates": [ [ [ 31.340222358523583, 30.02551444604104 ], [ 31.340222358523583, 30.021625550947174 ], [ 31.337649283017399, 30.021625550947174 ], [ 31.3375442, 30.0220117 ], [ 31.336591199332673, 30.02551444604104 ], [ 31.340222358523583, 30.02551444604104 ] ] ] } },
{ "type": "Feature", "properties": { "area_m2": 161205.47515621915, "zone_code": "NSR-GRID-318" }, "geometry": { "type": "Polygon", "coordinates": [ [ [ 31.398612851991352, 30.021625550947174 ], [ 31.398612851991352, 30.02551444604104 ], [ 31.401841090769885, 30.02551444604104 ], [ 31.4012908, 30.0222842 ], [ 31.401170032069629, 30.021625550947174 ], [ 31.398612851991352, 30.021625550947174 ] ] ] } },
{ "type": "Feature", "properties": { "area_m2": 250000.0, "zone_code": "NSR-GRID-319" }, "geometry": { "type": "Polygon", "coordinates": [ [ [ 31.340222358523583, 30.021625550947174 ], [ 31.340222358523583, 30.02551444604104 ], [ 31.344713934944181, 30.02551444604104 ], [ 31.344713934944181, 30.021625550947174 ], [ 31.340222358523583, 30.021625550947174 ] ] ] } },
{ "type": "Feature", "properties": { "area_m2": 250000.0, "zone_code": "NSR-GRID-320" }, "geometry": { "type": "Polygon", "coordinates": [ [ [ 31.344713934944181, 30.021625550947174 ], [ 31.344713934944181, 30.02551444604104 ], [ 31.349205511364779, 30.02551444604104 ], [ 31.349205511364779, 30.021625550947174 ], [ 31.344713934944181, 30.021625550947174 ] ] ] } },
{ "type": "Feature", "properties": { "area_m2": 250000.0, "zone_code": "NSR-GRID-321" }, "geometry": { "type": "Polygon", "coordinates": [ [ [ 31.349205511364779, 30.021625550947174 ], [ 31.349205511364779, 30.02551444604104 ], [ 31.353697087785381, 30.02551444604104 ], [ 31.353697087785381, 30.021625550947174 ], [ 31.349205511364779, 30.021625550947174 ] ] ] } },
{ "type": "Feature", "properties": { "area_m2": 250000.0, "zone_code": "NSR-GRID-322" }, "geometry": { "type": "Polygon", "coordinates": [ [ [ 31.353697087785381, 30.021625550947174 ], [ 31.353697087785381, 30.02551444604104 ], [ 31.358188664205979, 30.02551444604104 ], [ 31.358188664205979, 30.021625550947174 ], [ 31.353697087785381, 30.021625550947174 ] ] ] } },
{ "type": "Feature", "properties": { "area_m2": 250000.0, "zone_code": "NSR-GRID-323" }, "geometry": { "type": "Polygon", "coordinates": [ [ [ 31.358188664205979, 30.021625550947174 ], [ 31.358188664205979, 30.02551444604104 ], [ 31.362680240626577, 30.02551444604104 ], [ 31.362680240626577, 30.021625550947174 ], [ 31.358188664205979, 30.021625550947174 ] ] ] } },
{ "type": "Feature", "properties": { "area_m2": 250000.0, "zone_code": "NSR-GRID-324" }, "geometry": { "type": "Polygon", "coordinates": [ [ [ 31.362680240626577, 30.021625550947174 ], [ 31.362680240626577, 30.02551444604104 ], [ 31.367171817047169, 30.02551444604104 ], [ 31.367171817047169, 30.021625550947174 ], [ 31.362680240626577, 30.021625550947174 ] ] ] } },
{ "type": "Feature", "properties": { "area_m2": 250000.0, "zone_code": "NSR-GRID-325" }, "geometry": { "type": "Polygon", "coordinates": [ [ [ 31.367171817047169, 30.021625550947174 ], [ 31.367171817047169, 30.02551444604104 ], [ 31.371663393467767, 30.02551444604104 ], [ 31.371663393467767, 30.021625550947174 ], [ 31.367171817047169, 30.021625550947174 ] ] ] } },
{ "type": "Feature", "properties": { "area_m2": 250000.0, "zone_code": "NSR-GRID-326" }, "geometry": { "type": "Polygon", "coordinates": [ [ [ 31.371663393467767, 30.021625550947174 ], [ 31.371663393467767, 30.02551444604104 ], [ 31.376154969888365, 30.02551444604104 ], [ 31.376154969888365, 30.021625550947174 ], [ 31.371663393467767, 30.021625550947174 ] ] ] } },
{ "type": "Feature", "properties": { "area_m2": 250000.0, "zone_code": "NSR-GRID-327" }, "geometry": { "type": "Polygon", "coordinates": [ [ [ 31.376154969888365, 30.021625550947174 ], [ 31.376154969888365, 30.02551444604104 ], [ 31.380646546308967, 30.02551444604104 ], [ 31.380646546308967, 30.021625550947174 ], [ 31.376154969888365, 30.021625550947174 ] ] ] } },
{ "type": "Feature", "properties": { "area_m2": 250000.0, "zone_code": "NSR-GRID-328" }, "geometry": { "type": "Polygon", "coordinates": [ [ [ 31.380646546308967, 30.021625550947174 ], [ 31.380646546308967, 30.02551444604104 ], [ 31.385138122729565, 30.02551444604104 ], [ 31.385138122729565, 30.021625550947174 ], [ 31.380646546308967, 30.021625550947174 ] ] ] } },
{ "type": "Feature", "properties": { "area_m2": 250000.0, "zone_code": "NSR-GRID-329" }, "geometry": { "type": "Polygon", "coordinates": [ [ [ 31.385138122729565, 30.021625550947174 ], [ 31.385138122729565, 30.02551444604104 ], [ 31.389629699150163, 30.02551444604104 ], [ 31.389629699150163, 30.021625550947174 ], [ 31.385138122729565, 30.021625550947174 ] ] ] } },
{ "type": "Feature", "properties": { "area_m2": 250000.0, "zone_code": "NSR-GRID-330" }, "geometry": { "type": "Polygon", "coordinates": [ [ [ 31.389629699150163, 30.021625550947174 ], [ 31.389629699150163, 30.02551444604104 ], [ 31.394121275570754, 30.02551444604104 ], [ 31.394121275570754, 30.021625550947174 ], [ 31.389629699150163, 30.021625550947174 ] ] ] } },
{ "type": "Feature", "properties": { "area_m2": 250000.0, "zone_code": "NSR-GRID-331" }, "geometry": { "type": "Polygon", "coordinates": [ [ [ 31.394121275570754, 30.021625550947174 ], [ 31.394121275570754, 30.02551444604104 ], [ 31.398612851991352, 30.02551444604104 ], [ 31.398612851991352, 30.021625550947174 ], [ 31.394121275570754, 30.021625550947174 ] ] ] } },
{ "type": "Feature", "properties": { "area_m2": 107470.59357697798, "zone_code": "NSR-GRID-332" }, "geometry": { "type": "Polygon", "coordinates": [ [ [ 31.340222358523583, 30.021625550947174 ], [ 31.340222358523583, 30.017736503319995 ], [ 31.339082370479577, 30.017736503319995 ], [ 31.338069, 30.0200832 ], [ 31.337649283017399, 30.021625550947174 ], [ 31.340222358523583, 30.021625550947174 ] ] ] } },
{ "type": "Feature", "properties": { "area_m2": 122582.80277798048, "zone_code": "NSR-GRID-333" }, "geometry": { "type": "Polygon", "coordinates": [ [ [ 31.398612851991352, 30.017736503319995 ], [ 31.398612851991352, 30.021625550947174 ], [ 31.401170032069629, 30.021625550947174 ], [ 31.4005473, 30.0182292 ], [ 31.40048402247028, 30.017736503319995 ], [ 31.398612851991352, 30.017736503319995 ] ] ] } },
{ "type": "Feature", "properties": { "area_m2": 250000.0, "zone_code": "NSR-GRID-334" }, "geometry": { "type": "Polygon", "coordinates": [ [ [ 31.340222358523583, 30.017736503319995 ], [ 31.340222358523583, 30.021625550947174 ], [ 31.344713934944181, 30.021625550947174 ], [ 31.344713934944181, 30.017736503319995 ], [ 31.340222358523583, 30.017736503319995 ] ] ] } },
{ "type": "Feature", "properties": { "area_m2": 250000.0, "zone_code": "NSR-GRID-335" }, "geometry": { "type": "Polygon", "coordinates": [ [ [ 31.344713934944181, 30.017736503319995 ], [ 31.344713934944181, 30.021625550947174 ], [ 31.349205511364779, 30.021625550947174 ], [ 31.349205511364779, 30.017736503319995 ], [ 31.344713934944181, 30.017736503319995 ] ] ] } },
{ "type": "Feature", "properties": { "area_m2": 250000.0, "zone_code": "NSR-GRID-336" }, "geometry": { "type": "Polygon", "coordinates": [ [ [ 31.349205511364779, 30.017736503319995 ], [ 31.349205511364779, 30.021625550947174 ], [ 31.353697087785381, 30.021625550947174 ], [ 31.353697087785381, 30.017736503319995 ], [ 31.349205511364779, 30.017736503319995 ] ] ] } },
{ "type": "Feature", "properties": { "area_m2": 250000.0, "zone_code": "NSR-GRID-337" }, "geometry": { "type": "Polygon", "coordinates": [ [ [ 31.353697087785381, 30.017736503319995 ], [ 31.353697087785381, 30.021625550947174 ], [ 31.358188664205979, 30.021625550947174 ], [ 31.358188664205979, 30.017736503319995 ], [ 31.353697087785381, 30.017736503319995 ] ] ] } },
{ "type": "Feature", "properties": { "area_m2": 250000.0, "zone_code": "NSR-GRID-338" }, "geometry": { "type": "Polygon", "coordinates": [ [ [ 31.358188664205979, 30.017736503319995 ], [ 31.358188664205979, 30.021625550947174 ], [ 31.362680240626577, 30.021625550947174 ], [ 31.362680240626577, 30.017736503319995 ], [ 31.358188664205979, 30.017736503319995 ] ] ] } },
{ "type": "Feature", "properties": { "area_m2": 250000.0, "zone_code": "NSR-GRID-339" }, "geometry": { "type": "Polygon", "coordinates": [ [ [ 31.362680240626577, 30.017736503319995 ], [ 31.362680240626577, 30.021625550947174 ], [ 31.367171817047169, 30.021625550947174 ], [ 31.367171817047169, 30.017736503319995 ], [ 31.362680240626577, 30.017736503319995 ] ] ] } },
{ "type": "Feature", "properties": { "area_m2": 250000.0, "zone_code": "NSR-GRID-340" }, "geometry": { "type": "Polygon", "coordinates": [ [ [ 31.367171817047169, 30.017736503319995 ], [ 31.367171817047169, 30.021625550947174 ], [ 31.371663393467767, 30.021625550947174 ], [ 31.371663393467767, 30.017736503319995 ], [ 31.367171817047169, 30.017736503319995 ] ] ] } },
{ "type": "Feature", "properties": { "area_m2": 250000.0, "zone_code": "NSR-GRID-341" }, "geometry": { "type": "Polygon", "coordinates": [ [ [ 31.371663393467767, 30.017736503319995 ], [ 31.371663393467767, 30.021625550947174 ], [ 31.376154969888365, 30.021625550947174 ], [ 31.376154969888365, 30.017736503319995 ], [ 31.371663393467767, 30.017736503319995 ] ] ] } },
{ "type": "Feature", "properties": { "area_m2": 250000.0, "zone_code": "NSR-GRID-342" }, "geometry": { "type": "Polygon", "coordinates": [ [ [ 31.376154969888365, 30.017736503319995 ], [ 31.376154969888365, 30.021625550947174 ], [ 31.380646546308967, 30.021625550947174 ], [ 31.380646546308967, 30.017736503319995 ], [ 31.376154969888365, 30.017736503319995 ] ] ] } },
{ "type": "Feature", "properties": { "area_m2": 250000.0, "zone_code": "NSR-GRID-343" }, "geometry": { "type": "Polygon", "coordinates": [ [ [ 31.380646546308967, 30.017736503319995 ], [ 31.380646546308967, 30.021625550947174 ], [ 31.385138122729565, 30.021625550947174 ], [ 31.385138122729565, 30.017736503319995 ], [ 31.380646546308967, 30.017736503319995 ] ] ] } },
{ "type": "Feature", "properties": { "area_m2": 250000.0, "zone_code": "NSR-GRID-344" }, "geometry": { "type": "Polygon", "coordinates": [ [ [ 31.385138122729565, 30.017736503319995 ], [ 31.385138122729565, 30.021625550947174 ], [ 31.389629699150163, 30.021625550947174 ], [ 31.389629699150163, 30.017736503319995 ], [ 31.385138122729565, 30.017736503319995 ] ] ] } },
{ "type": "Feature", "properties": { "area_m2": 250000.0, "zone_code": "NSR-GRID-345" }, "geometry": { "type": "Polygon", "coordinates": [ [ [ 31.389629699150163, 30.017736503319995 ], [ 31.389629699150163, 30.021625550947174 ], [ 31.394121275570754, 30.021625550947174 ], [ 31.394121275570754, 30.017736503319995 ], [ 31.389629699150163, 30.017736503319995 ] ] ] } },
{ "type": "Feature", "properties": { "area_m2": 250000.0, "zone_code": "NSR-GRID-346" }, "geometry": { "type": "Polygon", "coordinates": [ [ [ 31.394121275570754, 30.017736503319995 ], [ 31.394121275570754, 30.021625550947174 ], [ 31.398612851991352, 30.021625550947174 ], [ 31.398612851991352, 30.017736503319995 ], [ 31.394121275570754, 30.017736503319995 ] ] ] } },
{ "type": "Feature", "properties": { "area_m2": 20634.729959820106, "zone_code": "NSR-GRID-347" }, "geometry": { "type": "Polygon", "coordinates": [ [ [ 31.340222358523583, 30.017736503319995 ], [ 31.340222358523583, 30.015287317332451 ], [ 31.3395626, 30.0166244 ], [ 31.339082370479577, 30.017736503319995 ], [ 31.340222358523583, 30.017736503319995 ] ] ] } },
{ "type": "Feature", "properties": { "area_m2": 90248.328361427411, "zone_code": "NSR-GRID-348" }, "geometry": { "type": "Polygon", "coordinates": [ [ [ 31.398612851991352, 30.013847303171438 ], [ 31.398612851991352, 30.017736503319995 ], [ 31.40048402247028, 30.017736503319995 ], [ 31.399984539621762, 30.013847303171438 ], [ 31.398612851991352, 30.013847303171438 ] ] ] } },
{ "type": "Feature", "properties": { "area_m2": 243699.78978208697, "zone_code": "NSR-GRID-349" }, "geometry": { "type": "Polygon", "coordinates": [ [ [ 31.340222358523583, 30.017736503319995 ], [ 31.344713934944181, 30.017736503319995 ], [ 31.344713934944181, 30.013847303171438 ], [ 31.340817047780146, 30.013847303171438 ], [ 31.340325, 30.015079299999989 ], [ 31.340222358523583, 30.015287317332451 ], [ 31.340222358523583, 30.017736503319995 ] ] ] } },
{ "type": "Feature", "properties": { "area_m2": 250000.0, "zone_code": "NSR-GRID-350" }, "geometry": { "type": "Polygon", "coordinates": [ [ [ 31.344713934944181, 30.013847303171438 ], [ 31.344713934944181, 30.017736503319995 ], [ 31.349205511364779, 30.017736503319995 ], [ 31.349205511364779, 30.013847303171438 ], [ 31.344713934944181, 30.013847303171438 ] ] ] } },
{ "type": "Feature", "properties": { "area_m2": 250000.0, "zone_code": "NSR-GRID-351" }, "geometry": { "type": "Polygon", "coordinates": [ [ [ 31.349205511364779, 30.013847303171438 ], [ 31.349205511364779, 30.017736503319995 ], [ 31.353697087785381, 30.017736503319995 ], [ 31.353697087785381, 30.013847303171438 ], [ 31.349205511364779, 30.013847303171438 ] ] ] } },
{ "type": "Feature", "properties": { "area_m2": 250000.0, "zone_code": "NSR-GRID-352" }, "geometry": { "type": "Polygon", "coordinates": [ [ [ 31.353697087785381, 30.013847303171438 ], [ 31.353697087785381, 30.017736503319995 ], [ 31.358188664205979, 30.017736503319995 ], [ 31.358188664205979, 30.013847303171438 ], [ 31.353697087785381, 30.013847303171438 ] ] ] } },
{ "type": "Feature", "properties": { "area_m2": 250000.0, "zone_code": "NSR-GRID-353" }, "geometry": { "type": "Polygon", "coordinates": [ [ [ 31.358188664205979, 30.013847303171438 ], [ 31.358188664205979, 30.017736503319995 ], [ 31.362680240626577, 30.017736503319995 ], [ 31.362680240626577, 30.013847303171438 ], [ 31.358188664205979, 30.013847303171438 ] ] ] } },
{ "type": "Feature", "properties": { "area_m2": 250000.0, "zone_code": "NSR-GRID-354" }, "geometry": { "type": "Polygon", "coordinates": [ [ [ 31.362680240626577, 30.013847303171438 ], [ 31.362680240626577, 30.017736503319995 ], [ 31.367171817047169, 30.017736503319995 ], [ 31.367171817047169, 30.013847303171438 ], [ 31.362680240626577, 30.013847303171438 ] ] ] } },
{ "type": "Feature", "properties": { "area_m2": 250000.0, "zone_code": "NSR-GRID-355" }, "geometry": { "type": "Polygon", "coordinates": [ [ [ 31.367171817047169, 30.013847303171438 ], [ 31.367171817047169, 30.017736503319995 ], [ 31.371663393467767, 30.017736503319995 ], [ 31.371663393467767, 30.013847303171438 ], [ 31.367171817047169, 30.013847303171438 ] ] ] } },
{ "type": "Feature", "properties": { "area_m2": 250000.0, "zone_code": "NSR-GRID-356" }, "geometry": { "type": "Polygon", "coordinates": [ [ [ 31.371663393467767, 30.013847303171438 ], [ 31.371663393467767, 30.017736503319995 ], [ 31.376154969888365, 30.017736503319995 ], [ 31.376154969888365, 30.013847303171438 ], [ 31.371663393467767, 30.013847303171438 ] ] ] } },
{ "type": "Feature", "properties": { "area_m2": 250000.0, "zone_code": "NSR-GRID-357" }, "geometry": { "type": "Polygon", "coordinates": [ [ [ 31.376154969888365, 30.013847303171438 ], [ 31.376154969888365, 30.017736503319995 ], [ 31.380646546308967, 30.017736503319995 ], [ 31.380646546308967, 30.013847303171438 ], [ 31.376154969888365, 30.013847303171438 ] ] ] } },
{ "type": "Feature", "properties": { "area_m2": 250000.0, "zone_code": "NSR-GRID-358" }, "geometry": { "type": "Polygon", "coordinates": [ [ [ 31.380646546308967, 30.013847303171438 ], [ 31.380646546308967, 30.017736503319995 ], [ 31.385138122729565, 30.017736503319995 ], [ 31.385138122729565, 30.013847303171438 ], [ 31.380646546308967, 30.013847303171438 ] ] ] } },
{ "type": "Feature", "properties": { "area_m2": 250000.0, "zone_code": "NSR-GRID-359" }, "geometry": { "type": "Polygon", "coordinates": [ [ [ 31.385138122729565, 30.013847303171438 ], [ 31.385138122729565, 30.017736503319995 ], [ 31.389629699150163, 30.017736503319995 ], [ 31.389629699150163, 30.013847303171438 ], [ 31.385138122729565, 30.013847303171438 ] ] ] } },
{ "type": "Feature", "properties": { "area_m2": 250000.0, "zone_code": "NSR-GRID-360" }, "geometry": { "type": "Polygon", "coordinates": [ [ [ 31.389629699150163, 30.013847303171438 ], [ 31.389629699150163, 30.017736503319995 ], [ 31.394121275570754, 30.017736503319995 ], [ 31.394121275570754, 30.013847303171438 ], [ 31.389629699150163, 30.013847303171438 ] ] ] } },
{ "type": "Feature", "properties": { "area_m2": 250000.0, "zone_code": "NSR-GRID-361" }, "geometry": { "type": "Polygon", "coordinates": [ [ [ 31.394121275570754, 30.013847303171438 ], [ 31.394121275570754, 30.017736503319995 ], [ 31.398612851991352, 30.017736503319995 ], [ 31.398612851991352, 30.013847303171438 ], [ 31.394121275570754, 30.013847303171438 ] ] ] } },
{ "type": "Feature", "properties": { "area_m2": 66887.151220564381, "zone_code": "NSR-GRID-362" }, "geometry": { "type": "Polygon", "coordinates": [ [ [ 31.398612851991352, 30.009957950513442 ], [ 31.398612851991352, 30.013847303171438 ], [ 31.399984539621762, 30.013847303171438 ], [ 31.3999587, 30.0136461 ], [ 31.399653297949932, 30.009957950513442 ], [ 31.398612851991352, 30.009957950513442 ] ] ] } },
{ "type": "Feature", "properties": { "area_m2": 181823.57314195635, "zone_code": "NSR-GRID-363" }, "geometry": { "type": "Polygon", "coordinates": [ [ [ 31.344713934944181, 30.013847303171438 ], [ 31.344713934944181, 30.009957950513442 ], [ 31.341145107727137, 30.009957950513442 ], [ 31.3412967, 30.0100454 ], [ 31.3419735, 30.0109517 ], [ 31.340817047780146, 30.013847303171438 ], [ 31.344713934944181, 30.013847303171438 ] ] ] } },
{ "type": "Feature", "properties": { "area_m2": 250000.0, "zone_code": "NSR-GRID-364" }, "geometry": { "type": "Polygon", "coordinates": [ [ [ 31.344713934944181, 30.009957950513442 ], [ 31.344713934944181, 30.013847303171438 ], [ 31.349205511364779, 30.013847303171438 ], [ 31.349205511364779, 30.009957950513442 ], [ 31.344713934944181, 30.009957950513442 ] ] ] } },
{ "type": "Feature", "properties": { "area_m2": 250000.0, "zone_code": "NSR-GRID-365" }, "geometry": { "type": "Polygon", "coordinates": [ [ [ 31.349205511364779, 30.009957950513442 ], [ 31.349205511364779, 30.013847303171438 ], [ 31.353697087785381, 30.013847303171438 ], [ 31.353697087785381, 30.009957950513442 ], [ 31.349205511364779, 30.009957950513442 ] ] ] } },
{ "type": "Feature", "properties": { "area_m2": 250000.0, "zone_code": "NSR-GRID-366" }, "geometry": { "type": "Polygon", "coordinates": [ [ [ 31.353697087785381, 30.009957950513442 ], [ 31.353697087785381, 30.013847303171438 ], [ 31.358188664205979, 30.013847303171438 ], [ 31.358188664205979, 30.009957950513442 ], [ 31.353697087785381, 30.009957950513442 ] ] ] } },
{ "type": "Feature", "properties": { "area_m2": 250000.0, "zone_code": "NSR-GRID-367" }, "geometry": { "type": "Polygon", "coordinates": [ [ [ 31.358188664205979, 30.009957950513442 ], [ 31.358188664205979, 30.013847303171438 ], [ 31.362680240626577, 30.013847303171438 ], [ 31.362680240626577, 30.009957950513442 ], [ 31.358188664205979, 30.009957950513442 ] ] ] } },
{ "type": "Feature", "properties": { "area_m2": 250000.0, "zone_code": "NSR-GRID-368" }, "geometry": { "type": "Polygon", "coordinates": [ [ [ 31.362680240626577, 30.009957950513442 ], [ 31.362680240626577, 30.013847303171438 ], [ 31.367171817047169, 30.013847303171438 ], [ 31.367171817047169, 30.009957950513442 ], [ 31.362680240626577, 30.009957950513442 ] ] ] } },
{ "type": "Feature", "properties": { "area_m2": 250000.0, "zone_code": "NSR-GRID-369" }, "geometry": { "type": "Polygon", "coordinates": [ [ [ 31.367171817047169, 30.009957950513442 ], [ 31.367171817047169, 30.013847303171438 ], [ 31.371663393467767, 30.013847303171438 ], [ 31.371663393467767, 30.009957950513442 ], [ 31.367171817047169, 30.009957950513442 ] ] ] } },
{ "type": "Feature", "properties": { "area_m2": 250000.0, "zone_code": "NSR-GRID-370" }, "geometry": { "type": "Polygon", "coordinates": [ [ [ 31.371663393467767, 30.009957950513442 ], [ 31.371663393467767, 30.013847303171438 ], [ 31.376154969888365, 30.013847303171438 ], [ 31.376154969888365, 30.009957950513442 ], [ 31.371663393467767, 30.009957950513442 ] ] ] } },
{ "type": "Feature", "properties": { "area_m2": 250000.0, "zone_code": "NSR-GRID-371" }, "geometry": { "type": "Polygon", "coordinates": [ [ [ 31.376154969888365, 30.009957950513442 ], [ 31.376154969888365, 30.013847303171438 ], [ 31.380646546308967, 30.013847303171438 ], [ 31.380646546308967, 30.009957950513442 ], [ 31.376154969888365, 30.009957950513442 ] ] ] } },
{ "type": "Feature", "properties": { "area_m2": 250000.0, "zone_code": "NSR-GRID-372" }, "geometry": { "type": "Polygon", "coordinates": [ [ [ 31.380646546308967, 30.009957950513442 ], [ 31.380646546308967, 30.013847303171438 ], [ 31.385138122729565, 30.013847303171438 ], [ 31.385138122729565, 30.009957950513442 ], [ 31.380646546308967, 30.009957950513442 ] ] ] } },
{ "type": "Feature", "properties": { "area_m2": 250000.0, "zone_code": "NSR-GRID-373" }, "geometry": { "type": "Polygon", "coordinates": [ [ [ 31.385138122729565, 30.009957950513442 ], [ 31.385138122729565, 30.013847303171438 ], [ 31.389629699150163, 30.013847303171438 ], [ 31.389629699150163, 30.009957950513442 ], [ 31.385138122729565, 30.009957950513442 ] ] ] } },
{ "type": "Feature", "properties": { "area_m2": 250000.0, "zone_code": "NSR-GRID-374" }, "geometry": { "type": "Polygon", "coordinates": [ [ [ 31.389629699150163, 30.009957950513442 ], [ 31.389629699150163, 30.013847303171438 ], [ 31.394121275570754, 30.013847303171438 ], [ 31.394121275570754, 30.009957950513442 ], [ 31.389629699150163, 30.009957950513442 ] ] ] } },
{ "type": "Feature", "properties": { "area_m2": 250000.0, "zone_code": "NSR-GRID-375" }, "geometry": { "type": "Polygon", "coordinates": [ [ [ 31.394121275570754, 30.009957950513442 ], [ 31.394121275570754, 30.013847303171438 ], [ 31.398612851991352, 30.013847303171438 ], [ 31.398612851991352, 30.009957950513442 ], [ 31.394121275570754, 30.009957950513442 ] ] ] } },
{ "type": "Feature", "properties": { "area_m2": 18380.532457311747, "zone_code": "NSR-GRID-376" }, "geometry": { "type": "Polygon", "coordinates": [ [ [ 31.344713934944181, 30.009957950513442 ], [ 31.344713934944181, 30.00963243951507 ], [ 31.3435519, 30.0096457 ], [ 31.3405123, 30.0095929 ], [ 31.341145107727137, 30.009957950513442 ], [ 31.344713934944181, 30.009957950513442 ] ] ] } },
{ "type": "Feature", "properties": { "area_m2": 22145.339540214747, "zone_code": "NSR-GRID-377" }, "geometry": { "type": "Polygon", "coordinates": [ [ [ 31.344713934944181, 30.009957950513442 ], [ 31.349205511364779, 30.009957950513442 ], [ 31.349205511364779, 30.008919311273917 ], [ 31.3489258, 30.0096636 ], [ 31.3461195, 30.0096164 ], [ 31.344713934944181, 30.00963243951507 ], [ 31.344713934944181, 30.009957950513442 ] ] ] } },
{ "type": "Feature", "properties": { "area_m2": 93458.232195828037, "zone_code": "NSR-GRID-378" }, "geometry": { "type": "Polygon", "coordinates": [ [ [ 31.358188664205979, 30.009957950513442 ], [ 31.362680240626577, 30.009957950513442 ], [ 31.362680240626577, 30.00646120411427 ], [ 31.3623201, 30.0064509 ], [ 31.3609711, 30.0094864 ], [ 31.358188664205979, 30.008570644526944 ], [ 31.358188664205979, 30.009957950513442 ] ] ] } },
{ "type": "Feature", "properties": { "area_m2": 28667.366946863876, "zone_code": "NSR-GRID-379" }, "geometry": { "type": "Polygon", "coordinates": [ [ [ 31.398612851991352, 30.009957950513442 ], [ 31.399653297949932, 30.009957950513442 ], [ 31.3996223, 30.0095836 ], [ 31.398612851991352, 30.00637475512131 ], [ 31.398612851991352, 30.009957950513442 ] ] ] } },
{ "type": "Feature", "properties": { "area_m2": 184181.18524742604, "zone_code": "NSR-GRID-380" }, "geometry": { "type": "Polygon", "coordinates": [ [ [ 31.353697087785381, 30.006068445357947 ], [ 31.353697087785381, 30.009957950513442 ], [ 31.358188664205979, 30.009957950513442 ], [ 31.358188664205979, 30.008570644526944 ], [ 31.3570464, 30.008194700000011 ], [ 31.355206544243213, 30.006068445357947 ], [ 31.353697087785381, 30.006068445357947 ] ] ] } },
{ "type": "Feature", "properties": { "area_m2": 220625.70493319072, "zone_code": "NSR-GRID-381" }, "geometry": { "type": "Polygon", "coordinates": [ [ [ 31.362680240626577, 30.009957950513442 ], [ 31.367171817047169, 30.009957950513442 ], [ 31.367171817047169, 30.006589714148756 ], [ 31.362680240626577, 30.00646120411427 ], [ 31.362680240626577, 30.009957950513442 ] ] ] } },
{ "type": "Feature", "properties": { "area_m2": 231654.22470545556, "zone_code": "NSR-GRID-382" }, "geometry": { "type": "Polygon", "coordinates": [ [ [ 31.367171817047169, 30.009957950513442 ], [ 31.371663393467767, 30.009957950513442 ], [ 31.371663393467767, 30.006068445357947 ], [ 31.36972142083517, 30.006068445357947 ], [ 31.3697408, 30.0064635 ], [ 31.3682618, 30.0066209 ], [ 31.367171817047169, 30.006589714148756 ], [ 31.367171817047169, 30.009957950513442 ] ] ] } },
{ "type": "Feature", "properties": { "area_m2": 228067.68545772188, "zone_code": "NSR-GRID-383" }, "geometry": { "type": "Polygon", "coordinates": [ [ [ 31.349205511364779, 30.009957950513442 ], [ 31.353697087785381, 30.009957950513442 ], [ 31.353697087785381, 30.006068445357947 ], [ 31.350293764170146, 30.006068445357947 ], [ 31.350033, 30.0067174 ], [ 31.349205511364779, 30.008919311273917 ], [ 31.349205511364779, 30.009957950513442 ] ] ] } },
{ "type": "Feature", "properties": { "area_m2": 249788.81734588684, "zone_code": "NSR-GRID-384" }, "geometry": { "type": "Polygon", "coordinates": [ [ [ 31.394121275570754, 30.006068445357947 ], [ 31.394121275570754, 30.009957950513442 ], [ 31.398612851991352, 30.009957950513442 ], [ 31.398612851991352, 30.00637475512131 ], [ 31.398516493857947, 30.006068445357947 ], [ 31.394121275570754, 30.006068445357947 ] ] ] } },
{ "type": "Feature", "properties": { "area_m2": 250000.0, "zone_code": "NSR-GRID-385" }, "geometry": { "type": "Polygon", "coordinates": [ [ [ 31.371663393467767, 30.006068445357947 ], [ 31.371663393467767, 30.009957950513442 ], [ 31.376154969888365, 30.009957950513442 ], [ 31.376154969888365, 30.006068445357947 ], [ 31.371663393467767, 30.006068445357947 ] ] ] } },
{ "type": "Feature", "properties": { "area_m2": 250000.0, "zone_code": "NSR-GRID-386" }, "geometry": { "type": "Polygon", "coordinates": [ [ [ 31.376154969888365, 30.006068445357947 ], [ 31.376154969888365, 30.009957950513442 ], [ 31.380646546308967, 30.009957950513442 ], [ 31.380646546308967, 30.006068445357947 ], [ 31.376154969888365, 30.006068445357947 ] ] ] } },
{ "type": "Feature", "properties": { "area_m2": 250000.0, "zone_code": "NSR-GRID-387" }, "geometry": { "type": "Polygon", "coordinates": [ [ [ 31.380646546308967, 30.006068445357947 ], [ 31.380646546308967, 30.009957950513442 ], [ 31.385138122729565, 30.009957950513442 ], [ 31.385138122729565, 30.006068445357947 ], [ 31.380646546308967, 30.006068445357947 ] ] ] } },
{ "type": "Feature", "properties": { "area_m2": 250000.0, "zone_code": "NSR-GRID-388" }, "geometry": { "type": "Polygon", "coordinates": [ [ [ 31.385138122729565, 30.006068445357947 ], [ 31.385138122729565, 30.009957950513442 ], [ 31.389629699150163, 30.009957950513442 ], [ 31.389629699150163, 30.006068445357947 ], [ 31.385138122729565, 30.006068445357947 ] ] ] } },
{ "type": "Feature", "properties": { "area_m2": 250000.0, "zone_code": "NSR-GRID-389" }, "geometry": { "type": "Polygon", "coordinates": [ [ [ 31.389629699150163, 30.006068445357947 ], [ 31.389629699150163, 30.009957950513442 ], [ 31.394121275570754, 30.009957950513442 ], [ 31.394121275570754, 30.006068445357947 ], [ 31.389629699150163, 30.006068445357947 ] ] ] } },
{ "type": "Feature", "properties": { "area_m2": 16709.395338283022, "zone_code": "NSR-GRID-390" }, "geometry": { "type": "Polygon", "coordinates": [ [ [ 31.353697087785381, 30.006068445357947 ], [ 31.355206544243213, 30.006068445357947 ], [ 31.354288, 30.0050069 ], [ 31.353697087785381, 30.004827975453527 ], [ 31.353697087785381, 30.006068445357947 ] ] ] } },
{ "type": "Feature", "properties": { "area_m2": 72286.656842251658, "zone_code": "NSR-GRID-391" }, "geometry": { "type": "Polygon", "coordinates": [ [ [ 31.353697087785381, 30.006068445357947 ], [ 31.353697087785381, 30.004827975453527 ], [ 31.3511073, 30.0040438 ], [ 31.350293764170146, 30.006068445357947 ], [ 31.353697087785381, 30.006068445357947 ] ] ] } },
{ "type": "Feature", "properties": { "area_m2": 175985.82833416315, "zone_code": "NSR-GRID-392" }, "geometry": { "type": "Polygon", "coordinates": [ [ [ 31.394121275570754, 30.002178787716911 ], [ 31.394121275570754, 30.006068445357947 ], [ 31.398516493857947, 30.006068445357947 ], [ 31.3984675, 30.0059127 ], [ 31.3973897, 30.0042056 ], [ 31.39590329365825, 30.002178787716911 ], [ 31.394121275570754, 30.002178787716911 ] ] ] } },
{ "type": "Feature", "properties": { "area_m2": 250000.0, "zone_code": "NSR-GRID-393" }, "geometry": { "type": "Polygon", "coordinates": [ [ [ 31.371663393467767, 30.002178787716911 ], [ 31.371663393467767, 30.006068445357947 ], [ 31.376154969888365, 30.006068445357947 ], [ 31.376154969888365, 30.002178787716911 ], [ 31.371663393467767, 30.002178787716911 ] ] ] } },
{ "type": "Feature", "properties": { "area_m2": 250000.0, "zone_code": "NSR-GRID-394" }, "geometry": { "type": "Polygon", "coordinates": [ [ [ 31.376154969888365, 30.002178787716911 ], [ 31.376154969888365, 30.006068445357947 ], [ 31.380646546308967, 30.006068445357947 ], [ 31.380646546308967, 30.002178787716911 ], [ 31.376154969888365, 30.002178787716911 ] ] ] } },
{ "type": "Feature", "properties": { "area_m2": 250000.0, "zone_code": "NSR-GRID-395" }, "geometry": { "type": "Polygon", "coordinates": [ [ [ 31.380646546308967, 30.002178787716911 ], [ 31.380646546308967, 30.006068445357947 ], [ 31.385138122729565, 30.006068445357947 ], [ 31.385138122729565, 30.002178787716911 ], [ 31.380646546308967, 30.002178787716911 ] ] ] } },
{ "type": "Feature", "properties": { "area_m2": 250000.0, "zone_code": "NSR-GRID-396" }, "geometry": { "type": "Polygon", "coordinates": [ [ [ 31.385138122729565, 30.002178787716911 ], [ 31.385138122729565, 30.006068445357947 ], [ 31.389629699150163, 30.006068445357947 ], [ 31.389629699150163, 30.002178787716911 ], [ 31.385138122729565, 30.002178787716911 ] ] ] } },
{ "type": "Feature", "properties": { "area_m2": 250000.0, "zone_code": "NSR-GRID-397" }, "geometry": { "type": "Polygon", "coordinates": [ [ [ 31.389629699150163, 30.002178787716911 ], [ 31.389629699150163, 30.006068445357947 ], [ 31.394121275570754, 30.006068445357947 ], [ 31.394121275570754, 30.002178787716911 ], [ 31.389629699150163, 30.002178787716911 ] ] ] } },
{ "type": "Feature", "properties": { "area_m2": 114667.82389485423, "zone_code": "NSR-GRID-398" }, "geometry": { "type": "Polygon", "coordinates": [ [ [ 31.371663393467767, 30.006068445357947 ], [ 31.371663393467767, 30.002178787716911 ], [ 31.369477273169199, 30.002178787716911 ], [ 31.3696936, 30.0055013 ], [ 31.36972142083517, 30.006068445357947 ], [ 31.371663393467767, 30.006068445357947 ] ] ] } },
{ "type": "Feature", "properties": { "area_m2": 30943.106496591794, "zone_code": "NSR-GRID-399" }, "geometry": { "type": "Polygon", "coordinates": [ [ [ 31.394121275570754, 30.002178787716911 ], [ 31.39590329365825, 30.002178787716911 ], [ 31.3953018, 30.0013586 ], [ 31.394121275570754, 29.999753325882171 ], [ 31.394121275570754, 30.002178787716911 ] ] ] } },
{ "type": "Feature", "properties": { "area_m2": 238599.63776694154, "zone_code": "NSR-GRID-400" }, "geometry": { "type": "Polygon", "coordinates": [ [ [ 31.389629699150163, 29.998288977602268 ], [ 31.389629699150163, 30.002178787716911 ], [ 31.394121275570754, 30.002178787716911 ], [ 31.394121275570754, 29.999753325882171 ], [ 31.3931751, 29.9984667 ], [ 31.392951301027818, 29.998288977602268 ], [ 31.389629699150163, 29.998288977602268 ] ] ] } },
{ "type": "Feature", "properties": { "area_m2": 250000.0, "zone_code": "NSR-GRID-401" }, "geometry": { "type": "Polygon", "coordinates": [ [ [ 31.371663393467767, 29.998288977602268 ], [ 31.371663393467767, 30.002178787716911 ], [ 31.376154969888365, 30.002178787716911 ], [ 31.376154969888365, 29.998288977602268 ], [ 31.371663393467767, 29.998288977602268 ] ] ] } },
{ "type": "Feature", "properties": { "area_m2": 250000.0, "zone_code": "NSR-GRID-402" }, "geometry": { "type": "Polygon", "coordinates": [ [ [ 31.376154969888365, 29.998288977602268 ], [ 31.376154969888365, 30.002178787716911 ], [ 31.380646546308967, 30.002178787716911 ], [ 31.380646546308967, 29.998288977602268 ], [ 31.376154969888365, 29.998288977602268 ] ] ] } },
{ "type": "Feature", "properties": { "area_m2": 250000.0, "zone_code": "NSR-GRID-403" }, "geometry": { "type": "Polygon", "coordinates": [ [ [ 31.380646546308967, 29.998288977602268 ], [ 31.380646546308967, 30.002178787716911 ], [ 31.385138122729565, 30.002178787716911 ], [ 31.385138122729565, 29.998288977602268 ], [ 31.380646546308967, 29.998288977602268 ] ] ] } },
{ "type": "Feature", "properties": { "area_m2": 250000.0, "zone_code": "NSR-GRID-404" }, "geometry": { "type": "Polygon", "coordinates": [ [ [ 31.385138122729565, 29.998288977602268 ], [ 31.385138122729565, 30.002178787716911 ], [ 31.389629699150163, 30.002178787716911 ], [ 31.389629699150163, 29.998288977602268 ], [ 31.385138122729565, 29.998288977602268 ] ] ] } },
{ "type": "Feature", "properties": { "area_m2": 128726.92739230115, "zone_code": "NSR-GRID-405" }, "geometry": { "type": "Polygon", "coordinates": [ [ [ 31.371663393467767, 30.002178787716911 ], [ 31.371663393467767, 29.998288977602268 ], [ 31.369224019112167, 29.998288977602268 ], [ 31.369477273169199, 30.002178787716911 ], [ 31.371663393467767, 30.002178787716911 ] ] ] } },
{ "type": "Feature", "properties": { "area_m2": 58785.690148440772, "zone_code": "NSR-GRID-406" }, "geometry": { "type": "Polygon", "coordinates": [ [ [ 31.389629699150163, 29.998288977602268 ], [ 31.392951301027818, 29.998288977602268 ], [ 31.3908883, 29.9966507 ], [ 31.389629699150163, 29.99608409464102 ], [ 31.389629699150163, 29.998288977602268 ] ] ] } },
{ "type": "Feature", "properties": { "area_m2": 203592.51186018932, "zone_code": "NSR-GRID-407" }, "geometry": { "type": "Polygon", "coordinates": [ [ [ 31.385138122729565, 29.994399015025984 ], [ 31.385138122729565, 29.998288977602268 ], [ 31.389629699150163, 29.998288977602268 ], [ 31.389629699150163, 29.99608409464102 ], [ 31.3871883, 29.994985 ], [ 31.385580431261879, 29.994399015025984 ], [ 31.385138122729565, 29.994399015025984 ] ] ] } },
{ "type": "Feature", "properties": { "area_m2": 250000.0, "zone_code": "NSR-GRID-408" }, "geometry": { "type": "Polygon", "coordinates": [ [ [ 31.371663393467767, 29.994399015025984 ], [ 31.371663393467767, 29.998288977602268 ], [ 31.376154969888365, 29.998288977602268 ], [ 31.376154969888365, 29.994399015025984 ], [ 31.371663393467767, 29.994399015025984 ] ] ] } },
{ "type": "Feature", "properties": { "area_m2": 250000.0, "zone_code": "NSR-GRID-409" }, "geometry": { "type": "Polygon", "coordinates": [ [ [ 31.376154969888365, 29.994399015025984 ], [ 31.376154969888365, 29.998288977602268 ], [ 31.380646546308967, 29.998288977602268 ], [ 31.380646546308967, 29.994399015025984 ], [ 31.376154969888365, 29.994399015025984 ] ] ] } },
{ "type": "Feature", "properties": { "area_m2": 250000.0, "zone_code": "NSR-GRID-410" }, "geometry": { "type": "Polygon", "coordinates": [ [ [ 31.380646546308967, 29.994399015025984 ], [ 31.380646546308967, 29.998288977602268 ], [ 31.385138122729565, 29.998288977602268 ], [ 31.385138122729565, 29.994399015025984 ], [ 31.380646546308967, 29.994399015025984 ] ] ] } },
{ "type": "Feature", "properties": { "area_m2": 142261.0065379641, "zone_code": "NSR-GRID-411" }, "geometry": { "type": "Polygon", "coordinates": [ [ [ 31.371663393467767, 29.998288977602268 ], [ 31.371663393467767, 29.994399015025984 ], [ 31.369030453580805, 29.994399015025984 ], [ 31.3690788, 29.9961706 ], [ 31.3692132, 29.9981228 ], [ 31.369224019112167, 29.998288977602268 ], [ 31.371663393467767, 29.998288977602268 ] ] ] } },
{ "type": "Feature", "properties": { "area_m2": 510.08798174648933, "zone_code": "NSR-GRID-412" }, "geometry": { "type": "Polygon", "coordinates": [ [ [ 31.385138122729565, 29.994399015025984 ], [ 31.385580431261879, 29.994399015025984 ], [ 31.385138122729565, 29.994237815841501 ], [ 31.385138122729565, 29.994399015025984 ] ] ] } },
{ "type": "Feature", "properties": { "area_m2": 63105.702941071424, "zone_code": "NSR-GRID-413" }, "geometry": { "type": "Polygon", "coordinates": [ [ [ 31.380646546308967, 29.994399015025984 ], [ 31.385138122729565, 29.994399015025984 ], [ 31.385138122729565, 29.994237815841501 ], [ 31.3821193, 29.9931376 ], [ 31.380646546308967, 29.9925870657483 ], [ 31.380646546308967, 29.994399015025984 ] ] ] } },
{ "type": "Feature", "properties": { "area_m2": 169960.8067362594, "zone_code": "NSR-GRID-414" }, "geometry": { "type": "Polygon", "coordinates": [ [ [ 31.376154969888365, 29.994399015025984 ], [ 31.380646546308967, 29.994399015025984 ], [ 31.380646546308967, 29.9925870657483 ], [ 31.3766733, 29.9911018 ], [ 31.376154969888365, 29.991026025874007 ], [ 31.376154969888365, 29.994399015025984 ] ] ] } },
{ "type": "Feature", "properties": { "area_m2": 104938.18824975044, "zone_code": "NSR-GRID-415" }, "geometry": { "type": "Polygon", "coordinates": [ [ [ 31.371663393467767, 29.994399015025984 ], [ 31.371663393467767, 29.990845061595774 ], [ 31.3701475, 29.9913791 ], [ 31.3690002, 29.9932904 ], [ 31.369030453580805, 29.994399015025984 ], [ 31.371663393467767, 29.994399015025984 ] ] ] } },
{ "type": "Feature", "properties": { "area_m2": 234618.93233996653, "zone_code": "NSR-GRID-416" }, "geometry": { "type": "Polygon", "coordinates": [ [ [ 31.371663393467767, 29.994399015025984 ], [ 31.376154969888365, 29.994399015025984 ], [ 31.376154969888365, 29.991026025874007 ], [ 31.3726176, 29.9905089 ], [ 31.371663393467767, 29.990845061595774 ], [ 31.371663393467767, 29.994399015025984 ] ] ] } }
]
}
